129 200037
129 200038
129 200041
129 200044
129 200045
129 200048
129 200051
129 200060
129 200076
129 200081
129 200096
129 200098
129 200102
129 200106
129 200114
129 200122
129 200123
129 200124
129 200125
129 200126
129 200130
129 200139
129 200155
129 200158
129 200163
129 200167
129 200170
129 200174
129 200185
129 200186
129 200190
129 200195
129 200199
129 200202
129 200204
129 200209
129 200213
129 200214
129 200228
129 200229
129 200239
129 200244
129 200247
129 200250
129 200257
129 200262
129 2
129 4
129 5
129 12
129 14
129 16
129 26
129 27
129 28
129 36
129 41
129 45
129 52
129 53
129 59
129 61
129 63
129 64
129 71
129 73
129 75
129 81
129 83
129 84
129 89
129 97
129 103
129 111
129 112
129 115
129 119
129 121
129 122
129 127
129 137
129 142
129 148
129 149
129 151
129 153
129 155
129 157
129 175
129 177
129 178
129 181
129 182
129 197
129 202
129 207
129 209
129 211
129 215
129 216
129 218
129 219
129 222
129 223
129 228
129 231
129 236
129 246
129 251
129 259
129 260
129 264
129 268
129 271
129 273
129 276
129 286
129 298
129 299
129 301
129 302
129 307
129 309
129 314
129 320
129 330
129 345
129 350
129 356
129 359
129 375
129 378
129 393
129 398
129 402
129 411
129 416
129 420
129 423
129 425
129 426
129 429
129 430
129 436
129 440
129 445
129 447
129 449
129 458
129 459
129 462
129 464
129 466
129 469
129 473
129 478
129 482
129 485
129 487
129 488
129 495
129 500
129 506
129 512
129 515
129 526
129 535
129 536
129 537
129 538
129 547
129 560
129 561
129 563
129 572
129 575
129 577
129 581
129 582
129 583
129 584
129 596
129 599
129 606
129 607
129 613
129 625
129 630
129 637
129 653
129 655
129 657
129 670
129 674
129 676
129 677
129 686
129 689
129 694
129 695
129 697
129 701
129 702
129 712
129 715
129 729
129 736
129 737
129 738
129 739
129 750
129 755
129 758
129 759
129 762
129 766
129 770
129 774
129 776
129 777
129 786
129 788
129 795
129 796
129 798
129 802
129 804
129 809
129 810
129 815
129 822
129 837
129 841
129 846
129 854
129 855
129 862
129 864
129 869
129 871
129 873
129 879
129 881
129 883
129 884
129 890
129 895
129 897
129 898
129 899
129 901
129 902
129 904
129 913
129 914
129 915
129 916
129 919
129 927
129 929
129 941
129 943
129 945
129 946
129 955
129 958
129 965
129 966
129 971
129 976
129 983
129 990
129 991
129 995
129 1007
129 1015
129 1019
129 1022
129 1023
129 1024
129 1033
129 1036
129 1043
129 1048
129 1066
129 1075
129 1081
129 1093
129 1095
129 1097
129 1099
129 1104
129 1114
129 1117
129 1119
129 1126
129 1127
129 1131
129 1132
129 1135
129 1138
129 1140
129 1141
129 1150
129 1157
129 1166
129 1167
129 1169
129 1170
129 1172
129 1174
129 1175
129 1182
129 1188
129 1189
129 1190
129 1194
129 1198
129 1199
129 1206
129 1209
129 1210
129 1212
129 1215
129 1221
129 1224
129 1225
129 1226
129 1232
129 1238
129 1247
129 1250
129 1252
129 1255
129 1258
129 1260
129 1262
129 1264
129 1267
129 1269
129 1279
129 1286
129 1288
129 1294
129 1300
129 1304
129 1311
129 1312
129 1313
129 1319
129 1320
129 1322
129 1324
129 1335
129 1338
129 1339
129 1341
129 1343
129 1349
129 1351
129 1362
129 1367
129 1373
129 1379
129 1390
129 1391
129 1395
129 1399
129 1400
129 1411
129 1413
129 1415
129 1416
129 1417
129 1426
129 1440
129 1441
129 1442
129 1447
129 1450
129 1457
129 1460
129 1469
129 1470
129 1471
129 1476
129 1477
129 1487
129 1488
129 1491
129 1493
129 1499
129 1502
129 1503
129 1511
129 1512
129 1513
129 1514
129 1515
129 1517
129 1525
129 1526
129 1529
129 1533
129 1536
129 1543
129 1544
129 1557
129 1561
129 1564
129 1565
129 1577
129 1578
129 1585
129 1590
129 1592
129 1595
129 1605
129 1611
129 1622
129 1628
129 1629
129 1631
129 1638
129 1639
129 1644
129 1646
129 1651
129 1657
129 1668
129 1672
129 1676
129 1692
129 1695
129 1697
129 1701
129 1710
129 1711
129 1716
129 1717
129 1721
129 1722
129 1731
129 1743
129 1745
129 1747
129 1752
129 1753
129 1762
129 1765
129 1767
129 1772
129 1778
129 1781
129 1782
129 1783
129 1789
129 1790
129 1795
129 1799
129 1804
129 1806
129 1807
129 1819
129 1827
129 1830
129 1833
129 1841
129 1842
129 1843
129 1851
129 1853
129 1855
129 1859
129 1862
129 1868
129 1876
129 1882
129 1884
129 1886
129 1889
129 1896
129 1897
129 1899
129 1901
129 1902
129 1907
129 1914
129 1919
129 1925
129 1930
129 1931
129 1932
129 1937
129 1938
129 1940
129 1945
129 1952
129 1956
129 1957
129 1967
129 1970
129 1972
129 1974
129 1978
129 1981
129 1982
129 1991
129 1992
129 1996
129 2001
129 2005
129 2007
129 2008
129 2017
129 2020
129 2025
129 2031
129 2034
129 2036
129 2038
129 2040
129 2044
129 2047
129 2049
129 2051
129 2057
129 2067
129 2068
129 2072
129 2074
129 2080
129 2086
129 2091
129 2092
129 2095
129 2096
129 2100
129 2101
129 2107
129 2112
129 2123
129 2131
129 2148
129 2149
129 2153
129 2158
129 2160
129 2168
129 2186
129 2196
129 2206
129 2213
129 2225
129 2229
129 2239
129 2253
129 2262
129 2263
129 2266
129 2275
129 2278
129 2279
129 2282
129 2283
129 2285
129 2289
129 2290
129 2298
129 2306
129 2329
129 2331
129 2332
129 2336
129 2337
129 2339
129 2340
129 2341
129 2344
129 2345
129 2349
129 2351
129 2354
129 2355
129 2358
129 2371
129 2372
129 2386
129 2389
129 2391
129 2393
129 2400
129 2408
129 2410
129 2415
129 2419
129 2426
129 2430
129 2431
129 2432
129 2438
129 2442
129 2446
129 2456
129 2466
129 2467
129 2468
129 2471
129 2473
129 2478
129 2483
129 2485
129 2503
129 2508
129 2509
129 2520
129 2525
129 2547
129 2549
129 2550
129 2552
129 2563
129 2564
129 2571
129 2573
129 2575
129 2581
129 2587
129 2589
129 2592
129 2596
129 2604
129 2607
129 2608
129 2620
129 2622
129 2630
129 2642
129 2643
129 2651
129 2653
129 2654
129 2656
129 2658
129 2660
129 2666
129 2671
129 2673
129 2677
129 2681
129 2691
129 2693
129 2696
129 2697
129 2707
129 2727
129 2729
129 2730
129 2731
129 2734
129 2737
129 2745
129 2749
129 2754
129 2758
129 2759
129 2760
129 2767
129 2771
129 2776
129 2777
129 2784
129 2790
129 2791
129 2798
129 2803
129 2811
129 2815
129 2818
129 2825
129 2837
129 2839
129 2843
129 2844
129 2849
129 2850
129 2852
129 2854
129 2860
129 2864
129 2866
129 2871
129 2872
129 2877
129 2906
129 2909
129 2912
129 2920
129 2921
129 2923
129 2926
129 2941
129 2946
129 2948
129 2953
129 2956
129 2960
129 2964
129 2966
129 2970
129 2972
129 2980
129 2982
129 2983
129 2987
129 2992
129 2993
129 2995
129 2996
129 2999
129 3000
129 3003
129 3005
129 3010
129 3013
129 3019
129 3023
129 3027
129 3033
129 3035
129 3040
129 3041
129 3042
129 3050
129 3052
129 3055
129 3056
129 3057
129 3059
129 3060
129 3063
129 3067
129 3072
129 3080
129 3083
129 3085
129 3088
129 3091
129 3094
129 3095
129 3097
129 3099
129 3103
129 3112
129 3116
129 3120
129 3121
129 3127
129 3133
129 3135
129 3137
129 3145
129 3161
129 3163
129 3167
129 3172
129 3175
129 3183
129 3189
129 3194
129 3196
129 3201
129 3202
129 3206
129 3213
129 3219
129 3231
129 3232
129 3234
129 3236
129 3244
129 3247
129 3248
129 3250
129 3251
129 3253
129 3265
129 3267
129 3274
129 3275
129 3278
129 3282
129 3290
129 3292
129 3301
129 3305
129 3307
129 3308
129 3314
129 3325
129 3330
129 3331
129 3337
129 3341
129 3349
129 3351
129 3364
129 3367
129 3375
129 3384
129 3386
129 3389
129 3390
129 3393
129 3412
129 3413
129 3414
129 3416
129 3418
129 3431
129 3433
129 3435
129 3440
129 3446
129 3447
129 3453
129 3461
129 3464
129 3466
129 3477
129 3480
129 3488
129 3497
129 3498
129 3499
129 3504
129 3507
129 3516
129 3520
129 3521
129 3533
129 3534
129 3542
129 3556
129 3560
129 3566
129 3569
129 3574
129 3577
129 3582
129 3594
129 3608
129 3623
129 3625
129 3633
129 3637
129 3640
129 3641
129 3642
129 3643
129 3648
129 3650
129 3651
129 3662
129 3669
129 3670
129 3684
129 3685
129 3698
129 3699
129 3701
129 3706
129 3717
129 3737
129 3739
129 3744
129 3750
129 3758
129 3760
129 3766
129 3767
129 3774
129 3781
129 3782
129 3784
129 3785
129 3792
129 3794
129 3796
129 3813
129 3822
129 3825
129 3826
129 3829
129 3830
129 3842
129 3843
129 3847
129 3867
129 3877
129 3880
129 3889
129 3893
129 3899
129 3901
129 3908
129 3917
129 3919
129 3926
129 3933
129 3941
129 3945
129 3946
129 3952
129 3960
129 3969
129 3975
129 3979
129 3981
129 3983
129 3985
129 3990
129 3996
129 3998
129 3999
129 4001
129 4002
129 4006
129 4011
129 4012
129 4014
129 4017
129 4018
129 4020
129 4021
129 4025
129 4029
129 4030
129 4039
129 4041
129 4045
129 4055
129 4057
129 4058
129 4067
129 4071
129 4074
129 4075
129 4076
129 4078
129 4081
129 4086
129 4092
129 4098
129 4100
129 4101
129 4109
129 4111
129 4112
129 4117
129 4118
129 4119
129 4121
129 4124
129 4127
129 4141
129 4144
129 4145
129 4151
129 4153
129 4156
129 4158
129 4166
129 4173
129 4179
129 4180
129 4181
129 4184
129 4193
129 4196
129 4201
129 4206
129 4210
129 4216
129 4217
129 4226
129 4228
129 4241
129 4246
129 4249
129 4255
129 4263
129 4271
129 4273
129 4275
129 4276
129 4287
129 4295
129 4300
129 4307
129 4313
129 4320
129 4323
129 4336
129 4337
129 4339
129 4345
129 4346
129 4350
129 4351
129 4356
129 4358
129 4360
129 4361
129 4368
129 4370
129 4371
129 4372
129 4381
129 4387
129 4392
129 4395
129 4401
129 4402
129 4404
129 4405
129 4406
129 4407
129 4408
129 4410
129 4413
129 4417
129 4443
129 4447
129 4451
129 4454
129 4459
129 4460
129 4468
129 4469
129 4471
129 4473
129 4474
129 4480
129 4486
129 4489
129 4493
129 4495
129 4507
129 4516
129 4533
129 4534
129 4542
129 4543
129 4545
129 4551
129 4552
129 4553
129 4556
129 4557
129 4558
129 4560
129 4563
129 4564
129 4566
129 4567
129 4574
129 4575
129 4577
129 4582
129 4585
129 4594
129 4602
129 4605
129 4606
129 4608
129 4614
129 4618
129 4622
129 4625
129 4635
129 4636
129 4637
129 4638
129 4642
129 4644
129 4647
129 4648
129 4656
129 4657
129 4660
129 4662
129 4676
129 4681
129 4685
129 4693
129 4699
129 4707
129 4708
129 4710
129 4713
129 4717
129 4725
129 4726
129 4734
129 4742
129 4743
129 4748
129 4751
129 4757
129 4759
129 4772
129 4779
129 4784
129 4786
129 4787
129 4788
129 4793
129 4803
129 4804
129 4810
129 4821
129 4827
129 4834
129 4845
129 4850
129 4854
129 4857
129 4860
129 4862
129 4865
129 4874
129 4893
129 4898
129 4902
129 4912
129 4913
129 4914
129 4917
129 4921
129 4925
129 4930
129 4931
129 4932
129 4935
129 4938
129 4941
129 4947
129 4948
129 4950
129 4956
129 4957
129 4959
129 4971
129 4977
129 4983
129 4990
129 4992
129 4994
129 4997
129 5009
129 5011
129 5022
129 5023
129 5024
129 5025
129 5028
129 5038
129 5045
129 5055
129 5057
129 5058
129 5067
129 5072
129 5080
129 5093
129 5099
129 5102
129 5104
129 5120
129 5126
129 5139
129 5140
129 5141
129 5147
129 5150
129 5151
129 5152
129 5162
129 5168
129 5173
129 5174
129 5175
129 5177
129 5181
129 5186
129 5194
129 5200
129 5209
129 5210
129 5211
129 5214
129 5219
129 5223
129 5226
129 5230
129 5237
129 5249
129 5252
129 5253
129 5262
129 5267
129 5274
129 5280
129 5285
129 5290
129 5292
129 5300
129 5313
129 5315
129 5319
129 5321
129 5323
129 5329
129 5332
129 5337
129 5340
129 5341
129 5351
129 5354
129 5369
129 5374
129 5379
129 5380
129 5381
129 5382
129 5384
129 5390
129 5400
129 5405
129 5407
129 5408
129 5409
129 5411
129 5412
129 5435
129 5440
129 5441
129 5442
129 5444
129 5452
129 5453
129 5455
129 5456
129 5459
129 5463
129 5466
129 5470
129 5477
129 5490
129 5494
129 5500
129 5501
129 5507
129 5512
129 5514
129 5518
129 5527
129 5537
129 5538
129 5545
129 5559
129 5566
129 5573
129 5578
129 5581
129 5588
129 5596
129 5606
129 5608
129 5613
129 5616
129 5624
129 5656
129 5665
129 5670
129 5672
129 5677
129 5678
129 5685
129 5686
129 5690
129 5696
129 5702
129 5703
129 5704
129 5705
129 5709
129 5712
129 5727
129 5729
129 5734
129 5736
129 5741
129 5747
129 5751
129 5753
129 5765
129 5772
129 5775
129 5780
129 5784
129 5787
129 5789
129 5790
129 5791
129 5794
129 5801
129 5804
129 5805
129 5808
129 5811
129 5814
129 5815
129 5816
129 5824
129 5827
129 5838
129 5840
129 5843
129 5845
129 5861
129 5870
129 5872
129 5876
129 5880
129 5881
129 5884
129 5898
129 5908
129 5909
129 5916
129 5928
129 5934
129 5936
129 5939
129 5941
129 5942
129 5943
129 5947
129 5957
129 5959
129 5967
129 5968
129 5969
129 5974
129 5977
129 5983
129 5999
129 6005
129 6008
129 6011
129 6017
129 6023
129 6024
129 6027
129 6034
129 6039
129 6047
129 6048
129 6049
129 6050
129 6053
129 6063
129 6065
129 6071
129 6074
129 6087
129 6096
129 6103
129 6111
129 6113
129 6120
129 6127
129 6134
129 6138
129 6142
129 6145
129 6149
129 6150
129 6156
129 6166
129 6167
129 6171
129 6174
129 6176
129 6177
129 6178
129 6183
129 6185
129 6187
129 6192
129 6198
129 6199
129 6203
129 6205
129 6206
129 6217
129 6226
129 6232
129 6233
129 6239
129 6244
129 6253
129 6257
129 6258
129 6260
129 6264
129 6267
129 6272
129 6284
129 6285
129 6290
129 6305
129 6309
129 6310
129 6313
129 6318
129 6320
129 6323
129 6330
129 6331
129 6337
129 6343
129 6347
129 6349
129 6351
129 6354
129 6356
129 6358
129 6367
129 6369
129 6373
129 6374
129 6381
129 6383
129 6386
129 6387
129 6389
129 6395
129 6397
129 6398
129 6401
129 6413
129 6414
129 6416
129 6422
129 6426
129 6427
129 6433
129 6434
129 6451
129 6454
129 6455
129 6468
129 6469
129 6471
129 6474
129 6477
129 6479
129 6480
129 6481
129 6485
129 6486
129 6490
129 6493
129 6497
129 6498
129 6499
129 6501
129 6521
129 6527
129 6530
129 6532
129 6537
129 6539
129 6547
129 6549
129 6552
129 6554
129 6558
129 6559
129 6560
129 6564
129 6568
129 6571
129 6572
129 6576
129 6579
129 6591
129 6596
129 6604
129 6605
129 6615
129 6616
129 6622
129 6627
129 6632
129 6659
129 6665
129 6667
129 6686
129 6689
129 6696
129 6697
129 6700
129 6704
129 6709
129 6713
129 6715
129 6716
129 6718
129 6719
129 6725
129 6726
129 6730
129 6731
129 6737
129 6739
129 6743
129 6744
129 6756
129 6757
129 6767
129 6769
129 6771
129 6773
129 6776
129 6778
129 6781
129 6784
129 6785
129 6787
129 6792
129 6805
129 6814
129 6819
129 6820
129 6821
129 6822
129 6829
129 6830
129 6831
129 6835
129 6837
129 6839
129 6841
129 6843
129 6850
129 6861
129 6863
129 6870
129 6872
129 6876
129 6878
129 6879
129 6880
129 6883
129 6893
129 6901
129 6902
129 6905
129 6908
129 6911
129 6914
129 6915
129 6919
129 6932
129 6933
129 6940
129 6944
129 6946
129 6948
129 6952
129 6955
129 6958
129 6963
129 6968
129 6971
129 6974
129 6980
129 6986
129 6992
129 6999
129 7001
129 7011
129 7013
129 7015
129 7020
129 7022
129 7023
129 7028
129 7029
129 7039
129 7040
129 7041
129 7042
129 7051
129 7056
129 7065
129 7067
129 7069
129 7071
129 7080
129 7089
129 7099
129 7103
129 7111
129 7119
129 7120
129 7126
129 7128
129 7131
129 7136
129 7137
129 7157
129 7161
129 7165
129 7173
129 7175
129 7177
129 7182
129 7186
129 7192
129 7193
129 7201
129 7202
129 7207
129 7209
129 7228
129 7229
129 7232
129 7234
129 7245
129 7247
129 7262
129 7267
129 7269
129 7270
129 7271
129 7272
129 7285
129 7290
129 7291
129 7294
129 7300
129 7301
129 7313
129 7317
129 7318
129 7321
129 7326
129 7332
129 7333
129 7336
129 7337
129 7338
129 7340
129 7348
129 7353
129 7356
129 7372
129 7380
129 7381
129 7384
129 7389
129 7390
129 7403
129 7404
129 7405
129 7422
129 7425
129 7432
129 7433
129 7436
129 7441
129 7445
129 7447
129 7452
129 7453
129 7457
129 7460
129 7465
129 7485
129 7498
129 7499
129 7500
129 7503
129 7504
129 7506
129 7524
129 7525
129 7527
129 7528
129 7530
129 7536
129 7539
129 7542
129 7545
129 7547
129 7548
129 7550
129 7554
129 7566
129 7567
129 7568
129 7571
129 7582
129 7585
129 7593
129 7594
129 7601
129 7605
129 7607
129 7612
129 7614
129 7618
129 7624
129 7627
129 7637
129 7645
129 7652
129 7656
129 7658
129 7663
129 7664
129 7674
129 7676
129 7678
129 7679
129 7684
129 7685
129 7700
129 7709
129 7714
129 7718
129 7720
129 7729
129 7733
129 7736
129 7739
129 7741
129 7743
129 7751
129 7754
129 7757
129 7758
129 7759
129 7760
129 7762
129 7765
129 7769
129 7770
129 7773
129 7774
129 7776
129 7777
129 7779
129 7781
129 7794
129 7799
129 7803
129 7817
129 7820
129 7827
129 7830
129 7834
129 7843
129 7845
129 7854
129 7857
129 7858
129 7859
129 7864
129 7868
129 7873
129 7877
129 7879
129 7883
129 7890
129 7893
129 7899
129 7900
129 7902
129 7913
129 7917
129 7920
129 7933
129 7946
129 7948
129 7949
129 7953
129 7956
129 7957
129 7961
129 7962
129 7963
129 7964
129 7965
129 7969
129 7976
129 7991
129 7993
129 7995
129 7997
129 7999
129 8000
129 8002
129 8009
129 8010
129 8011
129 8015
129 8016
129 8023
129 8027
129 8028
129 8043
129 8050
129 8055
129 8058
129 8061
129 8063
129 8065
129 8074
129 8076
129 8077
129 8089
129 8092
129 8095
129 8099
129 8102
129 8106
129 8108
129 8112
129 8120
129 8135
129 8139
129 8141
129 8142
129 8152
129 8153
129 8162
129 8170
129 8173
129 8174
129 8177
129 8194
129 8198
129 8200
129 8201
129 8207
129 8212
129 8214
129 8216
129 8229
129 8230
129 8240
129 8249
129 8251
129 8253
129 8258
129 8261
129 8263
129 8264
129 8275
129 8277
129 8279
129 8280
129 8282
129 8283
129 8287
129 8293
129 8294
129 8311
129 8312
129 8320
129 8329
129 8331
129 8336
129 8344
129 8349
129 8351
129 8357
129 8358
129 8361
129 8365
129 8371
129 8373
129 8386
129 8387
129 8389
129 8390
129 8398
129 8400
129 8401
129 8405
129 8406
129 8411
129 8414
129 8415
129 8418
129 8421
129 8424
129 8433
129 8436
129 8441
129 8443
129 8448
129 8452
129 8453
129 8461
129 8463
129 8470
129 8472
129 8474
129 8475
129 8480
129 8481
129 8482
129 8486
129 8491
129 8493
129 8494
129 8495
129 8497
129 8503
129 8506
129 8510
129 8511
129 8524
129 8526
129 8530
129 8533
129 8536
129 8537
129 8538
129 8542
129 8553
129 8555
129 8562
129 8563
129 8564
129 8565
129 8572
129 8576
129 8578
129 8588
129 8597
129 8604
129 8607
129 8617
129 8629
129 8632
129 8648
129 8653
129 8661
129 8671
129 8673
129 8676
129 8679
129 8681
129 8682
129 8686
129 8690
129 8692
129 8701
129 8703
129 8706
129 8707
129 8710
129 8713
129 8723
129 8728
129 8733
129 8736
129 8750
129 8751
129 8756
129 8770
129 8772
129 8776
129 8777
129 8787
129 8794
129 8800
129 8807
129 8810
129 8812
129 8816
129 8817
129 8822
129 8823
129 8824
129 8839
129 8842
129 8849
129 8859
129 8866
129 8867
129 8868
129 8873
129 8875
129 8879
129 8893
129 8895
129 8896
129 8900
129 8901
129 8904
129 8907
129 8909
129 8914
129 8920
129 8925
129 8926
129 8929
129 8935
129 8940
129 8947
129 8948
129 8959
129 8966
129 8968
129 8974
129 8979
129 8986
129 8988
129 8994
129 8995
129 8999
129 9002
129 9011
129 9021
129 9022
129 9024
129 9032
129 9035
129 9037
129 9038
129 9054
129 9060
129 9066
129 9072
129 9074
129 9075
129 9076
129 9082
129 9086
129 9087
129 9090
129 9092
129 9093
129 9105
129 9110
129 9112
129 9119
129 9122
129 9129
129 9130
129 9136
129 9143
129 9147
129 9151
129 9152
129 9160
129 9163
129 9172
129 9174
129 9176
129 9184
129 9194
129 9198
129 9201
129 9202
129 9208
129 9221
129 9223
129 9230
129 9232
129 9235
129 9236
129 9238
129 9239
129 9245
129 9249
129 9252
129 9257
129 9260
129 9264
129 9270
129 9277
129 9281
129 9283
129 9299
129 9302
129 9303
129 9304
129 9321
129 9323
129 9330
129 9332
129 9333
129 9334
129 9335
129 9337
129 9344
129 9345
129 9347
129 9349
129 9358
129 9361
129 9363
129 9364
129 9365
129 9368
129 9370
129 9371
129 9387
129 9395
129 9396
129 9397
129 9398
129 9400
129 9405
129 9406
129 9407
129 9410
129 9416
129 9418
129 9423
129 9432
129 9434
129 9445
129 9447
129 9448
129 9450
129 9456
129 9458
129 9459
129 9462
129 9463
129 9464
129 9465
129 9471
129 9472
129 9475
129 9484
129 9487
129 9492
129 9502
129 9504
129 9508
129 9511
129 9513
129 9514
129 9525
129 9527
129 9528
129 9529
129 9532
129 9534
129 9539
129 9541
129 9545
129 9546
129 9547
129 9548
129 9551
129 9557
129 9574
129 9586
129 9587
129 9589
129 9594
129 9595
129 9598
129 9603
129 9604
129 9605
129 9607
129 9613
129 9614
129 9616
129 9621
129 9629
129 9631
129 9634
129 9638
129 9645
129 9646
129 9654
129 9662
129 9668
129 9670
129 9672
129 9677
129 9686
129 9687
129 9698
129 9699
129 9703
129 9709
129 9711
129 9714
129 9722
129 9727
129 9729
129 9730
129 9731
129 9735
129 9742
129 9746
129 9750
129 9758
129 9760
129 9779
129 9780
129 9781
129 9783
129 9784
129 9789
129 9791
129 9796
129 9800
129 9805
129 9806
129 9809
129 9812
129 9813
129 9820
129 9821
129 9827
129 9832
129 9840
129 9842
129 9846
129 9854
129 9862
129 9867
129 9869
129 9876
129 9877
129 9885
129 9903
129 9912
129 9916
129 9918
129 9923
129 9925
129 9932
129 9933
129 9934
129 9935
129 9937
129 9942
129 9943
129 9952
129 9954
129 9959
129 9960
129 9968
129 9980
129 9989
129 9990
129 10006
129 10011
129 10025
129 10032
129 10035
129 10037
129 10041
129 10048
129 10049
129 10050
129 10053
129 10054
129 10057
129 10058
129 10061
129 10065
129 10072
129 10077
129 10080
129 10086
129 10096
129 10097
129 10106
129 10108
129 10114
129 10116
129 10117
129 10123
129 10124
129 10125
129 10130
129 10132
129 10134
129 10137
129 10140
129 10141
129 10144
129 10147
129 10149
129 10150
129 10164
129 10165
129 10170
129 10174
129 10176
129 10178
129 10179
129 10184
129 10185
129 10187
129 10191
129 10204
129 10206
129 10210
129 10212
129 10217
129 10222
129 10224
129 10226
129 10227
129 10238
129 10240
129 10243
129 10249
129 10257
129 10262
129 10267
129 10273
129 10276
129 10278
129 10283
129 10287
129 10290
129 10295
129 10297
129 10298
129 10301
129 10313
129 10320
129 10324
129 10330
129 10337
129 10342
129 10345
129 10356
129 10359
129 10372
129 10375
129 10376
129 10379
129 10380
129 10386
129 10389
129 10390
129 10396
129 10400
129 10403
129 10408
129 10412
129 10414
129 10415
129 10419
129 10422
129 10425
129 10427
129 10437
129 10450
129 10455
129 10458
129 10460
129 10463
129 10466
129 10467
129 10469
129 10470
129 10478
129 10479
129 10480
129 10484
129 10487
129 10490
129 10491
129 10494
129 10498
129 10499
129 10502
129 10503
129 10505
129 10509
129 10513
129 10515
129 10517
129 10520
129 10522
129 10526
129 10532
129 10539
129 10546
129 10549
129 10554
129 10557
129 10561
129 10565
129 10568
129 10570
129 10582
129 10583
129 10592
129 10593
129 10598
129 10601
129 10603
129 10606
129 10607
129 10609
129 10610
129 10611
129 10613
129 10616
129 10625
129 10631
129 10640
129 10642
129 10644
129 10646
129 10651
129 10657
129 10669
129 10674
129 10677
129 10684
129 10685
129 10697
129 10703
129 10704
129 10709
129 10719
129 10722
129 10727
129 10729
129 10730
129 10735
129 10737
129 10742
129 10744
129 10747
129 10749
129 10751
129 10756
129 10763
129 10772
129 10773
129 10774
129 10784
129 10785
129 10787
129 10796
129 10799
129 10804
129 10807
129 10811
129 10813
129 10820
129 10825
129 10834
129 10836
129 10840
129 10857
129 10858
129 10866
129 10869
129 10870
129 10873
129 10877
129 10878
129 10881
129 10891
129 10899
129 10907
129 10909
129 10910
129 10911
129 10913
129 10920
129 10925
129 10929
129 10932
129 10933
129 10935
129 10937
129 10938
129 10942
129 10949
129 10950
129 10951
129 10956
129 10962
129 10963
129 10966
129 10974
129 10975
129 10980
129 10982
129 10983
129 10991
129 10996
129 10999
129 11001
129 11010
129 11012
129 11015
129 11030
129 11042
129 11045
129 11046
129 11053
129 11056
129 11057
129 11060
129 11062
129 11065
129 11077
129 11080
129 11084
129 11085
129 11087
129 11088
129 11089
129 11090
129 11091
129 11095
129 11099
129 11103
129 11105
129 11109
129 11112
129 11113
129 11114
129 11122
129 11123
129 11131
129 11133
129 11137
129 11138
129 11140
129 11149
129 11151
129 11153
129 11159
129 11160
129 11161
129 11163
129 11167
129 11169
129 11175
129 11176
129 11187
129 11188
129 11189
129 11193
129 11197
129 11199
129 11200
129 11206
129 11207
129 11208
129 11212
129 11220
129 11226
129 11228
129 11231
129 11233
129 11235
129 11239
129 11245
129 11268
129 11271
129 11272
129 11280
129 11281
129 11284
129 11293
129 11294
129 11295
129 11296
129 11300
129 11303
129 11304
129 11311
129 11313
129 11315
129 11320
129 11327
129 11330
129 11334
129 11336
129 11338
129 11341
129 11344
129 11357
129 11365
129 11369
129 11371
129 11380
129 11388
129 11392
129 11395
129 11401
129 11411
129 11420
129 11422
129 11424
129 11429
129 11431
129 11436
129 11437
129 11438
129 11439
129 11450
129 11461
129 11466
129 11471
129 11473
129 11474
129 11477
129 11481
129 11485
129 11487
129 11489
129 11492
129 11493
129 11495
129 11498
129 11510
129 11525
129 11528
129 11533
129 11534
129 11535
129 11538
129 11541
129 11544
129 11552
129 11554
129 11555
129 11558
129 11559
129 11560
129 11578
129 11579
129 11596
129 11600
129 11603
129 11608
129 11609
129 11615
129 11627
129 11629
129 11630
129 11634
129 11641
129 11643
129 11647
129 11648
129 11649
129 11650
129 11654
129 11655
129 11669
129 11670
129 11672
129 11675
129 11680
129 11682
129 11684
129 11697
129 11702
129 11707
129 11708
129 11713
129 11715
129 11716
129 11717
129 11721
129 11724
129 11727
129 11735
129 11748
129 11750
129 11753
129 11758
129 11775
129 11776
129 11777
129 11784
129 11790
129 11792
129 11795
129 11799
129 11801
129 11804
129 11826
129 11847
129 11854
129 11858
129 11861
129 11865
129 11866
129 11870
129 11875
129 11880
129 11881
129 11883
129 11887
129 11888
129 11889
129 11894
129 11895
129 11904
129 11906
129 11907
129 11919
129 11922
129 11929
129 11945
129 11946
129 11948
129 11949
129 11954
129 11971
129 11976
129 11977
129 11978
129 11980
129 11984
129 11995
129 11999
129 12001
129 12007
129 12008
129 12011
129 12012
129 12014
129 12017
129 12030
129 12033
129 12035
129 12036
129 12047
129 12052
129 12056
129 12062
129 12065
129 12069
129 12071
129 12077
129 12081
129 12082
129 12101
129 12106
129 12109
129 12110
129 12119
129 12121
129 12122
129 12127
129 12128
129 12130
129 12137
129 12141
129 12154
129 12155
129 12160
129 12164
129 12173
129 12174
129 12185
129 12188
129 12195
129 12196
129 12198
129 12203
129 12219
129 12221
129 12223
129 12228
129 12229
129 12235
129 12245
129 12246
129 12250
129 12257
129 12260
129 12263
129 12269
129 12272
129 12278
129 12282
129 12284
129 12285
129 12293
129 12296
129 12300
129 12302
129 12303
129 12308
129 12310
129 12314
129 12315
129 12319
129 12320
129 12322
129 12323
129 12326
129 12327
129 12329
129 12338
129 12339
129 12342
129 12344
129 12345
129 12354
129 12356
129 12358
129 12359
129 12360
129 12362
129 12382
129 12383
129 12386
129 12392
129 12394
129 12399
129 12406
129 12407
129 12408
129 12410
129 12413
129 12415
129 12417
129 12418
129 12423
129 12425
129 12430
129 12432
129 12433
129 12434
129 12435
129 12440
129 12442
129 12446
129 12449
129 12450
129 12453
129 12458
129 12471
129 12474
129 12480
129 12495
129 12497
129 12500
129 12502
129 12508
129 12509
129 12514
129 12519
129 12524
129 12530
129 12531
129 12532
129 12535
129 12538
129 12540
129 12541
129 12549
129 12558
129 12559
129 12580
129 12591
129 12595
129 12600
129 12603
129 12604
129 12606
129 12608
129 12613
129 12616
129 12620
129 12623
129 12626
129 12637
129 12638
129 12642
129 12643
129 12644
129 12649
129 12655
129 12663
129 12667
129 12677
129 12682
129 12685
129 12686
129 12687
129 12688
129 12690
129 12705
129 12707
129 12709
129 12715
129 12716
129 12718
129 12722
129 12723
129 12724
129 12728
129 12729
129 12736
129 12740
129 12745
129 12751
129 12752
129 12753
129 12764
129 12766
129 12768
129 12781
129 12786
129 12789
129 12794
129 12795
129 12799
129 12809
129 12811
129 12814
129 12825
129 12827
129 12829
129 12841
129 12844
129 12848
129 12864
129 12865
129 12876
129 12881
129 12892
129 12896
129 12906
129 12907
129 12912
129 12921
129 12923
129 12935
129 12939
129 12941
129 12944
129 12950
129 12951
129 12952
129 12961
129 12971
129 12975
129 12977
129 12978
129 12980
129 12981
129 12989
129 12991
129 12996
129 12998
129 13003
129 13004
129 13005
129 13011
129 13015
129 13020
129 13030
129 13043
129 13046
129 13052
129 13055
129 13057
129 13058
129 13063
129 13066
129 13067
129 13072
129 13073
129 13081
129 13084
129 13090
129 13092
129 13094
129 13095
129 13097
129 13102
129 13103
129 13104
129 13108
129 13109
129 13111
129 13116
129 13119
129 13133
129 13136
129 13138
129 13143
129 13146
129 13168
129 13170
129 13171
129 13173
129 13182
129 13184
129 13188
129 13194
129 13206
129 13207
129 13212
129 13213
129 13214
129 13215
129 13222
129 13230
129 13232
129 13233
129 13235
129 13238
129 13243
129 13248
129 13251
129 13265
129 13266
129 13269
129 13270
129 13278
129 13279
129 13284
129 13285
129 13287
129 13288
129 13289
129 13290
129 13305
129 13306
129 13308
129 13309
129 13318
129 13319
129 13320
129 13324
129 13331
129 13338
129 13339
129 13346
129 13351
129 13356
129 13361
129 13370
129 13385
129 13389
129 13393
129 13399
129 13402
129 13422
129 13436
129 13438
129 13439
129 13442
129 13451
129 13456
129 13462
129 13466
129 13473
129 13484
129 13487
129 13497
129 13507
129 13508
129 13514
129 13516
129 13521
129 13522
129 13524
129 13529
129 13532
129 13537
129 13540
129 13543
129 13549
129 13550
129 13557
129 13582
129 13583
129 13593
129 13596
129 13598
129 13600
129 13606
129 13609
129 13615
129 13620
129 13621
129 13627
129 13628
129 13636
129 13637
129 13638
129 13644
129 13645
129 13651
129 13662
129 13664
129 13667
129 13668
129 13669
129 13670
129 13676
129 13677
129 13681
129 13686
129 13689
129 13692
129 13693
129 13694
129 13705
129 13709
129 13726
129 13729
129 13732
129 13736
129 13745
129 13749
129 13752
129 13760
129 13762
129 13763
129 13772
129 13780
129 13785
129 13790
129 13795
129 13818
129 13820
129 13827
129 13828
129 13844
129 13850
129 13852
129 13853
129 13864
129 13866
129 13873
129 13877
129 13880
129 13884
129 13890
129 13891
129 13892
129 13894
129 13900
129 13908
129 13910
129 13915
129 13917
129 13919
129 13920
129 13931
129 13936
129 13937
129 13939
129 13945
129 13965
129 13985
129 13995
129 14006
129 14010
129 14011
129 14015
129 14016
129 14018
129 14029
129 14037
129 14039
129 14043
129 14046
129 14047
129 14053
129 14056
129 14059
129 14075
129 14079
129 14081
129 14083
129 14088
129 14090
129 14093
129 14098
129 14100
129 14127
129 14128
129 14130
129 14131
129 14132
129 14135
129 14138
129 14145
129 14148
129 14151
129 14155
129 14156
129 14157
129 14162
129 14165
129 14167
129 14175
129 14178
129 14179
129 14193
129 14194
129 14195
129 14197
129 14201
129 14209
129 14214
129 14215
129 14216
129 14233
129 14235
129 14236
129 14242
129 14243
129 14249
129 14253
129 14267
129 14278
129 14280
129 14284
129 14287
129 14290
129 14293
129 14302
129 14311
129 14322
129 14325
129 14329
129 14333
129 14343
129 14352
129 14357
129 14362
129 14367
129 14371
129 14375
129 14380
129 14386
129 14392
129 14393
129 14397
129 14406
129 14409
129 14415
129 14422
129 14433
129 14435
129 14441
129 14449
129 14452
129 14454
129 14457
129 14459
129 14465
129 14477
129 14480
129 14490
129 14497
129 14502
129 14503
129 14508
129 14509
129 14512
129 14523
129 14532
129 14533
129 14537
129 14540
129 14542
129 14543
129 14545
129 14548
129 14564
129 14571
129 14575
129 14576
129 14578
129 14585
129 14586
129 14589
129 14595
129 14600
129 14608
129 14612
129 14614
129 14615
129 14621
129 14624
129 14628
129 14629
129 14630
129 14631
129 14633
129 14639
129 14642
129 14651
129 14658
129 14660
129 14661
129 14667
129 14674
129 14677
129 14680
129 14681
129 14686
129 14688
129 14689
129 14692
129 14694
129 14696
129 14699
129 14706
129 14714
129 14716
129 14717
129 14725
129 14735
129 14736
129 14746
129 14761
129 14766
129 14768
129 14776
129 14777
129 14780
129 14781
129 14782
129 14783
129 14786
129 14789
129 14790
129 14791
129 14793
129 14808
129 14822
129 14823
129 14824
129 14825
129 14838
129 14843
129 14845
129 14848
129 14852
129 14858
129 14861
129 14867
129 14872
129 14874
129 14875
129 14882
129 14887
129 14890
129 14892
129 14895
129 14896
129 14905
129 14907
129 14911
129 14912
129 14913
129 14915
129 14940
129 14949
129 14954
129 14959
129 14962
129 14965
129 14972
129 14973
129 14974
129 14976
129 14977
129 14978
129 14979
129 14986
129 14989
129 14994
129 14996
129 15001
129 15002
129 15004
129 15009
129 15016
129 15023
129 15024
129 15026
129 15028
129 15031
129 15034
129 15037
129 15040
129 15042
129 15047
129 15052
129 15061
129 15074
129 15075
129 15078
129 15082
129 15083
129 15084
129 15087
129 15090
129 15096
129 15110
129 15111
129 15119
129 15120
129 15126
129 15130
129 15133
129 15145
129 15148
129 15150
129 15152
129 15155
129 15159
129 15163
129 15166
129 15172
129 15178
129 15181
129 15182
129 15186
129 15189
129 15206
129 15210
129 15227
129 15229
129 15233
129 15236
129 15242
129 15254
129 15262
129 15267
129 15275
129 15284
129 15288
129 15289
129 15297
129 15298
129 15300
129 15311
129 15318
129 15319
129 15322
129 15323
129 15325
129 15334
129 15349
129 15352
129 15354
129 15356
129 15358
129 15359
129 15362
129 15373
129 15374
129 15376
129 15377
129 15381
129 15385
129 15386
129 15393
129 15398
129 15399
129 15400
129 15403
129 15407
129 15408
129 15423
129 15424
129 15427
129 15428
129 15441
129 15443
129 15447
129 15448
129 15452
129 15453
129 15456
129 15462
129 15467
129 15471
129 15475
129 15485
129 15487
129 15495
129 15496
129 15506
129 15509
129 15510
129 15517
129 15522
129 15524
129 15527
129 15543
129 15546
129 15552
129 15554
129 15562
129 15564
129 15569
129 15571
129 15572
129 15578
129 15588
129 15589
129 15590
129 15596
129 15597
129 15601
129 15604
129 15607
129 15608
129 15616
129 15621
129 15632
129 15635
129 15638
129 15640
129 15641
129 15644
129 15647
129 15651
129 15653
129 15655
129 15657
129 15659
129 15660
129 15665
129 15666
129 15669
129 15681
129 15683
129 15685
129 15686
129 15688
129 15692
129 15704
129 15709
129 15710
129 15713
129 15721
129 15732
129 15735
129 15736
129 15738
129 15740
129 15760
129 15761
129 15762
129 15763
129 15764
129 15768
129 15774
129 15776
129 15778
129 15780
129 15792
129 15793
129 15797
129 15800
129 15802
129 15810
129 15820
129 15822
129 15823
129 15831
129 15836
129 15838
129 15845
129 15846
129 15847
129 15853
129 15860
129 15863
129 15867
129 15872
129 15874
129 15878
129 15879
129 15880
129 15890
129 15894
129 15896
129 15898
129 15905
129 15907
129 15910
129 15917
129 15918
129 15920
129 15925
129 15934
129 15937
129 15939
129 15941
129 15943
129 15944
129 15954
129 15955
129 15959
129 15981
129 15982
129 15983
129 15986
129 15993
129 16000
129 16002
129 16004
129 16007
129 16013
129 16016
129 16018
129 16026
129 16031
129 16034
129 16037
129 16044
129 16045
129 16049
129 16058
129 16061
129 16062
129 16070
129 16071
129 16079
129 16084
129 16089
129 16090
129 16092
129 16095
129 16096
129 16098
129 16116
129 16117
129 16123
129 16137
129 16142
129 16146
129 16147
129 16148
129 16151
129 16154
129 16159
129 16164
129 16167
129 16178
129 16187
129 16188
129 16192
129 16193
129 16209
129 16213
129 16216
129 16230
129 16232
129 16236
129 16240
129 16248
129 16251
129 16257
129 16262
129 16266
129 16267
129 16268
129 16269
129 16271
129 16289
129 16291
129 16292
129 16293
129 16300
129 16305
129 16306
129 16310
129 16319
129 16322
129 16326
129 16327
129 16336
129 16337
129 16348
129 16350
129 16356
129 16357
129 16359
129 16362
129 16363
129 16366
129 16370
129 16373
129 16375
129 16378
129 16386
129 16397
129 16398
129 16407
129 16411
129 16429
129 16436
129 16439
129 16440
129 16444
129 16445
129 16447
129 16451
129 16452
129 16463
129 16481
129 16506
129 16509
129 16510
129 16515
129 16520
129 16525
129 16527
129 16528
129 16529
129 16535
129 16540
129 16543
129 16545
129 16554
129 16557
129 16561
129 16562
129 16564
129 16569
129 16571
129 16574
129 16575
129 16577
129 16579
129 16588
129 16590
129 16592
129 16603
129 16616
129 16620
129 16623
129 16628
129 16632
129 16633
129 16634
129 16641
129 16643
129 16648
129 16650
129 16651
129 16655
129 16656
129 16657
129 16661
129 16662
129 16665
129 16666
129 16673
129 16676
129 16677
129 16680
129 16692
129 16696
129 16698
129 16701
129 16709
129 16711
129 16720
129 16722
129 16732
129 16740
129 16744
129 16748
129 16749
129 16752
129 16756
129 16758
129 16759
129 16760
129 16771
129 16777
129 16783
129 16788
129 16794
129 16795
129 16797
129 16803
129 16806
129 16810
129 16812
129 16819
129 16824
129 16841
129 16842
129 16853
129 16856
129 16858
129 16861
129 16873
129 16877
129 16879
129 16881
129 16883
129 16892
129 16895
129 16897
129 16903
129 16917
129 16921
129 16932
129 16938
129 16940
129 16943
129 16946
129 16953
129 16955
129 16970
129 16974
129 16976
129 16979
129 16980
129 17001
129 17006
129 17008
129 17009
129 17016
129 17019
129 17022
129 17027
129 17029
129 17032
129 17037
129 17039
129 17047
129 17049
129 17051
129 17060
129 17071
129 17076
129 17078
129 17079
129 17080
129 17091
129 17097
129 17107
129 17108
129 17112
129 17113
129 17114
129 17118
129 17124
129 17126
129 17135
129 17157
129 17158
129 17161
129 17163
129 17164
129 17173
129 17177
129 17182
129 17191
129 17199
129 17200
129 17207
129 17208
129 17212
129 17213
129 17214
129 17223
129 17227
129 17235
129 17236
129 17237
129 17238
129 17239
129 17242
129 17259
129 17266
129 17291
129 17309
129 17324
129 17334
129 17335
129 17343
129 17346
129 17351
129 17356
129 17358
129 17365
129 17366
129 17368
129 17371
129 17372
129 17375
129 17376
129 17378
129 17385
129 17390
129 17394
129 17401
129 17402
129 17404
129 17406
129 17413
129 17422
129 17425
129 17426
129 17435
129 17442
129 17446
129 17447
129 17463
129 17467
129 17470
129 17480
129 17484
129 17488
129 17491
129 17500
129 17501
129 17511
129 17520
129 17530
129 17533
129 17543
129 17545
129 17547
129 17549
129 17553
129 17554
129 17557
129 17559
129 17565
129 17566
129 17569
129 17576
129 17587
129 17588
129 17590
129 17591
129 17593
129 17601
129 17608
129 17615
129 17616
129 17620
129 17633
129 17635
129 17641
129 17642
129 17643
129 17649
129 17650
129 17651
129 17653
129 17656
129 17661
129 17662
129 17671
129 17673
129 17675
129 17683
129 17694
129 17695
129 17699
129 17704
129 17710
129 17716
129 17725
129 17729
129 17734
129 17737
129 17739
129 17748
129 17750
129 17752
129 17753
129 17754
129 17759
129 17762
129 17775
129 17778
129 17782
129 17807
129 17809
129 17812
129 17828
129 17830
129 17836
129 17837
129 17844
129 17846
129 17848
129 17849
129 17851
129 17854
129 17859
129 17864
129 17867
129 17871
129 17873
129 17874
129 17884
129 17887
129 17892
129 17897
129 17900
129 17904
129 17906
129 17910
129 17911
129 17921
129 17923
129 17928
129 17930
129 17932
129 17939
129 17941
129 17951
129 17957
129 17958
129 17959
129 17962
129 17966
129 17968
129 17971
129 17972
129 17975
129 17977
129 17979
129 17980
129 17981
129 17982
129 17988
129 17991
129 18005
129 18007
129 18010
129 18011
129 18014
129 18016
129 18018
129 18019
129 18021
129 18023
129 18024
129 18028
129 18029
129 18036
129 18040
129 18042
129 18043
129 18046
129 18053
129 18058
129 18068
129 18071
129 18076
129 18077
129 18080
129 18081
129 18083
129 18084
129 18088
129 18093
129 18105
129 18110
129 18111
129 18121
129 18122
129 18123
129 18127
129 18129
129 18138
129 18139
129 18146
129 18147
129 18149
129 18150
129 18153
129 18163
129 18164
129 18167
129 18169
129 18174
129 18179
129 18184
129 18187
129 18194
129 18196
129 18197
129 18200
129 18201
129 18202
129 18210
129 18212
129 18215
129 18219
129 18220
129 18233
129 18236
129 18237
129 18238
129 18242
129 18248
129 18252
129 18256
129 18267
129 18269
129 18284
129 18290
129 18292
129 18298
129 18299
129 18305
129 18314
129 18316
129 18328
129 18330
129 18331
129 18332
129 18334
129 18335
129 18336
129 18338
129 18346
129 18347
129 18350
129 18353
129 18356
129 18360
129 18366
129 18369
129 18378
129 18380
129 18382
129 18386
129 18391
129 18392
129 18398
129 18405
129 18408
129 18415
129 18426
129 18427
129 18430
129 18431
129 18437
129 18438
129 18440
129 18444
129 18451
129 18452
129 18458
129 18460
129 18463
129 18466
129 18468
129 18470
129 18476
129 18477
129 18478
129 18480
129 18484
129 18489
129 18490
129 18494
129 18495
129 18497
129 18499
129 18501
129 18505
129 18506
129 18508
129 18509
129 18511
129 18513
129 18516
129 18517
129 18518
129 18521
129 18522
129 18523
129 18536
129 18537
129 18540
129 18546
129 18547
129 18549
129 18555
129 18558
129 18563
129 18571
129 18573
129 18574
129 18587
129 18588
129 18589
129 18592
129 18595
129 18596
129 18605
129 18616
129 18618
129 18622
129 18625
129 18627
129 18632
129 18634
129 18639
129 18640
129 18643
129 18649
129 18652
129 18653
129 18654
129 18668
129 18671
129 18677
129 18682
129 18692
129 18694
129 18696
129 18700
129 18703
129 18705
129 18706
129 18722
129 18724
129 18726
129 18732
129 18734
129 18751
129 18753
129 18755
129 18757
129 18770
129 18771
129 18775
129 18783
129 18789
129 18799
129 18803
129 18813
129 18823
129 18841
129 18849
129 18852
129 18855
129 18873
129 18877
129 18881
129 18883
129 18889
129 18892
129 18897
129 18901
129 18905
129 18906
129 18909
129 18911
129 18919
129 18924
129 18931
129 18935
129 18936
129 18938
129 18944
129 18950
129 18962
129 18963
129 18965
129 18972
129 18987
129 18989
129 18997
129 18999
129 19003
129 19005
129 19006
129 19007
129 19015
129 19023
129 19024
129 19026
129 19030
129 19036
129 19038
129 19040
129 19048
129 19056
129 19065
129 19071
129 19074
129 19077
129 19086
129 19088
129 19100
129 19103
129 19104
129 19106
129 19108
129 19112
129 19128
129 19130
129 19134
129 19137
129 19140
129 19147
129 19149
129 19169
129 19171
129 19177
129 19180
129 19186
129 19189
129 19194
129 19197
129 19199
129 19201
129 19203
129 19204
129 19206
129 19208
129 19210
129 19212
129 19234
129 19237
129 19238
129 19246
129 19257
129 19263
129 19264
129 19266
129 19270
129 19274
129 19275
129 19276
129 19277
129 19283
129 19284
129 19292
129 19296
129 19303
129 19306
129 19312
129 19319
129 19325
129 19331
129 19354
129 19360
129 19366
129 19367
129 19369
129 19371
129 19374
129 19383
129 19386
129 19388
129 19389
129 19390
129 19391
129 19395
129 19403
129 19408
129 19409
129 19416
129 19417
129 19418
129 19422
129 19423
129 19430
129 19431
129 19434
129 19435
129 19437
129 19438
129 19442
129 19446
129 19461
129 19464
129 19465
129 19468
129 19470
129 19475
129 19482
129 19485
129 19490
129 19491
129 19498
129 19499
129 19501
129 19502
129 19507
129 19508
129 19511
129 19514
129 19516
129 19518
129 19521
129 19523
129 19532
129 19534
129 19544
129 19555
129 19561
129 19562
129 19565
129 19566
129 19576
129 19579
129 19584
129 19589
129 19592
129 19594
129 19595
129 19601
129 19603
129 19606
129 19613
129 19622
129 19629
129 19630
129 19634
129 19637
129 19638
129 19639
129 19641
129 19642
129 19645
129 19646
129 19650
129 19652
129 19653
129 19661
129 19663
129 19665
129 19666
129 19667
129 19671
129 19673
129 19687
129 19697
129 19701
129 19702
129 19704
129 19710
129 19716
129 19717
129 19722
129 19723
129 19734
129 19752
129 19754
129 19759
129 19783
129 19792
129 19800
129 19802
129 19803
129 19806
129 19808
129 19810
129 19828
129 19846
129 19847
129 19853
129 19860
129 19862
129 19882
129 19896
129 19904
129 19905
129 19907
129 19911
129 19913
129 19916
129 19924
129 19928
129 19939
129 19940
129 19941
129 19942
129 19950
129 19958
129 19959
129 19969
129 19971
129 19972
129 19975
129 19976
129 19980
129 19982
129 19983
129 19987
129 19989
129 19993
129 19995
129 19999
129 20001
129 20005
129 20007
129 20015
129 20017
129 20018
129 20020
129 20038
129 20041
129 20049
129 20055
129 20063
129 20066
129 20068
129 20074
129 20077
129 20079
129 20080
129 20085
129 20089
129 20091
129 20092
129 20093
129 20099
129 20103
129 20104
129 20107
129 20108
129 20116
129 20118
129 20119
129 20120
129 20125
129 20126
129 20128
129 20129
129 20131
129 20135
129 20142
129 20148
129 20149
129 20165
129 20180
129 20187
129 20190
129 20200
129 20211
129 20212
129 20215
129 20217
129 20223
129 20228
129 20229
129 20230
129 20234
129 20237
129 20242
129 20246
129 20259
129 20260
129 20266
129 20268
129 20269
129 20271
129 20272
129 20277
129 20281
129 20282
129 20289
129 20290
129 20296
129 20300
129 20309
129 20318
129 20319
129 20321
129 20326
129 20329
129 20330
129 20332
129 20333
129 20345
129 20346
129 20358
129 20360
129 20363
129 20368
129 20372
129 20374
129 20376
129 20377
129 20381
129 20383
129 20395
129 20402
129 20410
129 20415
129 20424
129 20427
129 20429
129 20431
129 20437
129 20438
129 20439
129 20442
129 20444
129 20445
129 20447
129 20450
129 20455
129 20459
129 20468
129 20482
129 20487
129 20490
129 20495
129 20496
129 20500
129 20501
129 20502
129 20513
129 20516
129 20524
129 20533
129 20534
129 20537
129 20539
129 20540
129 20545
129 20561
129 20564
129 20565
129 20570
129 20574
129 20576
129 20604
129 20606
129 20608
129 20610
129 20617
129 20634
129 20637
129 20641
129 20643
129 20644
129 20645
129 20646
129 20649
129 20652
129 20654
129 20662
129 20669
129 20675
129 20680
129 20685
129 20687
129 20688
129 20690
129 20692
129 20696
129 20699
129 20703
129 20706
129 20714
129 20715
129 20721
129 20726
129 20729
129 20730
129 20731
129 20737
129 20742
129 20745
129 20761
129 20765
129 20768
129 20779
129 20781
129 20784
129 20787
129 20793
129 20797
129 20801
129 20802
129 20805
129 20811
129 20814
129 20816
129 20817
129 20835
129 20838
129 20839
129 20846
129 20847
129 20848
129 20853
129 20860
129 20865
129 20869
129 20870
129 20873
129 20883
129 20886
129 20887
129 20892
129 20897
129 20899
129 20905
129 20906
129 20913
129 20916
129 20917
129 20925
129 20927
129 20928
129 20931
129 20932
129 20934
129 20942
129 20943
129 20944
129 20948
129 20952
129 20955
129 20961
129 20964
129 20970
129 20974
129 20977
129 20984
129 20989
129 20991
129 20993
129 21004
129 21006
129 21007
129 21010
129 21021
129 21022
129 21027
129 21032
129 21036
129 21040
129 21044
129 21045
129 21046
129 21049
129 21051
129 21061
129 21065
129 21066
129 21067
129 21071
129 21076
129 21077
129 21081
129 21083
129 21086
129 21087
129 21089
129 21102
129 21104
129 21107
129 21116
129 21118
129 21124
129 21125
129 21127
129 21129
129 21132
129 21134
129 21136
129 21138
129 21139
129 21142
129 21143
129 21148
129 21151
129 21159
129 21162
129 21165
129 21166
129 21194
129 21196
129 21199
129 21202
129 21209
129 21213
129 21218
129 21220
129 21222
129 21226
129 21229
129 21235
129 21239
129 21240
129 21246
129 21257
129 21259
129 21260
129 21261
129 21262
129 21269
129 21271
129 21275
129 21280
129 21282
129 21283
129 21284
129 21302
129 21304
129 21305
129 21311
129 21313
129 21333
129 21337
129 21339
129 21342
129 21343
129 21348
129 21352
129 21356
129 21357
129 21358
129 21360
129 21362
129 21365
129 21368
129 21374
129 21377
129 21379
129 21384
129 21390
129 21403
129 21404
129 21406
129 21407
129 21413
129 21425
129 21426
129 21427
129 21430
129 21432
129 21435
129 21436
129 21439
129 21441
129 21444
129 21445
129 21447
129 21448
129 21450
129 21451
129 21453
129 21456
129 21482
129 21483
129 21484
129 21485
129 21488
129 21490
129 21492
129 21493
129 21505
129 21510
129 21512
129 21518
129 21524
129 21533
129 21540
129 21548
129 21550
129 21551
129 21560
129 21566
129 21568
129 21570
129 21574
129 21579
129 21581
129 21585
129 21586
129 21587
129 21588
129 21592
129 21604
129 21607
129 21613
129 21615
129 21616
129 21618
129 21626
129 21627
129 21629
129 21632
129 21636
129 21637
129 21640
129 21643
129 21644
129 21645
129 21649
129 21650
129 21651
129 21655
129 21662
129 21670
129 21682
129 21687
129 21688
129 21689
129 21697
129 21703
129 21713
129 21714
129 21715
129 21716
129 21719
129 21724
129 21732
129 21734
129 21738
129 21742
129 21748
129 21751
129 21777
129 21783
129 21785
129 21791
129 21797
129 21806
129 21808
129 21812
129 21816
129 21821
129 21829
129 21833
129 21836
129 21837
129 21841
129 21843
129 21844
129 21846
129 21847
129 21848
129 21851
129 21854
129 21857
129 21859
129 21861
129 21865
129 21867
129 21868
129 21872
129 21885
129 21900
129 21916
129 21927
129 21935
129 21936
129 21938
129 21951
129 21958
129 21961
129 21971
129 21975
129 21990
129 21991
129 21997
129 22002
129 22008
129 22012
129 22014
129 22020
129 22029
129 22032
129 22034
129 22037
129 22041
129 22042
129 22051
129 22052
129 22056
129 22059
129 22063
129 22073
129 22085
129 22086
129 22088
129 22090
129 22092
129 22093
129 22095
129 22098
129 22099
129 22108
129 22109
129 22113
129 22120
129 22122
129 22127
129 22134
129 22135
129 22136
129 22141
129 22147
129 22149
129 22152
129 22153
129 22164
129 22167
129 22170
129 22184
129 22186
129 22196
129 22200
129 22202
129 22205
129 22206
129 22211
129 22213
129 22214
129 22217
129 22218
129 22224
129 22225
129 22226
129 22227
129 22231
129 22235
129 22241
129 22253
129 22265
129 22271
129 22275
129 22277
129 22281
129 22282
129 22286
129 22292
129 22299
129 22318
129 22321
129 22326
129 22328
129 22334
129 22338
129 22343
129 22365
129 22366
129 22369
129 22370
129 22371
129 22375
129 22380
129 22388
129 22399
129 22401
129 22402
129 22409
129 22410
129 22414
129 22415
129 22421
129 22440
129 22442
129 22444
129 22445
129 22455
129 22457
129 22466
129 22470
129 22477
129 22478
129 22483
129 22494
129 22505
129 22508
129 22512
129 22523
129 22524
129 22534
129 22544
129 22552
129 22555
129 22557
129 22566
129 22579
129 22581
129 22582
129 22591
129 22596
129 22599
129 22607
129 22615
129 22617
129 22619
129 22624
129 22639
129 22644
129 22645
129 22650
129 22654
129 22658
129 22661
129 22662
129 22678
129 22682
129 22683
129 22687
129 22700
129 22714
129 22715
129 22719
129 22723
129 22736
129 22742
129 22744
129 22751
129 22754
129 22768
129 22779
129 22785
129 22786
129 22793
129 22794
129 22804
129 22805
129 22811
129 22812
129 22816
129 22827
129 22836
129 22837
129 22839
129 22844
129 22855
129 22859
129 22860
129 22863
129 22867
129 22868
129 22872
129 22874
129 22877
129 22879
129 22891
129 22896
129 22900
129 22909
129 22914
129 22920
129 22922
129 22923
129 22927
129 22942
129 22945
129 22949
129 22955
129 22957
129 22958
129 22960
129 22962
129 22977
129 22980
129 22984
129 22985
129 22988
129 22997
129 23002
129 23008
129 23016
129 23023
129 23024
129 23031
129 23032
129 23037
129 23040
129 23042
129 23044
129 23052
129 23053
129 23055
129 23069
129 23071
129 23076
129 23085
129 23088
129 23089
129 23091
129 23099
129 23102
129 23109
129 23118
129 23122
129 23123
129 23132
129 23138
129 23143
129 23148
129 23153
129 23162
129 23169
129 23175
129 23177
129 23183
129 23186
129 23194
129 23195
129 23198
129 23199
129 23201
129 23205
129 23215
129 23222
129 23226
129 23229
129 23236
129 23238
129 23246
129 23250
129 23256
129 23258
129 23260
129 23263
129 23264
129 23265
129 23270
129 23272
129 23284
129 23292
129 23294
129 23295
129 23296
129 23297
129 23300
129 23311
129 23315
129 23317
129 23320
129 23326
129 23328
129 23335
129 23337
129 23350
129 23362
129 23364
129 23377
129 23380
129 23383
129 23384
129 23388
129 23392
129 23394
129 23396
129 23398
129 23404
129 23413
129 23416
129 23418
129 23430
129 23437
129 23449
129 23453
129 23458
129 23465
129 23469
129 23470
129 23471
129 23475
129 23477
129 23480
129 23486
129 23493
129 23500
129 23505
129 23517
129 23518
129 23521
129 23522
129 23528
129 23532
129 23544
129 23548
129 23560
129 23577
129 23579
129 23592
129 23599
129 23600
129 23603
129 23604
129 23605
129 23614
129 23622
129 23624
129 23631
129 23642
129 23652
129 23654
129 23655
129 23658
129 23661
129 23669
129 23670
129 23676
129 23678
129 23683
129 23690
129 23698
129 23699
129 23704
129 23716
129 23720
129 23721
129 23724
129 23725
129 23729
129 23750
129 23752
129 23754
129 23758
129 23763
129 23772
129 23774
129 23784
129 23785
129 23786
129 23789
129 23791
129 23793
129 23797
129 23811
129 23822
129 23829
129 23832
129 23841
129 23849
129 23857
129 23859
129 23860
129 23861
129 23868
129 23869
129 23874
129 23876
129 23886
129 23893
129 23894
129 23896
129 23897
129 23899
129 23909
129 23910
129 23924
129 23925
129 23932
129 23936
129 23941
129 23944
129 23947
129 23954
129 23961
129 23969
129 23970
129 23980
129 23982
129 23986
129 23987
129 23989
129 23999
129 24005
129 24013
129 24019
129 24021
129 24025
129 24026
129 24034
129 24038
129 24040
129 24045
129 24051
129 24054
129 24057
129 24064
129 24071
129 24076
129 24085
129 24087
129 24088
129 24096
129 24099
129 24100
129 24102
129 24108
129 24113
129 24114
129 24119
129 24121
129 24123
129 24138
129 24139
129 24141
129 24145
129 24157
129 24158
129 24164
129 24167
129 24171
129 24179
129 24185
129 24193
129 24194
129 24199
129 24200
129 24202
129 24203
129 24205
129 24213
129 24218
129 24220
129 24233
129 24234
129 24240
129 24241
129 24245
129 24246
129 24250
129 24260
129 24269
129 24272
129 24273
129 24277
129 24290
129 24295
129 24298
129 24301
129 24309
129 24316
129 24319
129 24321
129 24323
129 24328
129 24333
129 24336
129 24344
129 24346
129 24347
129 24348
129 24363
129 24369
129 24382
129 24385
129 24386
129 24388
129 24414
129 24415
129 24419
129 24424
129 24429
129 24431
129 24443
129 24444
129 24446
129 24453
129 24455
129 24456
129 24458
129 24460
129 24470
129 24473
129 24475
129 24483
129 24487
129 24492
129 24495
129 24497
129 24502
129 24503
129 24504
129 24505
129 24512
129 24513
129 24514
129 24515
129 24516
129 24521
129 24524
129 24528
129 24532
129 24539
129 24542
129 24555
129 24556
129 24558
129 24559
129 24560
129 24562
129 24563
129 24566
129 24567
129 24577
129 24587
129 24590
129 24591
129 24593
129 24604
129 24608
129 24610
129 24619
129 24622
129 24624
129 24627
129 24632
129 24638
129 24639
129 24647
129 24648
129 24649
129 24654
129 24655
129 24659
129 24662
129 24669
129 24674
129 24676
129 24685
129 24691
129 24693
129 24697
129 24698
129 24699
129 24702
129 24714
129 24717
129 24722
129 24729
129 24734
129 24742
129 24744
129 24745
129 24751
129 24755
129 24756
129 24757
129 24758
129 24762
129 24763
129 24764
129 24765
129 24770
129 24772
129 24777
129 24781
129 24784
129 24786
129 24787
129 24801
129 24802
129 24808
129 24815
129 24818
129 24821
129 24826
129 24837
129 24841
129 24851
129 24854
129 24856
129 24857
129 24859
129 24862
129 24866
129 24868
129 24871
129 24877
129 24879
129 24881
129 24884
129 24888
129 24896
129 24902
129 24903
129 24906
129 24907
129 24908
129 24920
129 24922
129 24925
129 24946
129 24950
129 24953
129 24957
129 24958
129 24964
129 24973
129 24977
129 24986
129 24989
129 24997
129 24998
129 25005
129 25011
129 25028
129 25033
129 25040
129 25045
129 25046
129 25057
129 25060
129 25067
129 25069
129 25070
129 25073
129 25078
129 25083
129 25095
129 25100
129 25106
129 25121
129 25134
129 25150
129 25155
129 25161
129 25162
129 25167
129 25175
129 25177
129 25182
129 25183
129 25184
129 25188
129 25201
129 25202
129 25207
129 25212
129 25219
129 25227
129 25228
129 25229
129 25245
129 25252
129 25253
129 25258
129 25266
129 25271
129 25273
129 25274
129 25279
129 25280
129 25282
129 25288
129 25295
129 25314
129 25316
129 25319
129 25334
129 25335
129 25340
129 25347
129 25355
129 25357
129 25361
129 25363
129 25364
129 25365
129 25367
129 25370
129 25392
129 25394
129 25398
129 25402
129 25412
129 25415
129 25418
129 25424
129 25435
129 25438
129 25440
129 25442
129 25447
129 25455
129 25456
129 25462
129 25466
129 25467
129 25468
129 25469
129 25470
129 25474
129 25475
129 25480
129 25481
129 25485
129 25489
129 25492
129 25511
129 25522
129 25527
129 25529
129 25531
129 25540
129 25541
129 25543
129 25558
129 25563
129 25571
129 25575
129 25578
129 25587
129 25589
129 25593
129 25598
129 25599
129 25604
129 25608
129 25609
129 25613
129 25614
129 25619
129 25620
129 25623
129 25626
129 25628
129 25632
129 25633
129 25637
129 25638
129 25639
129 25642
129 25646
129 25647
129 25663
129 25665
129 25668
129 25678
129 25680
129 25687
129 25689
129 25690
129 25691
129 25700
129 25709
129 25717
129 25724
129 25725
129 25727
129 25728
129 25729
129 25731
129 25732
129 25735
129 25740
129 25742
129 25750
129 25763
129 25772
129 25776
129 25778
129 25781
129 25786
129 25787
129 25790
129 25792
129 25795
129 25796
129 25797
129 25807
129 25808
129 25809
129 25819
129 25823
129 25834
129 25842
129 25845
129 25850
129 25852
129 25856
129 25857
129 25861
129 25862
129 25864
129 25866
129 25868
129 25870
129 25873
129 25874
129 25878
129 25882
129 25901
129 25902
129 25905
129 25921
129 25924
129 25927
129 25928
129 25929
129 25933
129 25934
129 25943
129 25944
129 25955
129 25967
129 25974
129 25977
129 25986
129 25989
129 25995
129 26000
129 26009
129 26012
129 26016
129 26020
129 26023
129 26025
129 26027
129 26029
129 26033
129 26041
129 26044
129 26051
129 26052
129 26058
129 26060
129 26061
129 26066
129 26069
129 26071
129 26081
129 26082
129 26083
129 26084
129 26098
129 26101
129 26102
129 26104
129 26108
129 26110
129 26111
129 26116
129 26122
129 26127
129 26132
129 26136
129 26142
129 26149
129 26150
129 26152
129 26153
129 26154
129 26156
129 26158
129 26161
129 26164
129 26165
129 26171
129 26173
129 26179
129 26186
129 26187
129 26192
129 26199
129 26203
129 26207
129 26220
129 26224
129 26225
129 26229
129 26236
129 26237
129 26243
129 26244
129 26245
129 26246
129 26252
129 26263
129 26268
129 26276
129 26278
129 26280
129 26284
129 26287
129 26289
129 26295
129 26297
129 26302
129 26309
129 26320
129 26321
129 26326
129 26328
129 26337
129 26343
129 26348
129 26360
129 26362
129 26365
129 26368
129 26370
129 26371
129 26372
129 26384
129 26385
129 26394
129 26398
129 26404
129 26411
129 26413
129 26415
129 26419
129 26425
129 26426
129 26430
129 26431
129 26432
129 26433
129 26437
129 26444
129 26451
129 26453
129 26455
129 26458
129 26461
129 26462
129 26468
129 26470
129 26475
129 26480
129 26481
129 26483
129 26490
129 26491
129 26494
129 26499
129 26500
129 26502
129 26503
129 26505
129 26512
129 26516
129 26517
129 26518
129 26519
129 26520
129 26523
129 26524
129 26535
129 26536
129 26537
129 26541
129 26543
129 26547
129 26549
129 26560
129 26562
129 26563
129 26577
129 26578
129 26585
129 26590
129 26592
129 26594
129 26595
129 26597
129 26599
129 26603
129 26605
129 26617
129 26624
129 26625
129 26629
129 26633
129 26634
129 26644
129 26646
129 26650
129 26656
129 26657
129 26659
129 26660
129 26663
129 26673
129 26687
129 26688
129 26699
129 26700
129 26701
129 26717
129 26719
129 26720
129 26722
129 26727
129 26730
129 26731
129 26737
129 26739
129 26747
129 26750
129 26755
129 26764
129 26766
129 26767
129 26773
129 26789
129 26793
129 26795
129 26808
129 26813
129 26814
129 26815
129 26816
129 26821
129 26833
129 26834
129 26837
129 26839
129 26842
129 26843
129 26844
129 26847
129 26852
129 26862
129 26866
129 26872
129 26873
129 26877
129 26886
129 26897
129 26898
129 26901
129 26908
129 26910
129 26915
129 26918
129 26919
129 26924
129 26927
129 26934
129 26937
129 26943
129 26951
129 26954
129 26958
129 26967
129 26968
129 26974
129 26982
129 26987
129 26995
129 26998
129 27001
129 27011
129 27025
129 27027
129 27031
129 27032
129 27042
129 27047
129 27050
129 27051
129 27053
129 27055
129 27056
129 27057
129 27061
129 27068
129 27077
129 27078
129 27081
129 27084
129 27085
129 27093
129 27094
129 27097
129 27101
129 27105
129 27107
129 27108
129 27116
129 27117
129 27118
129 27120
129 27126
129 27127
129 27129
129 27131
129 27132
129 27133
129 27135
129 27144
129 27148
129 27151
129 27153
129 27162
129 27169
129 27191
129 27194
129 27198
129 27202
129 27205
129 27207
129 27214
129 27216
129 27228
129 27232
129 27235
129 27238
129 27241
129 27251
129 27253
129 27256
129 27262
129 27263
129 27280
129 27284
129 27286
129 27288
129 27290
129 27295
129 27302
129 27305
129 27307
129 27308
129 27312
129 27313
129 27314
129 27316
129 27321
129 27328
129 27333
129 27336
129 27338
129 27342
129 27343
129 27348
129 27349
129 27351
129 27353
129 27358
129 27362
129 27365
129 27367
129 27373
129 27381
129 27382
129 27388
129 27392
129 27402
129 27403
129 27404
129 27420
129 27421
129 27427
129 27435
129 27436
129 27438
129 27441
129 27451
129 27454
129 27459
129 27477
129 27479
129 27480
129 27485
129 27487
129 27488
129 27489
129 27491
129 27493
129 27499
129 27501
129 27502
129 27504
129 27505
129 27510
129 27512
129 27514
129 27515
129 27519
129 27524
129 27525
129 27529
129 27531
129 27546
129 27547
129 27556
129 27559
129 27564
129 27565
129 27569
129 27581
129 27597
129 27601
129 27606
129 27608
129 27610
129 27618
129 27621
129 27622
129 27623
129 27624
129 27625
129 27627
129 27630
129 27641
129 27642
129 27643
129 27645
129 27648
129 27649
129 27652
129 27660
129 27671
129 27674
129 27675
129 27677
129 27679
129 27683
129 27690
129 27696
129 27701
129 27705
129 27708
129 27713
129 27714
129 27718
129 27720
129 27723
129 27726
129 27727
129 27733
129 27741
129 27762
129 27764
129 27765
129 27768
129 27775
129 27780
129 27782
129 27784
129 27788
129 27790
129 27793
129 27795
129 27797
129 27799
129 27801
129 27803
129 27804
129 27805
129 27812
129 27813
129 27814
129 27816
129 27836
129 27840
129 27845
129 27846
129 27848
129 27850
129 27861
129 27862
129 27876
129 27880
129 27881
129 27886
129 27893
129 27895
129 27900
129 27912
129 27920
129 27939
129 27945
129 27950
129 27956
129 27958
129 27959
129 27960
129 27963
129 27971
129 27974
129 27991
129 27995
129 27996
129 28001
129 28004
129 28006
129 28008
129 28018
129 28020
129 28021
129 28023
129 28024
129 28028
129 28030
129 28035
129 28036
129 28041
129 28043
129 28044
129 28047
129 28049
129 28052
129 28060
129 28061
129 28063
129 28066
129 28074
129 28079
129 28082
129 28088
129 28093
129 28095
129 28101
129 28103
129 28122
129 28127
129 28128
129 28145
129 28148
129 28158
129 28160
129 28166
129 28169
129 28170
129 28171
129 28174
129 28180
129 28184
129 28198
129 28208
129 28210
129 28219
129 28239
129 28246
129 28247
129 28251
129 28255
129 28260
129 28261
129 28264
129 28267
129 28271
129 28273
129 28285
129 28287
129 28292
129 28293
129 28294
129 28296
129 28299
129 28309
129 28310
129 28322
129 28327
129 28333
129 28335
129 28342
129 28343
129 28351
129 28353
129 28357
129 28362
129 28363
129 28365
129 28366
129 28374
129 28376
129 28378
129 28381
129 28383
129 28385
129 28390
129 28393
129 28397
129 28398
129 28400
129 28406
129 28413
129 28416
129 28419
129 28423
129 28428
129 28429
129 28436
129 28439
129 28442
129 28449
129 28452
129 28456
129 28467
129 28470
129 28477
129 28483
129 28485
129 28488
129 28491
129 28499
129 28504
129 28505
129 28521
129 28522
129 28526
129 28529
129 28530
129 28535
129 28540
129 28543
129 28549
129 28552
129 28554
129 28555
129 28559
129 28569
129 28570
129 28572
129 28574
129 28575
129 28579
129 28594
129 28597
129 28608
129 28615
129 28617
129 28618
129 28624
129 28628
129 28633
129 28635
129 28636
129 28640
129 28642
129 28651
129 28653
129 28658
129 28675
129 28676
129 28686
129 28690
129 28700
129 28704
129 28710
129 28713
129 28716
129 28726
129 28727
129 28733
129 28735
129 28737
129 28742
129 28744
129 28750
129 28751
129 28754
129 28757
129 28767
129 28768
129 28779
129 28784
129 28791
129 28792
129 28802
129 28804
129 28808
129 28812
129 28815
129 28819
129 28822
129 28825
129 28826
129 28827
129 28837
129 28838
129 28841
129 28843
129 28846
129 28847
129 28853
129 28854
129 28855
129 28858
129 28861
129 28862
129 28864
129 28875
129 28880
129 28881
129 28885
129 28890
129 28892
129 28895
129 28902
129 28903
129 28905
129 28911
129 28914
129 28917
129 28925
129 28937
129 28941
129 28944
129 28948
129 28960
129 28983
129 28989
129 28995
129 28997
129 28998
129 29003
129 29006
129 29010
129 29012
129 29014
129 29017
129 29025
129 29028
129 29030
129 29032
129 29036
129 29041
129 29044
129 29066
129 29070
129 29072
129 29076
129 29094
129 29099
129 29103
129 29120
129 29124
129 29127
129 29140
129 29141
129 29150
129 29151
129 29154
129 29156
129 29158
129 29162
129 29164
129 29166
129 29168
129 29176
129 29179
129 29185
129 29190
129 29194
129 29195
129 29199
129 29204
129 29206
129 29212
129 29225
129 29226
129 29227
129 29228
129 29230
129 29232
129 29233
129 29238
129 29244
129 29248
129 29255
129 29256
129 29258
129 29259
129 29262
129 29263
129 29266
129 29267
129 29271
129 29272
129 29282
129 29284
129 29310
129 29311
129 29312
129 29316
129 29320
129 29326
129 29327
129 29328
129 29338
129 29341
129 29354
129 29359
129 29364
129 29368
129 29369
129 29371
129 29380
129 29384
129 29385
129 29386
129 29390
129 29393
129 29401
129 29405
129 29406
129 29414
129 29417
129 29418
129 29422
129 29423
129 29428
129 29447
129 29452
129 29453
129 29455
129 29461
129 29462
129 29465
129 29466
129 29471
129 29481
129 29485
129 29493
129 29496
129 29500
129 29509
129 29512
129 29513
129 29524
129 29525
129 29526
129 29529
129 29530
129 29533
129 29540
129 29552
129 29555
129 29559
129 29560
129 29568
129 29574
129 29577
129 29581
129 29582
129 29587
129 29594
129 29595
129 29596
129 29622
129 29627
129 29630
129 29640
129 29641
129 29651
129 29660
129 29666
129 29667
129 29669
129 29674
129 29675
129 29676
129 29677
129 29685
129 29690
129 29693
129 29701
129 29704
129 29707
129 29708
129 29716
129 29722
129 29724
129 29728
129 29729
129 29730
129 29733
129 29734
129 29735
129 29743
129 29755
129 29757
129 29759
129 29761
129 29765
129 29768
129 29772
129 29774
129 29776
129 29779
129 29780
129 29796
129 29799
129 29807
129 29818
129 29824
129 29828
129 29830
129 29839
129 29848
129 29854
129 29865
129 29868
129 29869
129 29871
129 29876
129 29884
129 29887
129 29888
129 29895
129 29900
129 29906
129 29911
129 29912
129 29916
129 29921
129 29928
129 29930
129 29931
129 29932
129 29933
129 29934
129 29938
129 29956
129 29958
129 29967
129 29968
129 29969
129 29977
129 29980
129 29983
129 29991
129 29994
129 29995
129 29997
129 30000
129 30001
129 30005
129 30008
129 30009
129 30010
129 30011
129 30012
129 30015
129 30024
129 30025
129 30026
129 30033
129 30036
129 30038
129 30040
129 30041
129 30042
129 30060
129 30062
129 30064
129 30088
129 30090
129 30092
129 30096
129 30104
129 30105
129 30108
129 30110
129 30113
129 30117
129 30124
129 30131
129 30139
129 30141
129 30144
129 30145
129 30149
129 30153
129 30154
129 30157
129 30159
129 30162
129 30164
129 30171
129 30175
129 30177
129 30179
129 30183
129 30188
129 30189
129 30192
129 30197
129 30203
129 30204
129 30206
129 30208
129 30216
129 30219
129 30220
129 30227
129 30236
129 30239
129 30242
129 30245
129 30247
129 30254
129 30261
129 30262
129 30267
129 30269
129 30271
129 30273
129 30274
129 30279
129 30281
129 30284
129 30299
129 30307
129 30313
129 30319
129 30320
129 30321
129 30329
129 30333
129 30337
129 30338
129 30343
129 30346
129 30348
129 30352
129 30359
129 30373
129 30375
129 30376
129 30381
129 30384
129 30387
129 30388
129 30389
129 30397
129 30402
129 30403
129 30405
129 30406
129 30409
129 30415
129 30419
129 30421
129 30424
129 30425
129 30427
129 30428
129 30434
129 30435
129 30436
129 30439
129 30440
129 30441
129 30450
129 30451
129 30452
129 30464
129 30466
129 30480
129 30484
129 30486
129 30492
129 30493
129 30498
129 30502
129 30503
129 30510
129 30516
129 30517
129 30524
129 30530
129 30538
129 30539
129 30552
129 30553
129 30555
129 30558
129 30568
129 30573
129 30576
129 30578
129 30580
129 30584
129 30601
129 30607
129 30611
129 30612
129 30613
129 30617
129 30624
129 30629
129 30634
129 30635
129 30645
129 30651
129 30653
129 30659
129 30666
129 30671
129 30680
129 30685
129 30689
129 30692
129 30701
129 30702
129 30708
129 30709
129 30715
129 30716
129 30719
129 30720
129 30728
129 30731
129 30742
129 30745
129 30746
129 30753
129 30754
129 30761
129 30762
129 30763
129 30764
129 30765
129 30769
129 30771
129 30773
129 30782
129 30784
129 30788
129 30789
129 30792
129 30795
129 30809
129 30811
129 30822
129 30826
129 30835
129 30837
129 30843
129 30851
129 30860
129 30868
129 30870
129 30872
129 30882
129 30884
129 30888
129 30889
129 30892
129 30893
129 30894
129 30899
129 30902
129 30903
129 30912
129 30913
129 30920
129 30926
129 30928
129 30929
129 30934
129 30943
129 30947
129 30956
129 30960
129 30961
129 30962
129 30969
129 30977
129 30980
129 30987
129 30992
129 30999
129 31005
129 31009
129 31014
129 31017
129 31018
129 31020
129 31021
129 31024
129 31028
129 31033
129 31036
129 31040
129 31048
129 31056
129 31059
129 31069
129 31072
129 31081
129 31084
129 31092
129 31096
129 31097
129 31108
129 31109
129 31114
129 31116
129 31122
129 31125
129 31126
129 31129
129 31130
129 31131
129 31136
129 31142
129 31155
129 31156
129 31157
129 31164
129 31167
129 31171
129 31187
129 31188
129 31192
129 31201
129 31205
129 31206
129 31208
129 31211
129 31214
129 31215
129 31217
129 31219
129 31220
129 31223
129 31229
129 31230
129 31234
129 31237
129 31242
129 31250
129 31251
129 31255
129 31258
129 31260
129 31261
129 31262
129 31266
129 31269
129 31277
129 31280
129 31296
129 31297
129 31304
129 31309
129 31316
129 31325
129 31326
129 31328
129 31329
129 31330
129 31335
129 31342
129 31347
129 31352
129 31355
129 31361
129 31368
129 31371
129 31372
129 31373
129 31379
129 31380
129 31384
129 31391
129 31410
129 31412
129 31417
129 31418
129 31423
129 31428
129 31442
129 31449
129 31450
129 31462
129 31464
129 31466
129 31482
129 31484
129 31495
129 31498
129 31504
129 31508
129 31516
129 31519
129 31521
129 31523
129 31528
129 31533
129 31537
129 31539
129 31542
129 31549
129 31554
129 31559
129 31566
129 31568
129 31575
129 31579
129 31583
129 31586
129 31588
129 31589
129 31590
129 31591
129 31592
129 31593
129 31596
129 31597
129 31601
129 31607
129 31616
129 31617
129 31618
129 31619
129 31621
129 31624
129 31630
129 31634
129 31636
129 31645
129 31652
129 31654
129 31656
129 31658
129 31663
129 31666
129 31675
129 31676
129 31683
129 31686
129 31693
129 31694
129 31696
129 31703
129 31706
129 31725
129 31746
129 31747
129 31748
129 31749
129 31751
129 31753
129 31757
129 31761
129 31769
129 31770
129 31772
129 31776
129 31777
129 31778
129 31789
129 31793
129 31799
129 31803
129 31811
129 31823
129 31837
129 31840
129 31847
129 31854
129 31859
129 31860
129 31865
129 31868
129 31869
129 31879
129 31897
129 31908
129 31909
129 31912
129 31920
129 31921
129 31924
129 31925
129 31933
129 31934
129 31941
129 31943
129 31944
129 31951
129 31953
129 31962
129 31966
129 31967
129 31972
129 31979
129 31983
129 31986
129 31989
129 31991
129 31994
129 31995
129 31999
129 32000
129 32003
129 32012
129 32020
129 32023
129 32024
129 32030
129 32040
129 32044
129 32047
129 32051
129 32061
129 32062
129 32065
129 32066
129 32067
129 32076
129 32085
129 32089
129 32092
129 32096
129 32102
129 32108
129 32111
129 32113
129 32121
129 32125
129 32127
129 32137
129 32138
129 32139
129 32145
129 32151
129 32157
129 32158
129 32160
129 32165
129 32179
129 32184
129 32192
129 32197
129 32206
129 32209
129 32213
129 32220
129 32221
129 32226
129 32236
129 32238
129 32244
129 32245
129 32247
129 32254
129 32260
129 32263
129 32267
129 32268
129 32269
129 32270
129 32271
129 32272
129 32279
129 32281
129 32286
129 32287
129 32295
129 32296
129 32301
129 32308
129 32320
129 32322
129 32326
129 32330
129 32337
129 32354
129 32363
129 32374
129 32377
129 32380
129 32384
129 32397
129 32400
129 32404
129 32413
129 32418
129 32428
129 32438
129 32441
129 32448
129 32449
129 32450
129 32451
129 32453
129 32454
129 32455
129 32456
129 32458
129 32461
129 32462
129 32463
129 32467
129 32473
129 32480
129 32481
129 32490
129 32499
129 32507
129 32508
129 32510
129 32513
129 32515
129 32517
129 32520
129 32524
129 32526
129 32529
129 32536
129 32537
129 32542
129 32543
129 32545
129 32549
129 32554
129 32578
129 32580
129 32603
129 32607
129 32609
129 32613
129 32623
129 32639
129 32649
129 32654
129 32658
129 32660
129 32667
129 32674
129 32677
129 32678
129 32683
129 32684
129 32687
129 32691
129 32692
129 32698
129 32699
129 32700
129 32701
129 32704
129 32712
129 32714
129 32719
129 32721
129 32727
129 32729
129 32739
129 32740
129 32745
129 32747
129 32750
129 32754
129 32758
129 32760
129 32764
129 32786
129 32787
129 32793
129 32802
129 32806
129 32808
129 32810
129 32814
129 32820
129 32823
129 32845
129 32848
129 32855
129 32861
129 32864
129 32883
129 32885
129 32894
129 32899
129 32900
129 32912
129 32915
129 32920
129 32921
129 32923
129 32930
129 32932
129 32941
129 32945
129 32949
129 32959
129 32961
129 32964
129 32966
129 32970
129 32972
129 32981
129 32982
129 32984
129 32995
129 32998
129 32999
129 33012
129 33017
129 33021
129 33023
129 33024
129 33028
129 33037
129 33040
129 33053
129 33056
129 33068
129 33071
129 33080
129 33091
129 33092
129 33094
129 33104
129 33109
129 33110
129 33115
129 33120
129 33125
129 33128
129 33129
129 33130
129 33131
129 33138
129 33139
129 33142
129 33149
129 33155
129 33156
129 33163
129 33168
129 33172
129 33175
129 33176
129 33177
129 33182
129 33184
129 33186
129 33192
129 33196
129 33198
129 33201
129 33202
129 33209
129 33218
129 33222
129 33240
129 33241
129 33244
129 33254
129 33260
129 33264
129 33268
129 33278
129 33292
129 33294
129 33296
129 33298
129 33305
129 33306
129 33307
129 33313
129 33322
129 33325
129 33329
129 33333
129 33338
129 33339
129 33340
129 33342
129 33343
129 33351
129 33363
129 33364
129 33366
129 33371
129 33374
129 33375
129 33376
129 33391
129 33393
129 33394
129 33395
129 33401
129 33416
129 33417
129 33424
129 33426
129 33435
129 33444
129 33449
129 33452
129 33457
129 33458
129 33462
129 33471
129 33472
129 33474
129 33478
129 33479
129 33480
129 33482
129 33495
129 33496
129 33498
129 33499
129 33502
129 33505
129 33507
129 33513
129 33514
129 33523
129 33525
129 33526
129 33528
129 33539
129 33544
129 33545
129 33547
129 33550
129 33553
129 33554
129 33564
129 33565
129 33568
129 33569
129 33582
129 33589
129 33591
129 33600
129 33601
129 33605
129 33606
129 33613
129 33614
129 33616
129 33617
129 33624
129 33625
129 33631
129 33635
129 33636
129 33638
129 33639
129 33640
129 33641
129 33647
129 33650
129 33657
129 33660
129 33667
129 33668
129 33675
129 33682
129 33683
129 33689
129 33694
129 33698
129 33705
129 33706
129 33708
129 33719
129 33721
129 33725
129 33727
129 33728
129 33730
129 33731
129 33734
129 33737
129 33740
129 33744
129 33747
129 33755
129 33759
129 33767
129 33770
129 33771
129 33774
129 33777
129 33788
129 33793
129 33796
129 33798
129 33799
129 33811
129 33813
129 33827
129 33836
129 33837
129 33844
129 33850
129 33854
129 33861
129 33869
129 33871
129 33873
129 33874
129 33879
129 33880
129 33885
129 33891
129 33896
129 33897
129 33902
129 33904
129 33905
129 33908
129 33921
129 33926
129 33931
129 33932
129 33933
129 33941
129 33945
129 33946
129 33948
129 33952
129 33953
129 33956
129 33961
129 33965
129 33977
129 33978
129 33985
129 33987
129 33993
129 33997
129 33998
129 34006
129 34007
129 34011
129 34012
129 34016
129 34019
129 34029
129 34041
129 34044
129 34051
129 34052
129 34054
129 34057
129 34059
129 34066
129 34074
129 34076
129 34078
129 34081
129 34083
129 34086
129 34091
129 34105
129 34109
129 34122
129 34124
129 34125
129 34129
129 34132
129 34140
129 34143
129 34148
129 34155
129 34156
129 34158
129 34163
129 34166
129 34173
129 34175
129 34179
129 34183
129 34199
129 34202
129 34211
129 34215
129 34222
129 34225
129 34235
129 34239
129 34240
129 34252
129 34254
129 34255
129 34259
129 34263
129 34283
129 34284
129 34289
129 34292
129 34296
129 34299
129 34301
129 34306
129 34316
129 34320
129 34330
129 34334
129 34338
129 34339
129 34347
129 34349
129 34350
129 34351
129 34356
129 34361
129 34370
129 34374
129 34377
129 34380
129 34381
129 34385
129 34387
129 34393
129 34395
129 34401
129 34402
129 34405
129 34406
129 34413
129 34415
129 34417
129 34420
129 34423
129 34424
129 34431
129 34433
129 34436
129 34440
129 34441
129 34444
129 34445
129 34446
129 34447
129 34450
129 34451
129 34452
129 34453
129 34455
129 34467
129 34469
129 34480
129 34502
129 34504
129 34506
129 34510
129 34511
129 34514
129 34516
129 34518
129 34529
129 34541
129 34542
129 34546
129 34551
129 34553
129 34556
129 34568
129 34575
129 34576
129 34588
129 34589
129 34591
129 34593
129 34595
129 34596
129 34598
129 34601
129 34606
129 34609
129 34613
129 34616
129 34618
129 34621
129 34622
129 34624
129 34627
129 34633
129 34635
129 34643
129 34646
129 34647
129 34656
129 34664
129 34670
129 34671
129 34684
129 34688
129 34702
129 34723
129 34737
129 34747
129 34753
129 34758
129 34759
129 34762
129 34763
129 34768
129 34771
129 34775
129 34776
129 34786
129 34788
129 34800
129 34826
129 34828
129 34831
129 34839
129 34840
129 34841
129 34846
129 34857
129 34858
129 34859
129 34860
129 34862
129 34866
129 34868
129 34869
129 34873
129 34874
129 34884
129 34885
129 34898
129 34901
129 34907
129 34909
129 34910
129 34912
129 34916
129 34923
129 34928
129 34931
129 34932
129 34933
129 34939
129 34942
129 34953
129 34962
129 34964
129 34965
129 34971
129 34972
129 34976
129 34980
129 34983
129 34986
129 34991
129 34997
129 35003
129 35006
129 35009
129 35013
129 35018
129 35020
129 35024
129 35026
129 35027
129 35030
129 35031
129 35036
129 35037
129 35039
129 35040
129 35041
129 35044
129 35047
129 35055
129 35058
129 35059
129 35060
129 35085
129 35087
129 35089
129 35103
129 35105
129 35107
129 35108
129 35111
129 35114
129 35115
129 35122
129 35126
129 35138
129 35139
129 35142
129 35146
129 35148
129 35154
129 35155
129 35157
129 35159
129 35167
129 35168
129 35173
129 35185
129 35188
129 35199
129 35206
129 35207
129 35219
129 35222
129 35227
129 35239
129 35241
129 35243
129 35245
129 35248
129 35254
129 35261
129 35267
129 35268
129 35271
129 35277
129 35280
129 35288
129 35289
129 35297
129 35301
129 35304
129 35309
129 35328
129 35329
129 35330
129 35334
129 35341
129 35343
129 35344
129 35356
129 35358
129 35359
129 35374
129 35378
129 35379
129 35382
129 35386
129 35387
129 35388
129 35391
129 35392
129 35395
129 35421
129 35426
129 35429
129 35431
129 35433
129 35441
129 35444
129 35448
129 35449
129 35451
129 35452
129 35457
129 35460
129 35462
129 35467
129 35469
129 35476
129 35482
129 35485
129 35491
129 35496
129 35499
129 35506
129 35517
129 35522
129 35523
129 35529
129 35533
129 35539
129 35544
129 35546
129 35550
129 35557
129 35563
129 35565
129 35567
129 35570
129 35572
129 35589
129 35592
129 35596
129 35600
129 35603
129 35605
129 35617
129 35624
129 35626
129 35632
129 35634
129 35639
129 35640
129 35647
129 35651
129 35659
129 35661
129 35665
129 35673
129 35675
129 35700
129 35703
129 35705
129 35708
129 35715
129 35718
129 35719
129 35731
129 35736
129 35738
129 35741
129 35744
129 35747
129 35752
129 35753
129 35755
129 35756
129 35757
129 35764
129 35765
129 35773
129 35774
129 35775
129 35777
129 35779
129 35781
129 35782
129 35783
129 35787
129 35790
129 35796
129 35806
129 35809
129 35810
129 35814
129 35820
129 35821
129 35825
129 35842
129 35850
129 35859
129 35865
129 35874
129 35875
129 35876
129 35877
129 35881
129 35882
129 35886
129 35887
129 35889
129 35891
129 35892
129 35898
129 35927
129 35931
129 35933
129 35947
129 35956
129 35975
129 35977
129 35979
129 35980
129 35996
129 35998
129 36002
129 36007
129 36010
129 36012
129 36019
129 36022
129 36028
129 36030
129 36038
129 36042
129 36045
129 36050
129 36083
129 36086
129 36087
129 36090
129 36092
129 36099
129 36101
129 36106
129 36112
129 36119
129 36121
129 36129
129 36137
129 36138
129 36141
129 36150
129 36152
129 36161
129 36163
129 36167
129 36176
129 36180
129 36185
129 36191
129 36198
129 36208
129 36211
129 36213
129 36214
129 36217
129 36219
129 36221
129 36229
129 36233
129 36239
129 36241
129 36244
129 36250
129 36251
129 36262
129 36264
129 36266
129 36270
129 36273
129 36275
129 36282
129 36288
129 36294
129 36301
129 36302
129 36303
129 36310
129 36312
129 36315
129 36320
129 36323
129 36335
129 36336
129 36338
129 36348
129 36353
129 36357
129 36360
129 36361
129 36364
129 36367
129 36368
129 36370
129 36375
129 36380
129 36381
129 36388
129 36391
129 36395
129 36396
129 36397
129 36402
129 36406
129 36415
129 36421
129 36429
129 36430
129 36436
129 36439
129 36440
129 36441
129 36447
129 36452
129 36454
129 36456
129 36469
129 36475
129 36478
129 36484
129 36487
129 36488
129 36490
129 36493
129 36498
129 36502
129 36503
129 36506
129 36509
129 36510
129 36524
129 36526
129 36555
129 36559
129 36568
129 36569
129 36583
129 36588
129 36597
129 36599
129 36604
129 36605
129 36610
129 36612
129 36618
129 36628
129 36634
129 36644
129 36645
129 36646
129 36647
129 36655
129 36657
129 36659
129 36662
129 36663
129 36667
129 36673
129 36679
129 36684
129 36690
129 36699
129 36705
129 36707
129 36716
129 36717
129 36718
129 36720
129 36721
129 36723
129 36730
129 36743
129 36750
129 36753
129 36758
129 36761
129 36773
129 36783
129 36784
129 36798
129 36801
129 36809
129 36810
129 36812
129 36823
129 36827
129 36833
129 36836
129 36837
129 36841
129 36845
129 36846
129 36847
129 36850
129 36859
129 36860
129 36863
129 36866
129 36874
129 36878
129 36880
129 36882
129 36884
129 36891
129 36906
129 36911
129 36913
129 36915
129 36927
129 36930
129 36934
129 36935
129 36940
129 36944
129 36945
129 36947
129 36955
129 36956
129 36958
129 36960
129 36971
129 36975
129 36993
129 36996
129 37004
129 37005
129 37009
129 37012
129 37017
129 37023
129 37024
129 37039
129 37044
129 37051
129 37057
129 37063
129 37071
129 37073
129 37077
129 37080
129 37088
129 37096
129 37108
129 37117
129 37119
129 37120
129 37122
129 37127
129 37128
129 37129
129 37135
129 37139
129 37141
129 37142
129 37145
129 37146
129 37148
129 37156
129 37161
129 37165
129 37168
129 37170
129 37172
129 37175
129 37178
129 37182
129 37192
129 37198
129 37205
129 37206
129 37208
129 37211
129 37214
129 37217
129 37221
129 37230
129 37232
129 37237
129 37238
129 37240
129 37244
129 37249
129 37252
129 37254
129 37255
129 37256
129 37264
129 37273
129 37280
129 37282
129 37285
129 37290
129 37293
129 37295
129 37296
129 37301
129 37302
129 37306
129 37309
129 37315
129 37320
129 37326
129 37327
129 37331
129 37332
129 37335
129 37337
129 37343
129 37345
129 37346
129 37347
129 37349
129 37357
129 37361
129 37362
129 37365
129 37366
129 37369
129 37371
129 37376
129 37379
129 37390
129 37393
129 37397
129 37412
129 37414
129 37415
129 37417
129 37425
129 37427
129 37431
129 37438
129 37445
129 37461
129 37462
129 37463
129 37471
129 37485
129 37486
129 37487
129 37493
129 37498
129 37500
129 37506
129 37516
129 37526
129 37528
129 37531
129 37535
129 37540
129 37541
129 37542
129 37545
129 37551
129 37554
129 37556
129 37558
129 37562
129 37573
129 37580
129 37585
129 37591
129 37598
129 37599
129 37606
129 37610
129 37614
129 37624
129 37625
129 37626
129 37629
129 37632
129 37633
129 37642
129 37643
129 37644
129 37647
129 37652
129 37655
129 37658
129 37666
129 37667
129 37674
129 37677
129 37680
129 37688
129 37692
129 37697
129 37704
129 37722
129 37727
129 37729
129 37733
129 37736
129 37745
129 37751
129 37753
129 37755
129 37757
129 37758
129 37761
129 37764
129 37775
129 37783
129 37786
129 37787
129 37790
129 37792
129 37794
129 37795
129 37801
129 37804
129 37810
129 37814
129 37815
129 37816
129 37819
129 37821
129 37827
129 37832
129 37833
129 37839
129 37847
129 37849
129 37852
129 37853
129 37856
129 37858
129 37863
129 37864
129 37867
129 37874
129 37878
129 37888
129 37891
129 37892
129 37893
129 37903
129 37905
129 37910
129 37912
129 37913
129 37920
129 37921
129 37922
129 37930
129 37940
129 37941
129 37942
129 37947
129 37949
129 37954
129 37964
129 37965
129 37968
129 37978
129 37981
129 37982
129 37990
129 38002
129 38008
129 38020
129 38033
129 38034
129 38042
129 38044
129 38048
129 38054
129 38061
129 38062
129 38069
129 38074
129 38077
129 38079
129 38080
129 38096
129 38097
129 38107
129 38114
129 38119
129 38121
129 38124
129 38128
129 38134
129 38135
129 38136
129 38142
129 38143
129 38144
129 38149
129 38151
129 38152
129 38153
129 38157
129 38158
129 38160
129 38165
129 38171
129 38174
129 38181
129 38185
129 38188
129 38191
129 38199
129 38201
129 38203
129 38205
129 38213
129 38214
129 38216
129 38223
129 38230
129 38233
129 38235
129 38238
129 38242
129 38245
129 38256
129 38261
129 38268
129 38275
129 38278
129 38284
129 38287
129 38292
129 38296
129 38298
129 38299
129 38301
129 38314
129 38321
129 38324
129 38330
129 38341
129 38343
129 38353
129 38354
129 38355
129 38357
129 38359
129 38362
129 38363
129 38369
129 38377
129 38382
129 38386
129 38397
129 38400
129 38401
129 38402
129 38409
129 38413
129 38416
129 38417
129 38419
129 38421
129 38422
129 38426
129 38429
129 38432
129 38434
129 38448
129 38451
129 38455
129 38469
129 38470
129 38472
129 38478
129 38482
129 38485
129 38490
129 38496
129 38497
129 38503
129 38506
129 38508
129 38516
129 38518
129 38521
129 38522
129 38529
129 38531
129 38541
129 38542
129 38543
129 38544
129 38547
129 38548
129 38550
129 38558
129 38562
129 38563
129 38569
129 38570
129 38571
129 38579
129 38580
129 38595
129 38597
129 38599
129 38604
129 38608
129 38612
129 38613
129 38617
129 38622
129 38630
129 38633
129 38634
129 38635
129 38638
129 38657
129 38658
129 38659
129 38664
129 38665
129 38668
129 38669
129 38672
129 38673
129 38678
129 38688
129 38689
129 38694
129 38695
129 38699
129 38700
129 38710
129 38714
129 38717
129 38722
129 38726
129 38729
129 38732
129 38736
129 38740
129 38742
129 38747
129 38750
129 38753
129 38762
129 38770
129 38775
129 38777
129 38780
129 38785
129 38786
129 38789
129 38790
129 38794
129 38798
129 38819
129 38821
129 38828
129 38835
129 38838
129 38840
129 38841
129 38846
129 38854
129 38856
129 38858
129 38859
129 38860
129 38861
129 38872
129 38875
129 38878
129 38884
129 38885
129 38888
129 38889
129 38895
129 38903
129 38905
129 38910
129 38912
129 38915
129 38918
129 38920
129 38921
129 38930
129 38932
129 38933
129 38936
129 38938
129 38945
129 38950
129 38966
129 38971
129 38972
129 38973
129 38976
129 38977
129 38983
129 38984
129 38989
129 38990
129 38992
129 38998
129 39001
129 39002
129 39007
129 39009
129 39014
129 39015
129 39019
129 39020
129 39022
129 39023
129 39024
129 39037
129 39041
129 39043
129 39046
129 39051
129 39054
129 39057
129 39062
129 39063
129 39065
129 39077
129 39084
129 39085
129 39090
129 39095
129 39096
129 39098
129 39104
129 39105
129 39107
129 39118
129 39119
129 39124
129 39127
129 39130
129 39131
129 39140
129 39143
129 39158
129 39169
129 39173
129 39181
129 39189
129 39190
129 39207
129 39213
129 39216
129 39218
129 39227
129 39239
129 39240
129 39242
129 39248
129 39252
129 39255
129 39257
129 39258
129 39262
129 39263
129 39266
129 39275
129 39278
129 39286
129 39296
129 39298
129 39299
129 39302
129 39317
129 39318
129 39321
129 39325
129 39326
129 39328
129 39337
129 39344
129 39347
129 39351
129 39355
129 39360
129 39362
129 39369
129 39381
129 39382
129 39383
129 39398
129 39401
129 39402
129 39419
129 39420
129 39423
129 39427
129 39428
129 39430
129 39435
129 39454
129 39455
129 39458
129 39467
129 39468
129 39469
129 39474
129 39475
129 39479
129 39483
129 39485
129 39486
129 39489
129 39492
129 39494
129 39495
129 39500
129 39503
129 39504
129 39505
129 39507
129 39509
129 39510
129 39521
129 39522
129 39523
129 39524
129 39527
129 39528
129 39535
129 39538
129 39541
129 39549
129 39557
129 39559
129 39561
129 39568
129 39576
129 39577
129 39580
129 39581
129 39587
129 39590
129 39591
129 39592
129 39596
129 39612
129 39617
129 39619
129 39620
129 39622
129 39624
129 39627
129 39636
129 39648
129 39649
129 39664
129 39668
129 39669
129 39674
129 39676
129 39678
129 39681
129 39684
129 39691
129 39694
129 39695
129 39701
129 39711
129 39713
129 39715
129 39720
129 39723
129 39727
129 39760
129 39761
129 39764
129 39772
129 39775
129 39783
129 39791
129 39797
129 39799
129 39803
129 39809
129 39814
129 39815
129 39818
129 39819
129 39825
129 39840
129 39844
129 39851
129 39854
129 39869
129 39873
129 39885
129 39891
129 39898
129 39905
129 39909
129 39914
129 39916
129 39921
129 39928
129 39943
129 39946
129 39950
129 39952
129 39954
129 39957
129 39958
129 39960
129 39962
129 39967
129 39973
129 39989
129 39990
129 39992
129 39997
129 39998
129 40006
129 40012
129 40015
129 40018
129 40027
129 40029
129 40031
129 40036
129 40040
129 40053
129 40068
129 40071
129 40081
129 40090
129 40092
129 40093
129 40097
129 40100
129 40104
129 40111
129 40113
129 40116
129 40119
129 40120
129 40122
129 40127
129 40133
129 40137
129 40148
129 40151
129 40153
129 40155
129 40160
129 40161
129 40165
129 40166
129 40167
129 40168
129 40179
129 40182
129 40183
129 40185
129 40187
129 40192
129 40207
129 40212
129 40213
129 40214
129 40223
129 40226
129 40228
129 40237
129 40249
129 40252
129 40255
129 40256
129 40275
129 40278
129 40281
129 40283
129 40286
129 40287
129 40288
129 40289
129 40290
129 40291
129 40293
129 40295
129 40299
129 40308
129 40309
129 40310
129 40325
129 40329
129 40333
129 40349
129 40358
129 40362
129 40370
129 40371
129 40374
129 40376
129 40389
129 40391
129 40392
129 40395
129 40406
129 40416
129 40424
129 40425
129 40426
129 40441
129 40445
129 40447
129 40448
129 40450
129 40455
129 40457
129 40458
129 40461
129 40466
129 40477
129 40478
129 40482
129 40485
129 40494
129 40498
129 40500
129 40501
129 40502
129 40505
129 40507
129 40509
129 40512
129 40523
129 40528
129 40533
129 40536
129 40541
129 40543
129 40544
129 40546
129 40556
129 40562
129 40564
129 40567
129 40572
129 40576
129 40582
129 40585
129 40589
129 40591
129 40594
129 40596
129 40599
129 40603
129 40608
129 40609
129 40610
129 40616
129 40622
129 40623
129 40626
129 40628
129 40629
129 40649
129 40652
129 40656
129 40659
129 40662
129 40663
129 40666
129 40672
129 40675
129 40677
129 40679
129 40681
129 40687
129 40688
129 40694
129 40695
129 40700
129 40710
129 40711
129 40714
129 40715
129 40716
129 40719
129 40720
129 40722
129 40728
129 40730
129 40733
129 40741
129 40742
129 40744
129 40756
129 40767
129 40772
129 40773
129 40775
129 40785
129 40786
129 40791
129 40792
129 40795
129 40799
129 40802
129 40806
129 40812
129 40813
129 40819
129 40821
129 40825
129 40828
129 40831
129 40839
129 40841
129 40842
129 40844
129 40845
129 40861
129 40873
129 40876
129 40878
129 40880
129 40881
129 40882
129 40892
129 40897
129 40912
129 40914
129 40918
129 40927
129 40928
129 40929
129 40934
129 40935
129 40936
129 40937
129 40938
129 40941
129 40943
129 40950
129 40955
129 40961
129 40970
129 40974
129 40979
129 40981
129 40983
129 40989
129 40991
129 40993
129 40999
129 41000
129 41003
129 41004
129 41013
129 41014
129 41019
129 41022
129 41023
129 41026
129 41027
129 41028
129 41031
129 41040
129 41042
129 41043
129 41045
129 41047
129 41050
129 41051
129 41057
129 41061
129 41063
129 41069
129 41081
129 41090
129 41104
129 41109
129 41111
129 41112
129 41114
129 41117
129 41131
129 41133
129 41141
129 41142
129 41143
129 41153
129 41155
129 41162
129 41163
129 41164
129 41167
129 41171
129 41173
129 41174
129 41185
129 41187
129 41191
129 41193
129 41195
129 41200
129 41210
129 41221
129 41225
129 41229
129 41231
129 41233
129 41238
129 41239
129 41245
129 41257
129 41258
129 41262
129 41269
129 41271
129 41275
129 41284
129 41290
129 41293
129 41300
129 41301
129 41303
129 41304
129 41313
129 41315
129 41325
129 41328
129 41331
129 41338
129 41340
129 41341
129 41342
129 41346
129 41348
129 41353
129 41362
129 41363
129 41365
129 41380
129 41391
129 41395
129 41406
129 41415
129 41425
129 41432
129 41434
129 41437
129 41438
129 41440
129 41445
129 41449
129 41455
129 41461
129 41462
129 41463
129 41473
129 41476
129 41489
129 41508
129 41512
129 41518
129 41522
129 41526
129 41536
129 41547
129 41553
129 41566
129 41574
129 41575
129 41579
129 41580
129 41584
129 41589
129 41594
129 41597
129 41603
129 41612
129 41613
129 41620
129 41628
129 41629
129 41630
129 41631
129 41635
129 41637
129 41642
129 41649
129 41650
129 41651
129 41652
129 41653
129 41660
129 41667
129 41669
129 41671
129 41672
129 41674
129 41681
129 41683
129 41689
129 41696
129 41700
129 41701
129 41704
129 41709
129 41717
129 41723
129 41724
129 41728
129 41731
129 41733
129 41734
129 41735
129 41736
129 41740
129 41741
129 41742
129 41750
129 41751
129 41761
129 41764
129 41766
129 41777
129 41793
129 41797
129 41798
129 41799
129 41804
129 41805
129 41809
129 41816
129 41819
129 41823
129 41832
129 41838
129 41842
129 41843
129 41845
129 41857
129 41858
129 41862
129 41870
129 41873
129 41875
129 41884
129 41890
129 41901
129 41908
129 41911
129 41914
129 41917
129 41920
129 41922
129 41923
129 41924
129 41928
129 41934
129 41935
129 41936
129 41937
129 41938
129 41941
129 41951
129 41954
129 41957
129 41959
129 41960
129 41965
129 41966
129 41969
129 41971
129 41973
129 41989
129 41999
129 42006
129 42015
129 42016
129 42017
129 42029
129 42033
129 42038
129 42040
129 42044
129 42046
129 42048
129 42051
129 42057
129 42058
129 42061
129 42065
129 42069
129 42071
129 42075
129 42078
129 42082
129 42083
129 42090
129 42097
129 42105
129 42107
129 42110
129 42114
129 42124
129 42125
129 42126
129 42142
129 42146
129 42147
129 42148
129 42153
129 42156
129 42158
129 42161
129 42164
129 42165
129 42167
129 42171
129 42175
129 42181
129 42183
129 42184
129 42187
129 42189
129 42193
129 42198
129 42200
129 42207
129 42216
129 42225
129 42226
129 42228
129 42233
129 42235
129 42246
129 42267
129 42269
129 42274
129 42275
129 42276
129 42277
129 42278
129 42281
129 42282
129 42290
129 42292
129 42294
129 42297
129 42301
129 42302
129 42303
129 42327
129 42328
129 42334
129 42338
129 42348
129 42352
129 42359
129 42361
129 42362
129 42366
129 42372
129 42375
129 42376
129 42379
129 42382
129 42387
129 42394
129 42396
129 42398
129 42402
129 42403
129 42404
129 42409
129 42416
129 42420
129 42421
129 42422
129 42423
129 42424
129 42426
129 42431
129 42435
129 42436
129 42444
129 42445
129 42454
129 42458
129 42466
129 42470
129 42471
129 42477
129 42479
129 42483
129 42484
129 42488
129 42490
129 42493
129 42497
129 42498
129 42499
129 42500
129 42504
129 42505
129 42515
129 42517
129 42518
129 42532
129 42535
129 42538
129 42545
129 42550
129 42558
129 42563
129 42565
129 42567
129 42571
129 42573
129 42578
129 42582
129 42583
129 42586
129 42589
129 42594
129 42605
129 42615
129 42622
129 42625
129 42627
129 42628
129 42631
129 42632
129 42639
129 42643
129 42644
129 42645
129 42650
129 42653
129 42656
129 42665
129 42669
129 42671
129 42672
129 42678
129 42679
129 42680
129 42696
129 42698
129 42705
129 42712
129 42716
129 42718
129 42725
129 42726
129 42728
129 42729
129 42737
129 42739
129 42741
129 42750
129 42755
129 42756
129 42757
129 42758
129 42759
129 42760
129 42769
129 42775
129 42776
129 42780
129 42782
129 42784
129 42787
129 42792
129 42794
129 42808
129 42833
129 42838
129 42841
129 42843
129 42844
129 42846
129 42864
129 42871
129 42876
129 42878
129 42883
129 42887
129 42900
129 42901
129 42908
129 42927
129 42928
129 42930
129 42931
129 42932
129 42933
129 42935
129 42938
129 42940
129 42945
129 42952
129 42959
129 42963
129 42969
129 42975
129 42983
129 42986
129 42988
129 42990
129 42997
129 43002
129 43005
129 43007
129 43010
129 43018
129 43019
129 43020
129 43024
129 43027
129 43029
129 43031
129 43042
129 43045
129 43050
129 43052
129 43060
129 43062
129 43064
129 43071
129 43077
129 43080
129 43083
129 43084
129 43087
129 43088
129 43091
129 43092
129 43093
129 43098
129 43101
129 43109
129 43110
129 43113
129 43117
129 43123
129 43125
129 43140
129 43142
129 43143
129 43146
129 43154
129 43155
129 43158
129 43159
129 43166
129 43169
129 43171
129 43180
129 43182
129 43183
129 43186
129 43188
129 43198
129 43201
129 43218
129 43220
129 43222
129 43225
129 43232
129 43234
129 43239
129 43241
129 43242
129 43244
129 43249
129 43263
129 43271
129 43273
129 43274
129 43276
129 43278
129 43281
129 43282
129 43289
129 43290
129 43295
129 43298
129 43302
129 43305
129 43316
129 43320
129 43328
129 43329
129 43334
129 43344
129 43348
129 43349
129 43354
129 43357
129 43363
129 43375
129 43376
129 43379
129 43387
129 43388
129 43390
129 43414
129 43417
129 43424
129 43425
129 43426
129 43435
129 43443
129 43454
129 43457
129 43458
129 43463
129 43466
129 43471
129 43474
129 43486
129 43490
129 43493
129 43494
129 43507
129 43510
129 43513
129 43514
129 43515
129 43519
129 43533
129 43536
129 43537
129 43543
129 43544
129 43545
129 43549
129 43555
129 43569
129 43570
129 43581
129 43582
129 43595
129 43596
129 43597
129 43602
129 43607
129 43612
129 43614
129 43615
129 43617
129 43618
129 43620
129 43627
129 43633
129 43641
129 43651
129 43653
129 43656
129 43659
129 43662
129 43665
129 43672
129 43676
129 43678
129 43690
129 43698
129 43699
129 43701
129 43712
129 43718
129 43719
129 43720
129 43722
129 43724
129 43726
129 43732
129 43734
129 43735
129 43737
129 43752
129 43753
129 43757
129 43764
129 43765
129 43767
129 43775
129 43778
129 43781
129 43782
129 43788
129 43794
129 43801
129 43803
129 43812
129 43816
129 43825
129 43826
129 43831
129 43836
129 43837
129 43839
129 43840
129 43847
129 43860
129 43861
129 43865
129 43870
129 43871
129 43874
129 43886
129 43892
129 43897
129 43899
129 43906
129 43916
129 43917
129 43927
129 43930
129 43932
129 43933
129 43940
129 43941
129 43946
129 43953
129 43960
129 43965
129 43966
129 43971
129 43974
129 43976
129 43978
129 43983
129 43984
129 43986
129 43988
129 43995
129 43999
129 44016
129 44017
129 44019
129 44032
129 44034
129 44040
129 44042
129 44048
129 44053
129 44065
129 44066
129 44070
129 44071
129 44075
129 44076
129 44077
129 44087
129 44092
129 44095
129 44107
129 44108
129 44109
129 44110
129 44111
129 44116
129 44117
129 44118
129 44131
129 44145
129 44154
129 44158
129 44159
129 44164
129 44171
129 44172
129 44175
129 44176
129 44178
129 44180
129 44185
129 44188
129 44189
129 44190
129 44196
129 44200
129 44209
129 44210
129 44213
129 44214
129 44215
129 44221
129 44222
129 44225
129 44227
129 44231
129 44233
129 44235
129 44240
129 44241
129 44249
129 44250
129 44251
129 44254
129 44257
129 44259
129 44261
129 44263
129 44266
129 44268
129 44272
129 44282
129 44284
129 44292
129 44304
129 44309
129 44312
129 44316
129 44320
129 44326
129 44327
129 44332
129 44338
129 44344
129 44355
129 44374
129 44382
129 44384
129 44389
129 44391
129 44408
129 44415
129 44418
129 44422
129 44426
129 44428
129 44430
129 44432
129 44434
129 44439
129 44442
129 44444
129 44447
129 44448
129 44449
129 44452
129 44453
129 44455
129 44464
129 44472
129 44481
129 44491
129 44492
129 44493
129 44500
129 44502
129 44506
129 44514
129 44520
129 44527
129 44530
129 44531
129 44532
129 44534
129 44535
129 44544
129 44554
129 44558
129 44567
129 44571
129 44573
129 44574
129 44579
129 44580
129 44583
129 44590
129 44594
129 44595
129 44601
129 44604
129 44608
129 44612
129 44614
129 44617
129 44624
129 44628
129 44637
129 44640
129 44646
129 44647
129 44649
129 44651
129 44656
129 44657
129 44658
129 44659
129 44662
129 44664
129 44667
129 44668
129 44671
129 44674
129 44675
129 44680
129 44692
129 44698
129 44699
129 44703
129 44706
129 44707
129 44710
129 44719
129 44724
129 44735
129 44737
129 44739
129 44741
129 44742
129 44747
129 44748
129 44756
129 44766
129 44769
129 44774
129 44794
129 44797
129 44798
129 44799
129 44800
129 44802
129 44806
129 44809
129 44814
129 44818
129 44825
129 44829
129 44831
129 44832
129 44841
129 44842
129 44866
129 44867
129 44870
129 44871
129 44875
129 44876
129 44877
129 44878
129 44881
129 44883
129 44886
129 44891
129 44899
129 44906
129 44907
129 44908
129 44909
129 44915
129 44917
129 44918
129 44926
129 44928
129 44930
129 44932
129 44936
129 44938
129 44940
129 44958
129 44959
129 44961
129 44962
129 44970
129 44973
129 44984
129 44985
129 44986
129 44988
129 44989
129 44991
129 45001
129 45002
129 45008
129 45013
129 45016
129 45017
129 45018
129 45036
129 45039
129 45042
129 45053
129 45060
129 45063
129 45068
129 45070
129 45071
129 45097
129 45109
129 45112
129 45113
129 45117
129 45123
129 45124
129 45125
129 45129
129 45146
129 45147
129 45148
129 45151
129 45153
129 45156
129 45159
129 45161
129 45163
129 45164
129 45166
129 45170
129 45175
129 45176
129 45177
129 45180
129 45190
129 45191
129 45207
129 45212
129 45213
129 45215
129 45217
129 45218
129 45222
129 45224
129 45228
129 45229
129 45233
129 45236
129 45248
129 45249
129 45251
129 45254
129 45259
129 45261
129 45266
129 45270
129 45271
129 45277
129 45287
129 45297
129 45299
129 45303
129 45305
129 45308
129 45310
129 45312
129 45317
129 45322
129 45323
129 45336
129 45337
129 45338
129 45339
129 45356
129 45359
129 45361
129 45363
129 45369
129 45370
129 45374
129 45378
129 45380
129 45381
129 45390
129 45396
129 45411
129 45413
129 45414
129 45419
129 45425
129 45428
129 45432
129 45434
129 45437
129 45438
129 45443
129 45444
129 45446
129 45457
129 45459
129 45462
129 45466
129 45468
129 45475
129 45478
129 45483
129 45484
129 45486
129 45487
129 45488
129 45495
129 45498
129 45504
129 45506
129 45510
129 45519
129 45522
129 45527
129 45530
129 45532
129 45544
129 45545
129 45550
129 45553
129 45561
129 45564
129 45565
129 45566
129 45568
129 45575
129 45576
129 45577
129 45579
129 45580
129 45583
129 45594
129 45599
129 45600
129 45605
129 45608
129 45612
129 45614
129 45617
129 45627
129 45629
129 45633
129 45635
129 45641
129 45648
129 45649
129 45650
129 45656
129 45659
129 45663
129 45664
129 45666
129 45668
129 45673
129 45676
129 45677
129 45684
129 45686
129 45687
129 45701
129 45704
129 45712
129 45721
129 45722
129 45727
129 45731
129 45732
129 45737
129 45741
129 45742
129 45748
129 45754
129 45757
129 45759
129 45761
129 45764
129 45766
129 45767
129 45769
129 45772
129 45775
129 45786
129 45789
129 45791
129 45794
129 45795
129 45802
129 45811
129 45813
129 45815
129 45817
129 45819
129 45821
129 45832
129 45838
129 45843
129 45847
129 45848
129 45849
129 45855
129 45873
129 45879
129 45880
129 45888
129 45892
129 45893
129 45904
129 45910
129 45917
129 45919
129 45920
129 45922
129 45930
129 45931
129 45936
129 45938
129 45954
129 45955
129 45959
129 45960
129 45963
129 45965
129 45966
129 45967
129 45977
129 45982
129 45986
129 45989
129 46002
129 46011
129 46013
129 46015
129 46024
129 46028
129 46032
129 46039
129 46040
129 46043
129 46061
129 46063
129 46069
129 46071
129 46085
129 46092
129 46095
129 46096
129 46099
129 46100
129 46102
129 46108
129 46113
129 46115
129 46120
129 46122
129 46123
129 46125
129 46132
129 46134
129 46136
129 46141
129 46142
129 46145
129 46149
129 46153
129 46158
129 46159
129 46162
129 46167
129 46168
129 46173
129 46178
129 46181
129 46185
129 46190
129 46194
129 46195
129 46196
129 46198
129 46203
129 46204
129 46208
129 46211
129 46214
129 46215
129 46221
129 46224
129 46225
129 46229
129 46249
129 46250
129 46252
129 46255
129 46262
129 46273
129 46274
129 46279
129 46280
129 46284
129 46292
129 46296
129 46298
129 46301
129 46306
129 46311
129 46312
129 46318
129 46321
129 46322
129 46323
129 46338
129 46341
129 46351
129 46352
129 46362
129 46375
129 46380
129 46386
129 46395
129 46398
129 46405
129 46408
129 46412
129 46420
129 46422
129 46423
129 46424
129 46433
129 46438
129 46439
129 46442
129 46443
129 46446
129 46449
129 46459
129 46462
129 46470
129 46482
129 46486
129 46498
129 46508
129 46514
129 46517
129 46519
129 46520
129 46527
129 46531
129 46540
129 46547
129 46550
129 46562
129 46566
129 46569
129 46577
129 46583
129 46585
129 46590
129 46592
129 46601
129 46609
129 46618
129 46625
129 46628
129 46630
129 46632
129 46635
129 46636
129 46643
129 46644
129 46651
129 46662
129 46667
129 46677
129 46685
129 46690
129 46692
129 46704
129 46708
129 46709
129 46715
129 46716
129 46719
129 46720
129 46725
129 46731
129 46734
129 46737
129 46756
129 46761
129 46762
129 46775
129 46776
129 46780
129 46782
129 46783
129 46784
129 46789
129 46790
129 46794
129 46797
129 46798
129 46809
129 46810
129 46814
129 46816
129 46817
129 46819
129 46820
129 46825
129 46839
129 46841
129 46847
129 46855
129 46860
129 46861
129 46881
129 46882
129 46889
129 46891
129 46892
129 46893
129 46894
129 46900
129 46902
129 46912
129 46914
129 46932
129 46939
129 46947
129 46951
129 46957
129 46959
129 46964
129 46968
129 46969
129 46971
129 46977
129 46982
129 46983
129 46988
129 46992
129 46997
129 47000
129 47002
129 47015
129 47017
129 47025
129 47027
129 47028
129 47030
129 47031
129 47036
129 47039
129 47044
129 47045
129 47046
129 47056
129 47067
129 47068
129 47071
129 47078
129 47090
129 47092
129 47095
129 47096
129 47098
129 47101
129 47106
129 47108
129 47111
129 47116
129 47119
129 47120
129 47121
129 47124
129 47125
129 47127
129 47128
129 47135
129 47145
129 47147
129 47158
129 47163
129 47165
129 47167
129 47168
129 47169
129 47175
129 47184
129 47193
129 47194
129 47201
129 47203
129 47205
129 47207
129 47208
129 47212
129 47223
129 47225
129 47228
129 47229
129 47230
129 47231
129 47233
129 47234
129 47246
129 47251
129 47254
129 47257
129 47258
129 47263
129 47272
129 47278
129 47284
129 47287
129 47297
129 47302
129 47304
129 47306
129 47310
129 47318
129 47321
129 47328
129 47329
129 47335
129 47337
129 47338
129 47339
129 47341
129 47351
129 47352
129 47354
129 47357
129 47358
129 47359
129 47363
129 47365
129 47367
129 47370
129 47383
129 47386
129 47388
129 47391
129 47395
129 47396
129 47397
129 47405
129 47413
129 47414
129 47416
129 47430
129 47443
129 47450
129 47458
129 47459
129 47460
129 47462
129 47465
129 47471
129 47473
129 47474
129 47476
129 47477
129 47478
129 47483
129 47491
129 47498
129 47499
129 47501
129 47507
129 47512
129 47514
129 47518
129 47527
129 47535
129 47543
129 47545
129 47546
129 47548
129 47550
129 47552
129 47553
129 47555
129 47558
129 47559
129 47561
129 47564
129 47567
129 47571
129 47576
129 47587
129 47591
129 47595
129 47597
129 47599
129 47600
129 47603
129 47609
129 47620
129 47627
129 47634
129 47636
129 47640
129 47641
129 47642
129 47645
129 47646
129 47660
129 47662
129 47663
129 47665
129 47673
129 47683
129 47691
129 47698
129 47700
129 47707
129 47709
129 47717
129 47721
129 47724
129 47733
129 47737
129 47749
129 47755
129 47757
129 47762
129 47765
129 47766
129 47771
129 47775
129 47776
129 47781
129 47782
129 47786
129 47792
129 47797
129 47798
129 47800
129 47809
129 47813
129 47816
129 47818
129 47830
129 47831
129 47848
129 47857
129 47861
129 47873
129 47880
129 47881
129 47883
129 47887
129 47890
129 47891
129 47894
129 47899
129 47900
129 47913
129 47915
129 47917
129 47921
129 47923
129 47925
129 47928
129 47944
129 47945
129 47948
129 47950
129 47951
129 47954
129 47959
129 47961
129 47963
129 47964
129 47966
129 47971
129 47972
129 47974
129 47975
129 47977
129 47979
129 47984
129 47993
129 48000
129 48002
129 48006
129 48013
129 48015
129 48017
129 48019
129 48021
129 48026
129 48036
129 48039
129 48044
129 48045
129 48048
129 48054
129 48058
129 48074
129 48079
129 48080
129 48091
129 48095
129 48099
129 48105
129 48110
129 48114
129 48119
129 48121
129 48123
129 48129
129 48130
129 48132
129 48134
129 48135
129 48136
129 48143
129 48151
129 48154
129 48155
129 48158
129 48159
129 48164
129 48168
129 48172
129 48173
129 48174
129 48177
129 48178
129 48192
129 48195
129 48196
129 48200
129 48215
129 48219
129 48229
129 48231
129 48237
129 48241
129 48243
129 48249
129 48253
129 48257
129 48260
129 48265
129 48267
129 48272
129 48281
129 48282
129 48288
129 48289
129 48294
129 48295
129 48303
129 48306
129 48311
129 48314
129 48315
129 48317
129 48340
129 48342
129 48349
129 48350
129 48357
129 48360
129 48365
129 48367
129 48369
129 48370
129 48372
129 48374
129 48375
129 48382
129 48386
129 48389
129 48391
129 48392
129 48394
129 48398
129 48401
129 48408
129 48413
129 48420
129 48427
129 48438
129 48440
129 48442
129 48448
129 48449
129 48457
129 48458
129 48471
129 48476
129 48482
129 48490
129 48493
129 48494
129 48495
129 48496
129 48497
129 48502
129 48505
129 48508
129 48512
129 48514
129 48530
129 48531
129 48537
129 48539
129 48542
129 48544
129 48545
129 48546
129 48547
129 48554
129 48555
129 48556
129 48560
129 48562
129 48563
129 48566
129 48567
129 48569
129 48573
129 48582
129 48584
129 48587
129 48591
129 48597
129 48607
129 48616
129 48617
129 48624
129 48625
129 48630
129 48643
129 48646
129 48647
129 48650
129 48651
129 48654
129 48661
129 48664
129 48672
129 48683
129 48688
129 48695
129 48699
129 48708
129 48712
129 48716
129 48720
129 48728
129 48734
129 48754
129 48764
129 48765
129 48767
129 48774
129 48780
129 48787
129 48788
129 48790
129 48793
129 48795
129 48796
129 48798
129 48802
129 48804
129 48807
129 48813
129 48815
129 48817
129 48818
129 48821
129 48825
129 48831
129 48832
129 48834
129 48842
129 48844
129 48851
129 48852
129 48853
129 48859
129 48875
129 48876
129 48878
129 48887
129 48888
129 48891
129 48892
129 48907
129 48908
129 48919
129 48929
129 48933
129 48936
129 48955
129 48966
129 48971
129 48972
129 48974
129 48977
129 48979
129 48988
129 48991
129 48996
129 48997
129 49001
129 49004
129 49008
129 49009
129 49010
129 49019
129 49021
129 49026
129 49028
129 49036
129 49039
129 49046
129 49051
129 49058
129 49061
129 49071
129 49074
129 49075
129 49077
129 49083
129 49086
129 49088
129 49089
129 49093
129 49096
129 49098
129 49099
129 49102
129 49103
129 49106
129 49110
129 49115
129 49118
129 49128
129 49132
129 49134
129 49135
129 49153
129 49164
129 49173
129 49175
129 49182
129 49187
129 49192
129 49193
129 49195
129 49196
129 49198
129 49204
129 49209
129 49210
129 49211
129 49220
129 49223
129 49225
129 49227
129 49237
129 49245
129 49251
129 49252
129 49257
129 49262
129 49269
129 49275
129 49282
129 49286
129 49289
129 49303
129 49305
129 49311
129 49320
129 49321
129 49326
129 49330
129 49345
129 49346
129 49350
129 49357
129 49359
129 49364
129 49365
129 49369
129 49370
129 49371
129 49373
129 49379
129 49382
129 49384
129 49387
129 49388
129 49391
129 49395
129 49406
129 49412
129 49415
129 49417
129 49419
129 49420
129 49422
129 49423
129 49429
129 49433
129 49438
129 49441
129 49442
129 49443
129 49454
129 49459
129 49464
129 49470
129 49471
129 49477
129 49489
129 49494
129 49500
129 49508
129 49509
129 49520
129 49521
129 49524
129 49525
129 49527
129 49531
129 49533
129 49536
129 49537
129 49538
129 49539
129 49540
129 49541
129 49547
129 49561
129 49562
129 49565
129 49566
129 49569
129 49570
129 49571
129 49576
129 49581
129 49609
129 49613
129 49615
129 49618
129 49620
129 49629
129 49631
129 49641
129 49652
129 49654
129 49661
129 49673
129 49678
129 49679
129 49680
129 49689
129 49694
129 49696
129 49698
129 49699
129 49707
129 49708
129 49713
129 49716
129 49726
129 49730
129 49738
129 49755
129 49756
129 49759
129 49769
129 49770
129 49771
129 49772
129 49776
129 49777
129 49815
129 49822
129 49828
129 49829
129 49832
129 49841
129 49844
129 49851
129 49860
129 49867
129 49878
129 49882
129 49885
129 49891
129 49895
129 49904
129 49905
129 49908
129 49916
129 49918
129 49921
129 49930
129 49937
129 49942
129 49943
129 49947
129 49950
129 49953
129 49958
129 49975
129 49977
129 49989
129 49993
129 50002
129 50004
129 50006
129 50008
129 50015
129 50020
129 50027
129 50030
129 50034
129 50038
129 50043
129 50045
129 50048
129 50051
129 50053
129 50057
129 50060
129 50062
129 50065
129 50074
129 50085
129 50088
129 50090
129 50093
129 50103
129 50113
129 50117
129 50126
129 50142
129 50147
129 50150
129 50152
129 50154
129 50155
129 50162
129 50167
129 50168
129 50183
129 50184
129 50187
129 50188
129 50192
129 50197
129 50198
129 50202
129 50205
129 50207
129 50218
129 50224
129 50226
129 50231
129 50235
129 50241
129 50242
129 50243
129 50252
129 50253
129 50254
129 50255
129 50264
129 50269
129 50273
129 50275
129 50281
129 50282
129 50283
129 50289
129 50290
129 50293
129 50294
129 50313
129 50320
129 50322
129 50326
129 50341
129 50343
129 50347
129 50349
129 50357
129 50358
129 50361
129 50364
129 50365
129 50376
129 50377
129 50382
129 50394
129 50403
129 50409
129 50410
129 50415
129 50416
129 50425
129 50426
129 50428
129 50429
129 50431
129 50432
129 50436
129 50442
129 50448
129 50460
129 50461
129 50468
129 50490
129 50499
129 50506
129 50512
129 50518
129 50521
129 50524
129 50525
129 50533
129 50540
129 50555
129 50562
129 50566
129 50574
129 50575
129 50577
129 50578
129 50582
129 50587
129 50588
129 50593
129 50595
129 50601
129 50604
129 50605
129 50608
129 50609
129 50612
129 50618
129 50622
129 50623
129 50634
129 50635
129 50640
129 50644
129 50654
129 50655
129 50665
129 50666
129 50673
129 50674
129 50675
129 50682
129 50685
129 50686
129 50687
129 50692
129 50693
129 50701
129 50707
129 50708
129 50718
129 50728
129 50731
129 50733
129 50734
129 50735
129 50736
129 50738
129 50744
129 50757
129 50759
129 50760
129 50763
129 50764
129 50772
129 50779
129 50789
129 50799
129 50802
129 50804
129 50826
129 50827
129 50828
129 50830
129 50833
129 50835
129 50838
129 50840
129 50847
129 50850
129 50853
129 50855
129 50858
129 50862
129 50874
129 50875
129 50877
129 50880
129 50885
129 50886
129 50902
129 50906
129 50910
129 50915
129 50918
129 50922
129 50926
129 50937
129 50944
129 50949
129 50950
129 50956
129 50969
129 50971
129 50972
129 50976
129 50981
129 50982
129 50986
129 50990
129 50994
129 51006
129 51008
129 51010
129 51018
129 51022
129 51029
129 51031
129 51033
129 51034
129 51042
129 51046
129 51061
129 51068
129 51079
129 51081
129 51090
129 51096
129 51097
129 51098
129 51099
129 51107
129 51112
129 51117
129 51126
129 51129
129 51131
129 51134
129 51136
129 51137
129 51138
129 51147
129 51162
129 51165
129 51166
129 51174
129 51176
129 51179
129 51181
129 51183
129 51184
129 51199
129 51201
129 51202
129 51203
129 51208
129 51209
129 51213
129 51224
129 51227
129 51230
129 51237
129 51238
129 51245
129 51248
129 51253
129 51263
129 51265
129 51267
129 51274
129 51282
129 51283
129 51300
129 51302
129 51307
129 51317
129 51321
129 51323
129 51325
129 51326
129 51329
129 51338
129 51340
129 51342
129 51343
129 51350
129 51353
129 51367
129 51373
129 51377
129 51379
129 51386
129 51389
129 51393
129 51396
129 51400
129 51405
129 51413
129 51414
129 51416
129 51417
129 51424
129 51432
129 51439
129 51443
129 51446
129 51449
129 51451
129 51456
129 51459
129 51460
129 51462
129 51472
129 51485
129 51486
129 51488
129 51499
129 51502
129 51503
129 51506
129 51508
129 51513
129 51517
129 51525
129 51527
129 51531
129 51533
129 51545
129 51552
129 51557
129 51560
129 51564
129 51574
129 51579
129 51595
129 51598
129 51599
129 51604
129 51607
129 51615
129 51619
129 51620
129 51623
129 51625
129 51628
129 51634
129 51636
129 51642
129 51643
129 51644
129 51650
129 51654
129 51656
129 51657
129 51658
129 51665
129 51670
129 51683
129 51687
129 51694
129 51701
129 51702
129 51704
129 51707
129 51712
129 51716
129 51717
129 51719
129 51724
129 51728
129 51734
129 51735
129 51741
129 51748
129 51750
129 51751
129 51761
129 51775
129 51784
129 51786
129 51787
129 51789
129 51795
129 51797
129 51798
129 51799
129 51801
129 51809
129 51817
129 51818
129 51820
129 51822
129 51823
129 51828
129 51831
129 51833
129 51843
129 51844
129 51848
129 51852
129 51855
129 51856
129 51857
129 51872
129 51874
129 51881
129 51887
129 51890
129 51898
129 51903
129 51906
129 51911
129 51914
129 51920
129 51922
129 51928
129 51931
129 51946
129 51954
129 51956
129 51957
129 51958
129 51962
129 51968
129 51975
129 51976
129 51987
129 51997
129 52003
129 52006
129 52009
129 52022
129 52036
129 52065
129 52075
129 52078
129 52087
129 52096
129 52103
129 52106
129 52122
129 52125
129 52128
129 52140
129 52142
129 52150
129 52155
129 52160
129 52165
129 52168
129 52171
129 52177
129 52178
129 52182
129 52189
129 52198
129 52199
129 52202
129 52207
129 52213
129 52220
129 52221
129 52234
129 52237
129 52239
129 52242
129 52245
129 52267
129 52270
129 52277
129 52289
129 52291
129 52296
129 52301
129 52302
129 52310
129 52312
129 52313
129 52314
129 52328
129 52339
129 52341
129 52346
129 52352
129 52353
129 52359
129 52368
129 52372
129 52375
129 52381
129 52390
129 52402
129 52403
129 52404
129 52406
129 52412
129 52414
129 52419
129 52420
129 52422
129 52428
129 52429
129 52438
129 52446
129 52449
129 52450
129 52462
129 52464
129 52470
129 52473
129 52477
129 52488
129 52489
129 52491
129 52492
129 52508
129 52510
129 52514
129 52516
129 52524
129 52527
129 52530
129 52535
129 52536
129 52538
129 52540
129 52544
129 52551
129 52552
129 52560
129 52563
129 52566
129 52574
129 52578
129 52582
129 52585
129 52586
129 52599
129 52600
129 52602
129 52605
129 52607
129 52620
129 52621
129 52627
129 52634
129 52636
129 52638
129 52639
129 52644
129 52646
129 52648
129 52652
129 52653
129 52654
129 52662
129 52666
129 52672
129 52673
129 52677
129 52686
129 52690
129 52691
129 52696
129 52701
129 52707
129 52710
129 52717
129 52718
129 52720
129 52721
129 52741
129 52750
129 52752
129 52754
129 52756
129 52758
129 52762
129 52765
129 52768
129 52772
129 52773
129 52782
129 52783
129 52787
129 52790
129 52794
129 52796
129 52802
129 52803
129 52807
129 52812
129 52813
129 52816
129 52824
129 52831
129 52832
129 52836
129 52838
129 52841
129 52848
129 52858
129 52870
129 52871
129 52898
129 52903
129 52904
129 52910
129 52911
129 52915
129 52916
129 52921
129 52927
129 52934
129 52942
129 52945
129 52950
129 52955
129 52957
129 52961
129 52977
129 52980
129 52981
129 52990
129 52992
129 52993
129 53001
129 53005
129 53008
129 53009
129 53010
129 53014
129 53025
129 53027
129 53034
129 53041
129 53043
129 53051
129 53053
129 53057
129 53058
129 53063
129 53066
129 53068
129 53069
129 53076
129 53081
129 53082
129 53091
129 53094
129 53095
129 53102
129 53110
129 53120
129 53125
129 53131
129 53134
129 53140
129 53146
129 53147
129 53152
129 53160
129 53171
129 53172
129 53184
129 53185
129 53187
129 53188
129 53189
129 53193
129 53199
129 53200
129 53201
129 53203
129 53208
129 53215
129 53223
129 53224
129 53225
129 53229
129 53238
129 53246
129 53252
129 53257
129 53264
129 53266
129 53273
129 53280
129 53281
129 53288
129 53291
129 53294
129 53297
129 53306
129 53310
129 53317
129 53320
129 53328
129 53331
129 53334
129 53347
129 53348
129 53360
129 53368
129 53373
129 53374
129 53381
129 53382
129 53389
129 53397
129 53398
129 53405
129 53412
129 53413
129 53414
129 53419
129 53422
129 53428
129 53429
129 53433
129 53442
129 53443
129 53449
129 53452
129 53454
129 53467
129 53471
129 53485
129 53486
129 53488
129 53491
129 53494
129 53495
129 53497
129 53502
129 53503
129 53506
129 53508
129 53513
129 53516
129 53517
129 53523
129 53526
129 53527
129 53531
129 53537
129 53538
129 53541
129 53543
129 53544
129 53552
129 53555
129 53556
129 53569
129 53577
129 53584
129 53588
129 53603
129 53606
129 53608
129 53620
129 53622
129 53625
129 53633
129 53640
129 53646
129 53648
129 53656
129 53668
129 53669
129 53675
129 53683
129 53686
129 53689
129 53690
129 53694
129 53696
129 53702
129 53703
129 53725
129 53727
129 53732
129 53735
129 53738
129 53749
129 53763
129 53764
129 53765
129 53767
129 53780
129 53784
129 53792
129 53795
129 53800
129 53808
129 53809
129 53811
129 53825
129 53827
129 53828
129 53831
129 53836
129 53840
129 53841
129 53844
129 53849
129 53855
129 53856
129 53858
129 53861
129 53864
129 53865
129 53866
129 53874
129 53879
129 53884
129 53888
129 53891
129 53894
129 53895
129 53902
129 53903
129 53905
129 53913
129 53914
129 53915
129 53917
129 53920
129 53931
129 53936
129 53937
129 53944
129 53949
129 53951
129 53962
129 53964
129 53969
129 53977
129 53980
129 53986
129 53995
129 53996
129 53999
129 54000
129 54001
129 54006
129 54012
129 54013
129 54014
129 54026
129 54035
129 54036
129 54039
129 54045
129 54050
129 54051
129 54055
129 54061
129 54062
129 54067
129 54069
129 54073
129 54075
129 54077
129 54080
129 54082
129 54083
129 54087
129 54088
129 54091
129 54096
129 54103
129 54106
129 54115
129 54117
129 54121
129 54139
129 54141
129 54145
129 54146
129 54147
129 54148
129 54154
129 54157
129 54173
129 54177
129 54180
129 54184
129 54190
129 54191
129 54192
129 54196
129 54204
129 54205
129 54206
129 54210
129 54217
129 54225
129 54228
129 54230
129 54231
129 54232
129 54234
129 54235
129 54236
129 54240
129 54241
129 54257
129 54260
129 54262
129 54265
129 54273
129 54274
129 54282
129 54283
129 54284
129 54289
129 54292
129 54303
129 54304
129 54307
129 54314
129 54319
129 54320
129 54326
129 54331
129 54333
129 54340
129 54344
129 54346
129 54348
129 54352
129 54356
129 54369
129 54370
129 54373
129 54374
129 54375
129 54377
129 54382
129 54383
129 54384
129 54387
129 54390
129 54391
129 54398
129 54399
129 54409
129 54413
129 54414
129 54416
129 54420
129 54422
129 54427
129 54434
129 54435
129 54445
129 54448
129 54450
129 54453
129 54463
129 54464
129 54467
129 54478
129 54483
129 54487
129 54488
129 54492
129 54493
129 54497
129 54502
129 54503
129 54504
129 54507
129 54517
129 54519
129 54534
129 54537
129 54540
129 54542
129 54544
129 54545
129 54549
129 54550
129 54560
129 54564
129 54570
129 54572
129 54573
129 54574
129 54582
129 54585
129 54597
129 54599
129 54600
129 54601
129 54613
129 54615
129 54620
129 54622
129 54627
129 54629
129 54633
129 54646
129 54657
129 54663
129 54670
129 54677
129 54680
129 54687
129 54688
129 54700
129 54718
129 54725
129 54733
129 54734
129 54744
129 54753
129 54761
129 54763
129 54764
129 54780
129 54783
129 54789
129 54793
129 54797
129 54803
129 54808
129 54811
129 54816
129 54820
129 54823
129 54825
129 54826
129 54830
129 54831
129 54836
129 54837
129 54838
129 54844
129 54848
129 54856
129 54857
129 54860
129 54861
129 54868
129 54874
129 54876
129 54877
129 54881
129 54883
129 54887
129 54892
129 54894
129 54895
129 54902
129 54912
129 54919
129 54923
129 54925
129 54927
129 54930
129 54931
129 54935
129 54944
129 54946
129 54949
129 54951
129 54952
129 54957
129 54960
129 54966
129 54983
129 54994
129 54995
129 55000
129 55016
129 55020
129 55023
129 55024
129 55027
129 55029
129 55032
129 55035
129 55042
129 55043
129 55045
129 55049
129 55055
129 55069
129 55070
129 55071
129 55072
129 55073
129 55074
129 55075
129 55082
129 55088
129 55089
129 55090
129 55092
129 55100
129 55118
129 55134
129 55138
129 55140
129 55143
129 55147
129 55149
129 55151
129 55162
129 55163
129 55165
129 55177
129 55179
129 55180
129 55190
129 55199
129 55202
129 55206
129 55211
129 55212
129 55213
129 55219
129 55220
129 55224
129 55226
129 55235
129 55237
129 55239
129 55249
129 55255
129 55260
129 55263
129 55269
129 55271
129 55274
129 55276
129 55280
129 55286
129 55287
129 55300
129 55301
129 55303
129 55304
129 55308
129 55316
129 55319
129 55321
129 55329
129 55333
129 55334
129 55339
129 55346
129 55347
129 55360
129 55371
129 55374
129 55377
129 55383
129 55391
129 55395
129 55397
129 55407
129 55410
129 55415
129 55424
129 55426
129 55437
129 55458
129 55463
129 55470
129 55471
129 55492
129 55510
129 55511
129 55518
129 55523
129 55535
129 55539
129 55540
129 55555
129 55558
129 55561
129 55562
129 55564
129 55571
129 55573
129 55574
129 55585
129 55590
129 55603
129 55604
129 55610
129 55611
129 55612
129 55614
129 55616
129 55617
129 55618
129 55624
129 55626
129 55629
129 55636
129 55638
129 55644
129 55645
129 55647
129 55648
129 55651
129 55654
129 55658
129 55660
129 55661
129 55666
129 55667
129 55674
129 55680
129 55681
129 55687
129 55691
129 55698
129 55709
129 55719
129 55721
129 55726
129 55729
129 55730
129 55735
129 55747
129 55752
129 55753
129 55773
129 55775
129 55777
129 55778
129 55780
129 55782
129 55785
129 55787
129 55788
129 55790
129 55798
129 55800
129 55804
129 55807
129 55813
129 55815
129 55817
129 55819
129 55822
129 55832
129 55840
129 55847
129 55858
129 55859
129 55860
129 55864
129 55872
129 55873
129 55877
129 55881
129 55882
129 55890
129 55900
129 55902
129 55916
129 55917
129 55919
129 55926
129 55932
129 55933
129 55935
129 55938
129 55939
129 55951
129 55961
129 55963
129 55967
129 55969
129 55970
129 55973
129 55980
129 55982
129 55996
129 56002
129 56003
129 56004
129 56009
129 56011
129 56014
129 56017
129 56018
129 56021
129 56023
129 56026
129 56027
129 56038
129 56039
129 56044
129 56047
129 56048
129 56054
129 56056
129 56061
129 56067
129 56071
129 56075
129 56079
129 56081
129 56084
129 56089
129 56090
129 56093
129 56097
129 56105
129 56114
129 56120
129 56127
129 56137
129 56139
129 56141
129 56145
129 56147
129 56148
129 56158
129 56165
129 56170
129 56174
129 56176
129 56178
129 56184
129 56190
129 56197
129 56199
129 56205
129 56208
129 56209
129 56221
129 56226
129 56231
129 56232
129 56233
129 56245
129 56249
129 56250
129 56251
129 56259
129 56262
129 56264
129 56272
129 56282
129 56284
129 56292
129 56301
129 56308
129 56318
129 56337
129 56339
129 56341
129 56354
129 56355
129 56364
129 56371
129 56382
129 56396
129 56398
129 56401
129 56409
129 56410
129 56412
129 56415
129 56418
129 56427
129 56434
129 56441
129 56442
129 56445
129 56449
129 56451
129 56453
129 56457
129 56458
129 56474
129 56478
129 56480
129 56481
129 56483
129 56488
129 56495
129 56498
129 56510
129 56511
129 56512
129 56513
129 56514
129 56519
129 56525
129 56527
129 56536
129 56542
129 56546
129 56548
129 56549
129 56561
129 56577
129 56581
129 56582
129 56589
129 56592
129 56596
129 56601
129 56602
129 56606
129 56607
129 56608
129 56610
129 56618
129 56619
129 56625
129 56627
129 56628
129 56638
129 56640
129 56644
129 56649
129 56659
129 56661
129 56664
129 56668
129 56669
129 56676
129 56688
129 56689
129 56693
129 56694
129 56695
129 56697
129 56699
129 56701
129 56705
129 56707
129 56709
129 56712
129 56716
129 56721
129 56726
129 56730
129 56731
129 56733
129 56739
129 56741
129 56743
129 56758
129 56759
129 56774
129 56777
129 56779
129 56780
129 56788
129 56792
129 56794
129 56800
129 56801
129 56803
129 56810
129 56814
129 56818
129 56824
129 56831
129 56832
129 56833
129 56837
129 56842
129 56846
129 56847
129 56851
129 56856
129 56860
129 56862
129 56865
129 56868
129 56874
129 56876
129 56878
129 56895
129 56906
129 56909
129 56912
129 56916
129 56921
129 56925
129 56929
129 56933
129 56943
129 56945
129 56948
129 56949
129 56950
129 56955
129 56956
129 56957
129 56968
129 56973
129 56977
129 56985
129 56987
129 56992
129 56997
129 56998
129 56999
129 57004
129 57009
129 57012
129 57016
129 57019
129 57020
129 57023
129 57030
129 57031
129 57032
129 57033
129 57040
129 57044
129 57047
129 57053
129 57059
129 57064
129 57071
129 57079
129 57080
129 57096
129 57097
129 57101
129 57103
129 57105
129 57111
129 57112
129 57118
129 57130
129 57131
129 57135
129 57140
129 57142
129 57148
129 57151
129 57155
129 57169
129 57171
129 57174
129 57180
129 57181
129 57189
129 57192
129 57206
129 57210
129 57214
129 57215
129 57225
129 57231
129 57239
129 57241
129 57246
129 57247
129 57259
129 57268
129 57269
129 57277
129 57279
129 57281
129 57283
129 57284
129 57291
129 57296
129 57301
129 57305
129 57306
129 57308
129 57335
129 57337
129 57338
129 57341
129 57342
129 57343
129 57346
129 57347
129 57348
129 57349
129 57350
129 57386
129 57389
129 57405
129 57408
129 57409
129 57410
129 57413
129 57417
129 57424
129 57426
129 57430
129 57431
129 57433
129 57437
129 57438
129 57448
129 57453
129 57454
129 57461
129 57463
129 57465
129 57478
129 57484
129 57486
129 57488
129 57489
129 57490
129 57499
129 57500
129 57504
129 57508
129 57510
129 57513
129 57514
129 57522
129 57529
129 57530
129 57533
129 57538
129 57541
129 57542
129 57545
129 57551
129 57563
129 57566
129 57567
129 57577
129 57584
129 57593
129 57595
129 57599
129 57600
129 57602
129 57605
129 57606
129 57607
129 57610
129 57617
129 57618
129 57625
129 57627
129 57630
129 57631
129 57633
129 57636
129 57639
129 57640
129 57647
129 57648
129 57656
129 57664
129 57669
129 57676
129 57680
129 57688
129 57699
129 57703
129 57704
129 57710
129 57713
129 57716
129 57734
129 57736
129 57737
129 57743
129 57744
129 57745
129 57749
129 57750
129 57772
129 57781
129 57782
129 57787
129 57790
129 57791
129 57793
129 57805
129 57807
129 57812
129 57815
129 57819
129 57820
129 57825
129 57835
129 57837
129 57847
129 57848
129 57853
129 57861
129 57864
129 57873
129 57875
129 57878
129 57884
129 57888
129 57889
129 57905
129 57908
129 57915
129 57924
129 57939
129 57945
129 57946
129 57948
129 57952
129 57957
129 57960
129 57977
129 57980
129 57981
129 57983
129 57992
129 57995
129 58007
129 58008
129 58009
129 58014
129 58018
129 58028
129 58029
129 58030
129 58032
129 58039
129 58048
129 58053
129 58058
129 58063
129 58068
129 58080
129 58085
129 58086
129 58088
129 58100
129 58101
129 58108
129 58117
129 58119
129 58121
129 58125
129 58133
129 58136
129 58140
129 58142
129 58144
129 58148
129 58160
129 58161
129 58165
129 58169
129 58171
129 58176
129 58180
129 58192
129 58195
129 58201
129 58203
129 58204
129 58205
129 58216
129 58218
129 58219
129 58223
129 58226
129 58230
129 58232
129 58236
129 58238
129 58243
129 58244
129 58247
129 58257
129 58264
129 58265
129 58271
129 58272
129 58278
129 58280
129 58282
129 58287
129 58288
129 58295
129 58296
129 58297
129 58298
129 58302
129 58304
129 58307
129 58309
129 58311
129 58318
129 58331
129 58334
129 58339
129 58348
129 58349
129 58351
129 58356
129 58357
129 58358
129 58368
129 58378
129 58393
129 58394
129 58398
129 58402
129 58404
129 58409
129 58412
129 58415
129 58425
129 58428
129 58430
129 58431
129 58432
129 58436
129 58442
129 58443
129 58445
129 58456
129 58457
129 58479
129 58484
129 58485
129 58486
129 58495
129 58500
129 58502
129 58512
129 58513
129 58520
129 58527
129 58529
129 58531
129 58537
129 58544
129 58551
129 58554
129 58563
129 58564
129 58576
129 58577
129 58578
129 58582
129 58586
129 58590
129 58597
129 58598
129 58603
129 58610
129 58613
129 58614
129 58619
129 58621
129 58624
129 58625
129 58631
129 58632
129 58634
129 58635
129 58638
129 58639
129 58640
129 58642
129 58643
129 58646
129 58653
129 58658
129 58662
129 58663
129 58665
129 58667
129 58669
129 58673
129 58681
129 58682
129 58684
129 58686
129 58687
129 58688
129 58690
129 58691
129 58698
129 58699
129 58701
129 58702
129 58704
129 58707
129 58709
129 58712
129 58717
129 58720
129 58723
129 58724
129 58725
129 58729
129 58736
129 58737
129 58740
129 58743
129 58749
129 58754
129 58755
129 58760
129 58767
129 58774
129 58777
129 58779
129 58783
129 58792
129 58794
129 58798
129 58801
129 58807
129 58813
129 58827
129 58831
129 58836
129 58841
129 58846
129 58852
129 58863
129 58874
129 58877
129 58878
129 58879
129 58881
129 58886
129 58889
129 58892
129 58894
129 58895
129 58902
129 58903
129 58911
129 58913
129 58916
129 58929
129 58939
129 58941
129 58947
129 58948
129 58954
129 58957
129 58958
129 58961
129 58967
129 58986
129 58990
129 58992
129 58997
129 58998
129 59009
129 59013
129 59015
129 59019
129 59021
129 59026
129 59049
129 59053
129 59055
129 59058
129 59059
129 59061
129 59062
129 59067
129 59069
129 59080
129 59085
129 59092
129 59093
129 59096
129 59101
129 59102
129 59107
129 59108
129 59114
129 59120
129 59135
129 59136
129 59141
129 59143
129 59148
129 59150
129 59157
129 59158
129 59163
129 59164
129 59165
129 59167
129 59172
129 59176
129 59177
129 59184
129 59187
129 59189
129 59190
129 59196
129 59198
129 59199
129 59203
129 59209
129 59211
129 59214
129 59218
129 59227
129 59228
129 59235
129 59236
129 59241
129 59247
129 59248
129 59253
129 59256
129 59257
129 59261
129 59264
129 59270
129 59276
129 59278
129 59284
129 59286
129 59290
129 59291
129 59294
129 59296
129 59297
129 59302
129 59308
129 59311
129 59322
129 59325
129 59334
129 59336
129 59338
129 59342
129 59355
129 59358
129 59363
129 59381
129 59384
129 59391
129 59393
129 59400
129 59401
129 59403
129 59406
129 59415
129 59417
129 59423
129 59433
129 59440
129 59442
129 59443
129 59445
129 59446
129 59450
129 59453
129 59455
129 59459
129 59462
129 59466
129 59471
129 59475
129 59486
129 59487
129 59493
129 59495
129 59497
129 59504
129 59507
129 59521
129 59525
129 59529
129 59537
129 59538
129 59540
129 59541
129 59542
129 59543
129 59544
129 59553
129 59563
129 59579
129 59586
129 59589
129 59593
129 59606
129 59608
129 59612
129 59620
129 59628
129 59633
129 59635
129 59637
129 59640
129 59648
129 59677
129 59678
129 59679
129 59687
129 59689
129 59693
129 59694
129 59695
129 59696
129 59700
129 59712
129 59719
129 59727
129 59729
129 59730
129 59731
129 59735
129 59737
129 59740
129 59745
129 59747
129 59753
129 59760
129 59767
129 59773
129 59776
129 59778
129 59783
129 59788
129 59793
129 59794
129 59795
129 59796
129 59803
129 59806
129 59813
129 59814
129 59826
129 59827
129 59830
129 59831
129 59838
129 59839
129 59852
129 59855
129 59856
129 59862
129 59863
129 59865
129 59870
129 59874
129 59877
129 59878
129 59880
129 59886
129 59894
129 59895
129 59899
129 59900
129 59910
129 59911
129 59918
129 59923
129 59927
129 59929
129 59934
129 59940
129 59943
129 59944
129 59950
129 59957
129 59958
129 59959
129 59962
129 59965
129 59966
129 59975
129 59986
129 59993
129 60004
129 60005
129 60007
129 60017
129 60032
129 60034
129 60036
129 60040
129 60042
129 60043
129 60044
129 60049
129 60050
129 60055
129 60057
129 60063
129 60073
129 60074
129 60076
129 60079
129 60084
129 60085
129 60088
129 60095
129 60096
129 60098
129 60100
129 60103
129 60113
129 60120
129 60121
129 60125
129 60129
129 60131
129 60134
129 60138
129 60140
129 60142
129 60143
129 60146
129 60148
129 60149
129 60168
129 60170
129 60174
129 60185
129 60189
129 60190
129 60194
129 60200
129 60202
129 60215
129 60225
129 60235
129 60240
129 60244
129 60248
129 60252
129 60254
129 60255
129 60256
129 60259
129 60260
129 60270
129 60272
129 60274
129 60275
129 60278
129 60282
129 60291
129 60292
129 60293
129 60294
129 60297
129 60302
129 60308
129 60310
129 60311
129 60313
129 60320
129 60327
129 60329
129 60330
129 60334
129 60338
129 60349
129 60359
129 60360
129 60362
129 60365
129 60368
129 60376
129 60382
129 60385
129 60386
129 60388
129 60389
129 60391
129 60397
129 60398
129 60407
129 60409
129 60412
129 60413
129 60422
129 60430
129 60432
129 60433
129 60443
129 60447
129 60449
129 60450
129 60459
129 60462
129 60468
129 60469
129 60470
129 60474
129 60484
129 60490
129 60491
129 60496
129 60497
129 60498
129 60499
129 60502
129 60503
129 60504
129 60516
129 60524
129 60527
129 60537
129 60541
129 60542
129 60545
129 60548
129 60549
129 60555
129 60556
129 60559
129 60560
129 60564
129 60565
129 60567
129 60570
129 60571
129 60577
129 60579
129 60580
129 60581
129 60582
129 60587
129 60593
129 60594
129 60595
129 60599
129 60615
129 60624
129 60626
129 60629
129 60638
129 60648
129 60650
129 60652
129 60654
129 60657
129 60660
129 60664
129 60674
129 60676
129 60687
129 60688
129 60689
129 60692
129 60694
129 60695
129 60696
129 60697
129 60698
129 60700
129 60701
129 60703
129 60708
129 60711
129 60715
129 60718
129 60725
129 60726
129 60729
129 60731
129 60736
129 60737
129 60740
129 60742
129 60748
129 60751
129 60754
129 60756
129 60757
129 60759
129 60760
129 60766
129 60785
129 60788
129 60798
129 60804
129 60806
129 60807
129 60808
129 60814
129 60819
129 60822
129 60823
129 60827
129 60831
129 60832
129 60833
129 60841
129 60847
129 60853
129 60861
129 60864
129 60868
129 60876
129 60890
129 60895
129 60897
129 60903
129 60906
129 60911
129 60915
129 60920
129 60927
129 60931
129 60937
129 60939
129 60941
129 60942
129 60943
129 60945
129 60955
129 60957
129 60970
129 60971
129 60988
129 60991
129 60998
129 61001
129 61004
129 61005
129 61006
129 61008
129 61009
129 61023
129 61026
129 61031
129 61040
129 61051
129 61054
129 61057
129 61072
129 61075
129 61086
129 61089
129 61090
129 61101
129 61111
129 61117
129 61118
129 61120
129 61123
129 61127
129 61133
129 61138
129 61142
129 61146
129 61147
129 61155
129 61156
129 61166
129 61171
129 61174
129 61181
129 61187
129 61192
129 61193
129 61195
129 61199
129 61210
129 61212
129 61217
129 61218
129 61225
129 61230
129 61234
129 61248
129 61251
129 61252
129 61253
129 61255
129 61261
129 61264
129 61265
129 61267
129 61269
129 61273
129 61290
129 61291
129 61293
129 61296
129 61298
129 61299
129 61300
129 61301
129 61304
129 61308
129 61315
129 61319
129 61321
129 61326
129 61331
129 61338
129 61343
129 61350
129 61351
129 61353
129 61355
129 61359
129 61360
129 61361
129 61365
129 61368
129 61370
129 61375
129 61377
129 61385
129 61386
129 61388
129 61391
129 61392
129 61399
129 61407
129 61410
129 61425
129 61438
129 61451
129 61454
129 61457
129 61461
129 61465
129 61473
129 61474
129 61482
129 61484
129 61488
129 61493
129 61498
129 61500
129 61502
129 61504
129 61510
129 61514
129 61525
129 61528
129 61531
129 61533
129 61535
129 61541
129 61545
129 61548
129 61550
129 61559
129 61564
129 61569
129 61570
129 61576
129 61577
129 61584
129 61589
129 61592
129 61596
129 61597
129 61605
129 61606
129 61608
129 61609
129 61611
129 61614
129 61628
129 61631
129 61638
129 61642
129 61643
129 61644
129 61645
129 61657
129 61659
129 61660
129 61664
129 61667
129 61668
129 61672
129 61673
129 61675
129 61686
129 61697
129 61699
129 61704
129 61707
129 61722
129 61723
129 61726
129 61732
129 61733
129 61734
129 61745
129 61752
129 61753
129 61755
129 61758
129 61759
129 61762
129 61772
129 61774
129 61783
129 61785
129 61786
129 61791
129 61796
129 61797
129 61799
129 61804
129 61806
129 61817
129 61820
129 61821
129 61824
129 61825
129 61832
129 61841
129 61843
129 61854
129 61855
129 61860
129 61864
129 61868
129 61869
129 61872
129 61873
129 61874
129 61880
129 61881
129 61883
129 61884
129 61885
129 61886
129 61890
129 61894
129 61897
129 61898
129 61900
129 61903
129 61904
129 61906
129 61907
129 61910
129 61912
129 61916
129 61923
129 61933
129 61941
129 61943
129 61945
129 61946
129 61947
129 61951
129 61953
129 61954
129 61959
129 61967
129 61968
129 61973
129 61975
129 61979
129 61993
129 61996
129 61997
129 62001
129 62005
129 62009
129 62011
129 62014
129 62016
129 62026
129 62032
129 62034
129 62040
129 62041
129 62044
129 62050
129 62056
129 62061
129 62066
129 62067
129 62069
129 62074
129 62075
129 62080
129 62083
129 62087
129 62090
129 62092
129 62096
129 62097
129 62108
129 62120
129 62124
129 62125
129 62126
129 62149
129 62160
129 62175
129 62178
129 62182
129 62186
129 62191
129 62193
129 62195
129 62200
129 62207
129 62209
129 62210
129 62215
129 62217
129 62218
129 62220
129 62229
129 62233
129 62235
129 62241
129 62244
129 62248
129 62249
129 62253
129 62257
129 62259
129 62279
129 62288
129 62290
129 62291
129 62294
129 62299
129 62302
129 62304
129 62307
129 62311
129 62313
129 62316
129 62317
129 62322
129 62328
129 62335
129 62336
129 62341
129 62346
129 62356
129 62358
129 62363
129 62367
129 62368
129 62371
129 62373
129 62391
129 62395
129 62399
129 62403
129 62405
129 62406
129 62407
129 62409
129 62416
129 62417
129 62419
129 62424
129 62425
129 62426
129 62428
129 62430
129 62433
129 62436
129 62437
129 62439
129 62440
129 62445
129 62457
129 62463
129 62492
129 62497
129 62498
129 62500
129 62514
129 62517
129 62518
129 62521
129 62524
129 62531
129 62533
129 62534
129 62535
129 62539
129 62542
129 62549
129 62560
129 62567
129 62571
129 62573
129 62584
129 62593
129 62600
129 62603
129 62604
129 62623
129 62637
129 62644
129 62645
129 62663
129 62673
129 62675
129 62679
129 62681
129 62684
129 62687
129 62693
129 62697
129 62702
129 62703
129 62706
129 62707
129 62709
129 62714
129 62717
129 62721
129 62723
129 62724
129 62725
129 62729
129 62732
129 62739
129 62741
129 62747
129 62748
129 62769
129 62778
129 62789
129 62796
129 62799
129 62801
129 62802
129 62809
129 62810
129 62816
129 62818
129 62821
129 62822
129 62829
129 62833
129 62835
129 62851
129 62853
129 62857
129 62863
129 62864
129 62870
129 62873
129 62874
129 62888
129 62893
129 62894
129 62899
129 62901
129 62902
129 62905
129 62911
129 62912
129 62917
129 62920
129 62930
129 62937
129 62939
129 62946
129 62950
129 62951
129 62952
129 62954
129 62957
129 62961
129 62982
129 62983
129 62985
129 62989
129 62993
129 62996
129 63001
129 63006
129 63007
129 63021
129 63022
129 63027
129 63036
129 63037
129 63039
129 63040
129 63046
129 63054
129 63055
129 63057
129 63068
129 63077
129 63078
129 63081
129 63085
129 63087
129 63089
129 63091
129 63095
129 63096
129 63106
129 63112
129 63115
129 63119
129 63126
129 63140
129 63145
129 63149
129 63150
129 63157
129 63159
129 63168
129 63173
129 63185
129 63194
129 63198
129 63201
129 63208
129 63211
129 63215
129 63219
129 63233
129 63237
129 63242
129 63248
129 63251
129 63255
129 63256
129 63259
129 63265
129 63266
129 63271
129 63277
129 63280
129 63283
129 63290
129 63293
129 63299
129 63301
129 63313
129 63320
129 63333
129 63335
129 63341
129 63347
129 63359
129 63363
129 63380
129 63388
129 63394
129 63397
129 63406
129 63408
129 63412
129 63414
129 63420
129 63423
129 63424
129 63428
129 63431
129 63433
129 63443
129 63445
129 63454
129 63464
129 63466
129 63467
129 63481
129 63491
129 63493
129 63502
129 63507
129 63510
129 63514
129 63515
129 63522
129 63527
129 63530
129 63531
129 63533
129 63534
129 63546
129 63557
129 63560
129 63561
129 63563
129 63574
129 63577
129 63588
129 63590
129 63597
129 63598
129 63600
129 63608
129 63618
129 63619
129 63621
129 63625
129 63626
129 63631
129 63633
129 63635
129 63638
129 63641
129 63644
129 63645
129 63646
129 63650
129 63653
129 63661
129 63665
129 63680
129 63682
129 63683
129 63688
129 63692
129 63695
129 63696
129 63700
129 63703
129 63710
129 63714
129 63723
129 63724
129 63729
129 63731
129 63748
129 63757
129 63758
129 63763
129 63765
129 63775
129 63780
129 63793
129 63794
129 63804
129 63807
129 63809
129 63812
129 63815
129 63816
129 63821
129 63827
129 63828
129 63831
129 63837
129 63846
129 63848
129 63850
129 63851
129 63854
129 63857
129 63864
129 63870
129 63878
129 63879
129 63885
129 63896
129 63897
129 63906
129 63911
129 63915
129 63917
129 63921
129 63923
129 63927
129 63930
129 63931
129 63933
129 63934
129 63935
129 63936
129 63943
129 63945
129 63948
129 63950
129 63951
129 63955
129 63958
129 63976
129 63977
129 63979
129 63987
129 63988
129 63990
129 63991
129 63994
129 64001
129 64002
129 64004
129 64005
129 64015
129 64021
129 64024
129 64028
129 64032
129 64039
129 64049
129 64050
129 64057
129 64077
129 64088
129 64089
129 64090
129 64093
129 64103
129 64106
129 64108
129 64114
129 64122
129 64125
129 64127
129 64129
129 64133
129 64136
129 64137
129 64138
129 64145
129 64146
129 64150
129 64152
129 64158
129 64161
129 64163
129 64164
129 64168
129 64181
129 64184
129 64189
129 64190
129 64192
129 64201
129 64202
129 64206
129 64218
129 64219
129 64222
129 64230
129 64233
129 64234
129 64235
129 64239
129 64242
129 64243
129 64244
129 64251
129 64264
129 64271
129 64272
129 64274
129 64282
129 64286
129 64287
129 64291
129 64292
129 64295
129 64301
129 64306
129 64316
129 64317
129 64320
129 64326
129 64327
129 64330
129 64339
129 64342
129 64344
129 64360
129 64361
129 64370
129 64373
129 64374
129 64377
129 64381
129 64382
129 64388
129 64394
129 64397
129 64398
129 64404
129 64406
129 64412
129 64415
129 64419
129 64420
129 64426
129 64429
129 64432
129 64433
129 64443
129 64456
129 64473
129 64478
129 64481
129 64484
129 64491
129 64493
129 64497
129 64502
129 64507
129 64519
129 64521
129 64526
129 64531
129 64533
129 64534
129 64539
129 64546
129 64552
129 64553
129 64557
129 64560
129 64563
129 64564
129 64565
129 64575
129 64576
129 64585
129 64588
129 64598
129 64599
129 64601
129 64610
129 64611
129 64619
129 64624
129 64626
129 64634
129 64641
129 64643
129 64649
129 64655
129 64662
129 64666
129 64672
129 64674
129 64676
129 64678
129 64679
129 64683
129 64685
129 64686
129 64694
129 64702
129 64706
129 64710
129 64713
129 64728
129 64731
129 64732
129 64735
129 64738
129 64745
129 64747
129 64750
129 64752
129 64756
129 64759
129 64760
129 64761
129 64762
129 64767
129 64769
129 64773
129 64774
129 64776
129 64779
129 64780
129 64781
129 64791
129 64805
129 64806
129 64810
129 64822
129 64825
129 64829
129 64845
129 64846
129 64847
129 64864
129 64872
129 64877
129 64886
129 64900
129 64910
129 64920
129 64925
129 64932
129 64941
129 64963
129 64964
129 64968
129 64973
129 64974
129 64977
129 64990
129 64991
129 64996
129 65000
129 65001
129 65002
129 65003
129 65006
129 65008
129 65010
129 65017
129 65019
129 65021
129 65022
129 65026
129 65027
129 65032
129 65035
129 65040
129 65043
129 65044
129 65052
129 65054
129 65058
129 65059
129 65061
129 65062
129 65069
129 65071
129 65076
129 65087
129 65089
129 65092
129 65094
129 65099
129 65101
129 65103
129 65106
129 65112
129 65113
129 65114
129 65120
129 65124
129 65130
129 65135
129 65136
129 65144
129 65145
129 65147
129 65155
129 65157
129 65159
129 65164
129 65166
129 65169
129 65174
129 65175
129 65181
129 65183
129 65187
129 65205
129 65212
129 65217
129 65224
129 65231
129 65233
129 65235
129 65238
129 65239
129 65257
129 65260
129 65261
129 65265
129 65280
129 65284
129 65286
129 65290
129 65291
129 65309
129 65310
129 65318
129 65322
129 65323
129 65324
129 65325
129 65336
129 65339
129 65343
129 65346
129 65352
129 65360
129 65363
129 65364
129 65375
129 65379
129 65384
129 65393
129 65394
129 65397
129 65404
129 65407
129 65408
129 65409
129 65411
129 65416
129 65418
129 65419
129 65424
129 65447
129 65455
129 65456
129 65465
129 65480
129 65482
129 65486
129 65493
129 65496
129 65504
129 65507
129 65512
129 65514
129 65516
129 65517
129 65529
129 65530
129 65533
129 65540
129 65544
129 65548
129 65557
129 65566
129 65567
129 65571
129 65572
129 65579
129 65583
129 65584
129 65587
129 65590
129 65591
129 65593
129 65595
129 65597
129 65598
129 65600
129 65602
129 65611
129 65615
129 65626
129 65627
129 65631
129 65634
129 65637
129 65643
129 65648
129 65655
129 65658
129 65667
129 65673
129 65674
129 65676
129 65678
129 65685
129 65686
129 65689
129 65694
129 65699
129 65703
129 65706
129 65707
129 65708
129 65710
129 65719
129 65720
129 65731
129 65733
129 65735
129 65754
129 65762
129 65769
129 65775
129 65779
129 65785
129 65789
129 65791
129 65802
129 65803
129 65805
129 65809
129 65813
129 65818
129 65825
129 65829
129 65831
129 65833
129 65834
129 65835
129 65844
129 65851
129 65855
129 65863
129 65866
129 65867
129 65869
129 65882
129 65890
129 65893
129 65895
129 65899
129 65900
129 65913
129 65918
129 65922
129 65926
129 65929
129 65938
129 65940
129 65947
129 65965
129 65966
129 65970
129 65971
129 65972
129 65973
129 65975
129 65977
129 65978
129 65981
129 65994
129 65997
129 66001
129 66003
129 66005
129 66009
129 66010
129 66018
129 66021
129 66029
129 66036
129 66041
129 66042
129 66043
129 66049
129 66050
129 66054
129 66055
129 66068
129 66071
129 66075
129 66081
129 66086
129 66087
129 66092
129 66098
129 66102
129 66104
129 66108
129 66114
129 66118
129 66119
129 66121
129 66129
129 66130
129 66138
129 66141
129 66142
129 66146
129 66150
129 66154
129 66156
129 66163
129 66166
129 66170
129 66175
129 66177
129 66187
129 66190
129 66195
129 66201
129 66203
129 66208
129 66211
129 66215
129 66228
129 66229
129 66231
129 66234
129 66242
129 66245
129 66246
129 66247
129 66249
129 66258
129 66260
129 66261
129 66264
129 66266
129 66268
129 66282
129 66285
129 66287
129 66291
129 66292
129 66309
129 66321
129 66336
129 66337
129 66344
129 66345
129 66346
129 66352
129 66354
129 66358
129 66363
129 66379
129 66380
129 66382
129 66384
129 66385
129 66387
129 66388
129 66394
129 66400
129 66412
129 66415
129 66430
129 66440
129 66443
129 66446
129 66447
129 66448
129 66449
129 66451
129 66454
129 66455
129 66457
129 66463
129 66467
129 66475
129 66479
129 66496
129 66497
129 66498
129 66504
129 66507
129 66513
129 66518
129 66526
129 66535
129 66540
129 66541
129 66545
129 66551
129 66557
129 66560
129 66565
129 66566
129 66575
129 66577
129 66582
129 66583
129 66600
129 66601
129 66606
129 66608
129 66609
129 66613
129 66614
129 66617
129 66619
129 66620
129 66631
129 66647
129 66648
129 66653
129 66655
129 66661
129 66664
129 66670
129 66674
129 66676
129 66683
129 66687
129 66694
129 66695
129 66697
129 66705
129 66713
129 66716
129 66717
129 66718
129 66719
129 66729
129 66731
129 66732
129 66734
129 66735
129 66742
129 66744
129 66751
129 66752
129 66754
129 66755
129 66758
129 66772
129 66777
129 66778
129 66793
129 66794
129 66799
129 66800
129 66801
129 66808
129 66811
129 66816
129 66819
129 66820
129 66824
129 66825
129 66829
129 66835
129 66841
129 66853
129 66858
129 66868
129 66871
129 66873
129 66878
129 66883
129 66884
129 66890
129 66894
129 66909
129 66912
129 66918
129 66926
129 66929
129 66932
129 66934
129 66935
129 66939
129 66947
129 66948
129 66952
129 66962
129 66963
129 66967
129 66978
129 66979
129 66982
129 66983
129 66991
129 66993
129 66998
129 67002
129 67007
129 67017
129 67026
129 67032
129 67037
129 67042
129 67044
129 67045
129 67049
129 67053
129 67064
129 67070
129 67082
129 67088
129 67090
129 67091
129 67093
129 67094
129 67104
129 67105
129 67106
129 67109
129 67112
129 67114
129 67115
129 67119
129 67120
129 67125
129 67128
129 67130
129 67131
129 67132
129 67137
129 67138
129 67148
129 67149
129 67157
129 67164
129 67172
129 67185
129 67188
129 67189
129 67190
129 67193
129 67196
129 67197
129 67200
129 67202
129 67203
129 67209
129 67212
129 67214
129 67215
129 67216
129 67222
129 67224
129 67225
129 67228
129 67241
129 67242
129 67253
129 67255
129 67259
129 67260
129 67264
129 67265
129 67268
129 67270
129 67273
129 67280
129 67282
129 67284
129 67294
129 67298
129 67303
129 67304
129 67309
129 67310
129 67319
129 67322
129 67325
129 67333
129 67334
129 67335
129 67337
129 67344
129 67353
129 67356
129 67358
129 67365
129 67366
129 67377
129 67379
129 67383
129 67387
129 67389
129 67399
129 67400
129 67401
129 67404
129 67413
129 67425
129 67431
129 67435
129 67444
129 67450
129 67451
129 67454
129 67456
129 67459
129 67462
129 67463
129 67464
129 67465
129 67473
129 67474
129 67475
129 67486
129 67487
129 67495
129 67503
129 67508
129 67509
129 67520
129 67523
129 67524
129 67530
129 67531
129 67533
129 67537
129 67544
129 67556
129 67560
129 67561
129 67562
129 67563
129 67568
129 67571
129 67572
129 67574
129 67576
129 67577
129 67580
129 67582
129 67584
129 67586
129 67588
129 67594
129 67601
129 67609
129 67618
129 67624
129 67626
129 67627
129 67629
129 67632
129 67634
129 67635
129 67648
129 67650
129 67658
129 67666
129 67668
129 67671
129 67674
129 67676
129 67677
129 67683
129 67689
129 67691
129 67692
129 67696
129 67697
129 67705
129 67707
129 67741
129 67745
129 67752
129 67753
129 67754
129 67759
129 67761
129 67763
129 67767
129 67770
129 67779
129 67782
129 67787
129 67792
129 67794
129 67795
129 67800
129 67806
129 67809
129 67812
129 67814
129 67816
129 67824
129 67825
129 67826
129 67828
129 67830
129 67831
129 67835
129 67837
129 67839
129 67843
129 67848
129 67850
129 67851
129 67853
129 67858
129 67862
129 67871
129 67884
129 67891
129 67892
129 67898
129 67906
129 67918
129 67923
129 67926
129 67931
129 67933
129 67934
129 67935
129 67939
129 67949
129 67957
129 67958
129 67969
129 67972
129 67976
129 67979
129 67980
129 67985
129 67986
129 67995
129 67998
129 68005
129 68006
129 68015
129 68020
129 68023
129 68025
129 68027
129 68028
129 68031
129 68041
129 68051
129 68056
129 68057
129 68058
129 68064
129 68069
129 68073
129 68077
129 68078
129 68081
129 68084
129 68085
129 68086
129 68088
129 68090
129 68091
129 68094
129 68095
129 68097
129 68098
129 68102
129 68108
129 68109
129 68115
129 68116
129 68126
129 68129
129 68131
129 68133
129 68135
129 68137
129 68138
129 68143
129 68145
129 68149
129 68150
129 68151
129 68153
129 68154
129 68156
129 68157
129 68163
129 68166
129 68186
129 68188
129 68193
129 68201
129 68203
129 68205
129 68210
129 68211
129 68212
129 68214
129 68217
129 68220
129 68231
129 68238
129 68243
129 68250
129 68256
129 68258
129 68259
129 68265
129 68266
129 68272
129 68278
129 68279
129 68282
129 68285
129 68287
129 68289
129 68292
129 68297
129 68299
129 68300
129 68302
129 68310
129 68311
129 68312
129 68313
129 68321
129 68326
129 68338
129 68341
129 68347
129 68352
129 68354
129 68362
129 68364
129 68376
129 68378
129 68379
129 68390
129 68397
129 68403
129 68405
129 68406
129 68410
129 68412
129 68414
129 68415
129 68417
129 68422
129 68423
129 68424
129 68427
129 68429
129 68431
129 68432
129 68441
129 68443
129 68446
129 68462
129 68470
129 68474
129 68476
129 68485
129 68486
129 68490
129 68491
129 68494
129 68497
129 68501
129 68503
129 68504
129 68515
129 68516
129 68520
129 68521
129 68526
129 68533
129 68537
129 68545
129 68547
129 68550
129 68558
129 68563
129 68565
129 68566
129 68567
129 68569
129 68573
129 68575
129 68581
129 68583
129 68589
129 68590
129 68597
129 68598
129 68601
129 68602
129 68608
129 68614
129 68619
129 68626
129 68628
129 68634
129 68636
129 68644
129 68646
129 68653
129 68655
129 68658
129 68663
129 68664
129 68668
129 68669
129 68674
129 68678
129 68690
129 68692
129 68701
129 68702
129 68718
129 68722
129 68724
129 68728
129 68736
129 68739
129 68741
129 68751
129 68757
129 68770
129 68773
129 68777
129 68780
129 68785
129 68797
129 68798
129 68810
129 68811
129 68813
129 68817
129 68828
129 68833
129 68842
129 68851
129 68853
129 68857
129 68864
129 68867
129 68868
129 68869
129 68870
129 68871
129 68875
129 68887
129 68902
129 68904
129 68905
129 68918
129 68919
129 68921
129 68931
129 68936
129 68938
129 68942
129 68949
129 68957
129 68964
129 68968
129 68972
129 68974
129 68976
129 68982
129 68989
129 68990
129 68991
129 68995
129 69002
129 69005
129 69010
129 69011
129 69031
129 69047
129 69049
129 69053
129 69057
129 69065
129 69069
129 69100
129 69106
129 69108
129 69129
129 69130
129 69131
129 69132
129 69135
129 69139
129 69154
129 69163
129 69167
129 69169
129 69171
129 69172
129 69180
129 69183
129 69190
129 69192
129 69203
129 69220
129 69222
129 69223
129 69225
129 69226
129 69227
129 69228
129 69232
129 69239
129 69240
129 69249
129 69257
129 69264
129 69275
129 69286
129 69287
129 69288
129 69289
129 69290
129 69302
129 69306
129 69309
129 69310
129 69312
129 69316
129 69321
129 69329
129 69334
129 69335
129 69336
129 69338
129 69358
129 69360
129 69362
129 69363
129 69364
129 69367
129 69368
129 69369
129 69370
129 69371
129 69372
129 69378
129 69380
129 69384
129 69387
129 69388
129 69389
129 69392
129 69393
129 69394
129 69396
129 69398
129 69400
129 69412
129 69413
129 69417
129 69430
129 69433
129 69443
129 69444
129 69447
129 69452
129 69465
129 69466
129 69469
129 69478
129 69479
129 69484
129 69485
129 69486
129 69491
129 69495
129 69498
129 69500
129 69504
129 69505
129 69510
129 69511
129 69515
129 69517
129 69520
129 69527
129 69529
129 69533
129 69534
129 69538
129 69539
129 69542
129 69543
129 69546
129 69553
129 69554
129 69563
129 69570
129 69574
129 69576
129 69578
129 69582
129 69584
129 69586
129 69592
129 69593
129 69594
129 69595
129 69598
129 69599
129 69601
129 69603
129 69606
129 69612
129 69615
129 69616
129 69620
129 69622
129 69625
129 69627
129 69630
129 69637
129 69655
129 69659
129 69664
129 69667
129 69670
129 69672
129 69674
129 69687
129 69689
129 69690
129 69693
129 69696
129 69698
129 69702
129 69709
129 69716
129 69719
129 69720
129 69723
129 69725
129 69729
129 69733
129 69748
129 69752
129 69757
129 69762
129 69764
129 69773
129 69775
129 69779
129 69782
129 69789
129 69790
129 69794
129 69800
129 69801
129 69807
129 69820
129 69824
129 69825
129 69832
129 69834
129 69838
129 69843
129 69851
129 69853
129 69858
129 69863
129 69869
129 69874
129 69877
129 69879
129 69881
129 69884
129 69890
129 69903
129 69906
129 69909
129 69910
129 69911
129 69915
129 69920
129 69924
129 69928
129 69929
129 69930
129 69932
129 69950
129 69951
129 69953
129 69954
129 69958
129 69964
129 69965
129 69969
129 69982
129 69984
129 69986
129 69994
129 70001
129 70006
129 70008
129 70012
129 70016
129 70017
129 70021
129 70023
129 70036
129 70037
129 70044
129 70062
129 70063
129 70068
129 70072
129 70075
129 70077
129 70096
129 70103
129 70104
129 70105
129 70118
129 70121
129 70122
129 70127
129 70137
129 70139
129 70140
129 70143
129 70145
129 70146
129 70151
129 70152
129 70156
129 70165
129 70167
129 70168
129 70172
129 70176
129 70177
129 70186
129 70188
129 70189
129 70195
129 70196
129 70198
129 70199
129 70201
129 70212
129 70216
129 70225
129 70228
129 70230
129 70234
129 70235
129 70243
129 70244
129 70245
129 70246
129 70254
129 70260
129 70268
129 70273
129 70288
129 70289
129 70294
129 70308
129 70315
129 70317
129 70318
129 70320
129 70323
129 70328
129 70332
129 70335
129 70336
129 70340
129 70343
129 70348
129 70350
129 70356
129 70364
129 70368
129 70371
129 70378
129 70379
129 70384
129 70385
129 70393
129 70396
129 70399
129 70402
129 70418
129 70422
129 70423
129 70431
129 70432
129 70435
129 70437
129 70445
129 70447
129 70448
129 70454
129 70455
129 70463
129 70467
129 70468
129 70477
129 70479
129 70482
129 70485
129 70495
129 70501
129 70507
129 70509
129 70524
129 70528
129 70532
129 70540
129 70542
129 70546
129 70547
129 70548
129 70549
129 70552
129 70553
129 70557
129 70566
129 70575
129 70583
129 70589
129 70595
129 70597
129 70609
129 70611
129 70613
129 70618
129 70626
129 70628
129 70640
129 70647
129 70648
129 70649
129 70655
129 70657
129 70660
129 70661
129 70665
129 70666
129 70668
129 70670
129 70671
129 70674
129 70676
129 70680
129 70682
129 70685
129 70696
129 70699
129 70700
129 70701
129 70703
129 70704
129 70706
129 70708
129 70710
129 70711
129 70717
129 70720
129 70723
129 70727
129 70728
129 70731
129 70733
129 70743
129 70747
129 70750
129 70756
129 70759
129 70764
129 70767
129 70769
129 70771
129 70774
129 70775
129 70777
129 70780
129 70793
129 70805
129 70809
129 70811
129 70812
129 70814
129 70817
129 70820
129 70826
129 70828
129 70831
129 70833
129 70839
129 70842
129 70851
129 70852
129 70854
129 70858
129 70864
129 70865
129 70866
129 70867
129 70870
129 70871
129 70883
129 70884
129 70886
129 70888
129 70891
129 70892
129 70893
129 70895
129 70901
129 70906
129 70908
129 70915
129 70917
129 70922
129 70927
129 70933
129 70937
129 70940
129 70943
129 70947
129 70952
129 70955
129 70956
129 70958
129 70959
129 70960
129 70970
129 70972
129 70987
129 70995
129 71000
129 71022
129 71026
129 71028
129 71039
129 71041
129 71042
129 71043
129 71048
129 71049
129 71065
129 71070
129 71075
129 71076
129 71078
129 71079
129 71084
129 71085
129 71090
129 71095
129 71106
129 71118
129 71120
129 71123
129 71125
129 71129
129 71130
129 71144
129 71149
129 71157
129 71160
129 71161
129 71163
129 71169
129 71173
129 71174
129 71175
129 71177
129 71180
129 71185
129 71189
129 71193
129 71194
129 71198
129 71209
129 71218
129 71229
129 71230
129 71259
129 71268
129 71274
129 71277
129 71281
129 71283
129 71284
129 71285
129 71288
129 71295
129 71296
129 71299
129 71301
129 71303
129 71307
129 71309
129 71311
129 71313
129 71316
129 71320
129 71321
129 71323
129 71328
129 71330
129 71337
129 71343
129 71346
129 71349
129 71353
129 71357
129 71359
129 71370
129 71373
129 71375
129 71379
129 71388
129 71395
129 71399
129 71402
129 71405
129 71412
129 71416
129 71417
129 71421
129 71424
129 71429
129 71433
129 71439
129 71441
129 71442
129 71445
129 71449
129 71453
129 71457
129 71463
129 71467
129 71468
129 71469
129 71478
129 71490
129 71494
129 71507
129 71512
129 71519
129 71522
129 71526
129 71528
129 71529
129 71530
129 71533
129 71537
129 71545
129 71554
129 71555
129 71557
129 71563
129 71568
129 71569
129 71571
129 71585
129 71590
129 71593
129 71603
129 71604
129 71608
129 71610
129 71613
129 71616
129 71617
129 71623
129 71628
129 71631
129 71633
129 71634
129 71641
129 71643
129 71646
129 71655
129 71665
129 71673
129 71682
129 71687
129 71691
129 71697
129 71700
129 71702
129 71703
129 71709
129 71712
129 71713
129 71715
129 71721
129 71727
129 71733
129 71739
129 71753
129 71754
129 71759
129 71765
129 71774
129 71778
129 71779
129 71780
129 71783
129 71786
129 71796
129 71798
129 71801
129 71804
129 71806
129 71808
129 71810
129 71820
129 71822
129 71823
129 71824
129 71832
129 71835
129 71838
129 71844
129 71851
129 71856
129 71866
129 71870
129 71871
129 71872
129 71883
129 71884
129 71885
129 71888
129 71893
129 71894
129 71896
129 71903
129 71905
129 71911
129 71929
129 71931
129 71934
129 71935
129 71947
129 71949
129 71951
129 71956
129 71969
129 71971
129 71979
129 71982
129 71983
129 71986
129 71992
129 71998
129 72009
129 72023
129 72027
129 72028
129 72030
129 72034
129 72036
129 72041
129 72045
129 72049
129 72050
129 72056
129 72057
129 72060
129 72062
129 72067
129 72068
129 72070
129 72078
129 72086
129 72087
129 72090
129 72092
129 72100
129 72104
129 72109
129 72111
129 72117
129 72124
129 72132
129 72134
129 72154
129 72163
129 72165
129 72177
129 72182
129 72184
129 72185
129 72186
129 72192
129 72196
129 72200
129 72201
129 72206
129 72214
129 72217
129 72221
129 72222
129 72225
129 72230
129 72233
129 72237
129 72242
129 72250
129 72259
129 72265
129 72266
129 72270
129 72278
129 72281
129 72298
129 72314
129 72315
129 72325
129 72326
129 72327
129 72328
129 72332
129 72337
129 72339
129 72342
129 72347
129 72348
129 72352
129 72357
129 72365
129 72368
129 72375
129 72379
129 72381
129 72382
129 72391
129 72393
129 72401
129 72406
129 72407
129 72408
129 72413
129 72421
129 72426
129 72427
129 72428
129 72430
129 72435
129 72437
129 72438
129 72453
129 72459
129 72461
129 72465
129 72468
129 72469
129 72474
129 72476
129 72480
129 72487
129 72494
129 72496
129 72521
129 72523
129 72524
129 72530
129 72539
129 72540
129 72546
129 72547
129 72553
129 72556
129 72558
129 72566
129 72571
129 72572
129 72583
129 72592
129 72593
129 72596
129 72597
129 72601
129 72606
129 72627
129 72633
129 72634
129 72639
129 72640
129 72643
129 72647
129 72649
129 72652
129 72655
129 72660
129 72663
129 72666
129 72669
129 72676
129 72679
129 72683
129 72684
129 72692
129 72697
129 72707
129 72713
129 72722
129 72723
129 72736
129 72747
129 72754
129 72756
129 72759
129 72761
129 72764
129 72766
129 72767
129 72773
129 72774
129 72779
129 72792
129 72802
129 72806
129 72815
129 72816
129 72817
129 72824
129 72825
129 72826
129 72828
129 72834
129 72835
129 72840
129 72843
129 72846
129 72849
129 72853
129 72857
129 72860
129 72861
129 72864
129 72867
129 72871
129 72872
129 72876
129 72877
129 72880
129 72881
129 72882
129 72889
129 72890
129 72896
129 72897
129 72905
129 72912
129 72926
129 72928
129 72931
129 72932
129 72935
129 72944
129 72945
129 72949
129 72959
129 72966
129 72968
129 72969
129 72996
129 72998
129 73003
129 73004
129 73006
129 73014
129 73019
129 73020
129 73022
129 73025
129 73026
129 73027
129 73032
129 73041
129 73043
129 73044
129 73047
129 73051
129 73058
129 73072
129 73081
129 73086
129 73087
129 73098
129 73105
129 73107
129 73108
129 73109
129 73110
129 73123
129 73125
129 73129
129 73130
129 73132
129 73139
129 73149
129 73154
129 73160
129 73164
129 73170
129 73173
129 73181
129 73186
129 73203
129 73204
129 73205
129 73206
129 73210
129 73216
129 73217
129 73221
129 73232
129 73233
129 73238
129 73239
129 73240
129 73265
129 73266
129 73267
129 73270
129 73274
129 73278
129 73289
129 73292
129 73306
129 73310
129 73311
129 73313
129 73320
129 73322
129 73328
129 73336
129 73340
129 73342
129 73344
129 73354
129 73358
129 73362
129 73370
129 73389
129 73399
129 73402
129 73403
129 73412
129 73416
129 73422
129 73427
129 73428
129 73429
129 73431
129 73438
129 73439
129 73441
129 73447
129 73449
129 73457
129 73465
129 73466
129 73480
129 73483
129 73484
129 73492
129 73495
129 73498
129 73499
129 73507
129 73508
129 73509
129 73514
129 73515
129 73518
129 73533
129 73536
129 73537
129 73544
129 73561
129 73565
129 73570
129 73579
129 73581
129 73584
129 73585
129 73590
129 73591
129 73600
129 73602
129 73607
129 73609
129 73611
129 73618
129 73621
129 73627
129 73628
129 73634
129 73640
129 73643
129 73648
129 73649
129 73659
129 73660
129 73662
129 73674
129 73675
129 73681
129 73686
129 73713
129 73716
129 73720
129 73728
129 73734
129 73735
129 73736
129 73740
129 73741
129 73742
129 73744
129 73749
129 73751
129 73752
129 73769
129 73779
129 73781
129 73784
129 73789
129 73797
129 73799
129 73800
129 73802
129 73808
129 73809
129 73816
129 73826
129 73828
129 73830
129 73832
129 73840
129 73847
129 73860
129 73862
129 73863
129 73873
129 73876
129 73882
129 73887
129 73888
129 73892
129 73895
129 73901
129 73902
129 73909
129 73911
129 73917
129 73918
129 73926
129 73934
129 73940
129 73956
129 73957
129 73958
129 73960
129 73963
129 73964
129 73966
129 73973
129 73979
129 73987
129 73990
129 73992
129 73997
129 74005
129 74007
129 74013
129 74015
129 74017
129 74019
129 74025
129 74028
129 74034
129 74038
129 74046
129 74055
129 74060
129 74067
129 74080
129 74082
129 74088
129 74093
129 74094
129 74101
129 74104
129 74108
129 74109
129 74113
129 74118
129 74124
129 74126
129 74132
129 74135
129 74143
129 74146
129 74164
129 74166
129 74169
129 74173
129 74174
129 74178
129 74179
129 74188
129 74190
129 74192
129 74198
129 74202
129 74203
129 74206
129 74210
129 74218
129 74219
129 74221
129 74228
129 74229
129 74230
129 74232
129 74237
129 74238
129 74247
129 74249
129 74250
129 74253
129 74255
129 74259
129 74265
129 74268
129 74269
129 74281
129 74285
129 74300
129 74304
129 74311
129 74313
129 74325
129 74333
129 74336
129 74338
129 74339
129 74340
129 74353
129 74356
129 74376
129 74382
129 74385
129 74387
129 74396
129 74398
129 74405
129 74418
129 74419
129 74422
129 74425
129 74431
129 74432
129 74434
129 74437
129 74439
129 74445
129 74451
129 74452
129 74462
129 74464
129 74467
129 74476
129 74479
129 74480
129 74481
129 74484
129 74485
129 74487
129 74490
129 74491
129 74495
129 74503
129 74505
129 74506
129 74507
129 74515
129 74521
129 74542
129 74556
129 74557
129 74558
129 74563
129 74572
129 74580
129 74581
129 74590
129 74591
129 74592
129 74595
129 74597
129 74602
129 74604
129 74619
129 74621
129 74630
129 74631
129 74633
129 74635
129 74641
129 74648
129 74651
129 74652
129 74654
129 74662
129 74689
129 74695
129 74703
129 74713
129 74718
129 74726
129 74730
129 74734
129 74736
129 74742
129 74749
129 74753
129 74762
129 74765
129 74766
129 74769
129 74776
129 74782
129 74788
129 74789
129 74791
129 74792
129 74793
129 74798
129 74803
129 74807
129 74808
129 74810
129 74814
129 74819
129 74835
129 74836
129 74846
129 74850
129 74853
129 74854
129 74856
129 74858
129 74867
129 74869
129 74870
129 74874
129 74877
129 74879
129 74887
129 74894
129 74898
129 74901
129 74903
129 74910
129 74913
129 74915
129 74931
129 74933
129 74934
129 74936
129 74939
129 74941
129 74944
129 74947
129 74948
129 74950
129 74952
129 74954
129 74957
129 74962
129 74970
129 74974
129 74976
129 74984
129 74995
129 74996
129 74998
129 75004
129 75005
129 75006
129 75011
129 75018
129 75019
129 75033
129 75037
129 75040
129 75043
129 75044
129 75050
129 75052
129 75057
129 75060
129 75070
129 75079
129 75080
129 75081
129 75084
129 75089
129 75090
129 75092
129 75093
129 75099
129 75100
129 75101
129 75102
129 75104
129 75106
129 75110
129 75112
129 75119
129 75120
129 75126
129 75135
129 75145
129 75147
129 75149
129 75154
129 75155
129 75158
129 75171
129 75179
129 75184
129 75186
129 75204
129 75211
129 75212
129 75213
129 75214
129 75221
129 75222
129 75224
129 75235
129 75238
129 75239
129 75240
129 75244
129 75248
129 75250
129 75270
129 75275
129 75276
129 75279
129 75281
129 75285
129 75287
129 75288
129 75293
129 75295
129 75302
129 75305
129 75308
129 75312
129 75314
129 75315
129 75316
129 75322
129 75323
129 75331
129 75332
129 75336
129 75340
129 75341
129 75344
129 75346
129 75351
129 75356
129 75357
129 75364
129 75366
129 75370
129 75373
129 75375
129 75378
129 75386
129 75387
129 75388
129 75401
129 75406
129 75415
129 75417
129 75418
129 75419
129 75420
129 75422
129 75425
129 75427
129 75429
129 75437
129 75442
129 75443
129 75444
129 75447
129 75456
129 75463
129 75468
129 75473
129 75475
129 75479
129 75481
129 75496
129 75498
129 75506
129 75514
129 75518
129 75519
129 75525
129 75536
129 75546
129 75549
129 75550
129 75552
129 75565
129 75570
129 75576
129 75582
129 75587
129 75588
129 75590
129 75592
129 75601
129 75605
129 75611
129 75613
129 75617
129 75631
129 75632
129 75638
129 75652
129 75656
129 75664
129 75668
129 75673
129 75674
129 75675
129 75679
129 75684
129 75707
129 75708
129 75713
129 75714
129 75715
129 75716
129 75717
129 75719
129 75720
129 75722
129 75725
129 75726
129 75728
129 75730
129 75737
129 75740
129 75742
129 75761
129 75767
129 75768
129 75769
129 75771
129 75774
129 75775
129 75778
129 75779
129 75785
129 75788
129 75796
129 75798
129 75800
129 75805
129 75807
129 75813
129 75819
129 75820
129 75822
129 75825
129 75832
129 75835
129 75851
129 75857
129 75860
129 75865
129 75866
129 75875
129 75878
129 75880
129 75889
129 75895
129 75898
129 75899
129 75901
129 75907
129 75909
129 75925
129 75929
129 75933
129 75937
129 75939
129 75942
129 75944
129 75946
129 75949
129 75950
129 75964
129 75966
129 75968
129 75971
129 75974
129 75978
129 75979
129 75984
129 75986
129 75993
129 75996
129 75997
129 75998
129 76004
129 76007
129 76010
129 76012
129 76014
129 76016
129 76019
129 76021
129 76029
129 76030
129 76036
129 76037
129 76043
129 76045
129 76049
129 76075
129 76077
129 76086
129 76088
129 76093
129 76107
129 76109
129 76110
129 76125
129 76126
129 76136
129 76140
129 76169
129 76170
129 76178
129 76185
129 76196
129 76198
129 76200
129 76202
129 76207
129 76208
129 76209
129 76216
129 76217
129 76220
129 76222
129 76223
129 76224
129 76231
129 76234
129 76237
129 76240
129 76248
129 76254
129 76257
129 76258
129 76262
129 76268
129 76269
129 76271
129 76278
129 76285
129 76288
129 76306
129 76307
129 76309
129 76316
129 76318
129 76321
129 76323
129 76327
129 76331
129 76335
129 76337
129 76340
129 76341
129 76347
129 76353
129 76360
129 76366
129 76367
129 76368
129 76370
129 76374
129 76378
129 76379
129 76384
129 76385
129 76390
129 76391
129 76394
129 76397
129 76409
129 76417
129 76423
129 76424
129 76430
129 76443
129 76444
129 76449
129 76451
129 76455
129 76466
129 76468
129 76471
129 76473
129 76475
129 76479
129 76483
129 76485
129 76487
129 76490
129 76499
129 76501
129 76509
129 76516
129 76521
129 76522
129 76526
129 76530
129 76533
129 76546
129 76547
129 76550
129 76555
129 76559
129 76566
129 76584
129 76585
129 76588
129 76590
129 76598
129 76603
129 76609
129 76612
129 76615
129 76616
129 76620
129 76621
129 76623
129 76629
129 76630
129 76639
129 76645
129 76647
129 76654
129 76655
129 76660
129 76661
129 76662
129 76672
129 76683
129 76684
129 76697
129 76701
129 76704
129 76705
129 76707
129 76709
129 76710
129 76716
129 76725
129 76727
129 76730
129 76734
129 76736
129 76738
129 76743
129 76749
129 76750
129 76753
129 76754
129 76755
129 76756
129 76758
129 76762
129 76766
129 76775
129 76776
129 76784
129 76787
129 76800
129 76803
129 76814
129 76821
129 76822
129 76827
129 76831
129 76832
129 76833
129 76837
129 76839
129 76854
129 76857
129 76872
129 76882
129 76884
129 76888
129 76895
129 76898
129 76900
129 76916
129 76921
129 76932
129 76937
129 76940
129 76943
129 76944
129 76945
129 76946
129 76952
129 76958
129 76961
129 76968
129 76971
129 76975
129 76980
129 76981
129 76990
129 77002
129 77003
129 77006
129 77007
129 77010
129 77011
129 77013
129 77014
129 77023
129 77024
129 77028
129 77029
129 77031
129 77032
129 77036
129 77039
129 77045
129 77046
129 77053
129 77055
129 77062
129 77069
129 77076
129 77079
129 77081
129 77082
129 77084
129 77088
129 77093
129 77094
129 77097
129 77104
129 77109
129 77115
129 77119
129 77122
129 77124
129 77127
129 77134
129 77135
129 77136
129 77140
129 77141
129 77154
129 77157
129 77164
129 77167
129 77169
129 77170
129 77174
129 77176
129 77180
129 77182
129 77185
129 77191
129 77194
129 77198
129 77206
129 77207
129 77209
129 77211
129 77214
129 77229
129 77231
129 77233
129 77237
129 77239
129 77240
129 77244
129 77245
129 77248
129 77250
129 77253
129 77257
129 77259
129 77261
129 77263
129 77274
129 77294
129 77301
129 77303
129 77313
129 77323
129 77325
129 77328
129 77331
129 77332
129 77333
129 77339
129 77340
129 77349
129 77352
129 77354
129 77357
129 77359
129 77369
129 77372
129 77385
129 77388
129 77391
129 77392
129 77395
129 77399
129 77402
129 77405
129 77409
129 77420
129 77421
129 77429
129 77441
129 77462
129 77463
129 77477
129 77478
129 77479
129 77484
129 77492
129 77496
129 77499
129 77500
129 77502
129 77503
129 77506
129 77507
129 77509
129 77510
129 77511
129 77512
129 77516
129 77523
129 77538
129 77541
129 77549
129 77550
129 77552
129 77556
129 77558
129 77559
129 77560
129 77573
129 77574
129 77575
129 77578
129 77582
129 77584
129 77591
129 77600
129 77623
129 77627
129 77640
129 77644
129 77647
129 77649
129 77652
129 77653
129 77660
129 77661
129 77671
129 77675
129 77676
129 77684
129 77685
129 77686
129 77687
129 77692
129 77702
129 77704
129 77705
129 77706
129 77710
129 77712
129 77721
129 77726
129 77727
129 77728
129 77732
129 77733
129 77743
129 77746
129 77752
129 77755
129 77758
129 77766
129 77768
129 77774
129 77776
129 77778
129 77783
129 77784
129 77785
129 77796
129 77800
129 77803
129 77809
129 77810
129 77812
129 77813
129 77820
129 77827
129 77853
129 77854
129 77856
129 77858
129 77861
129 77869
129 77871
129 77873
129 77874
129 77881
129 77889
129 77896
129 77897
129 77898
129 77899
129 77903
129 77906
129 77911
129 77912
129 77915
129 77919
129 77926
129 77929
129 77937
129 77941
129 77944
129 77949
129 77953
129 77956
129 77957
129 77962
129 77964
129 77966
129 77968
129 77969
129 77970
129 77977
129 77979
129 77987
129 77992
129 77994
129 77997
129 78015
129 78016
129 78024
129 78026
129 78027
129 78028
129 78029
129 78034
129 78035
129 78036
129 78038
129 78042
129 78050
129 78056
129 78059
129 78062
129 78065
129 78066
129 78069
129 78072
129 78073
129 78074
129 78079
129 78081
129 78083
129 78084
129 78086
129 78096
129 78100
129 78103
129 78105
129 78109
129 78110
129 78111
129 78120
129 78123
129 78127
129 78128
129 78129
129 78136
129 78156
129 78158
129 78164
129 78168
129 78172
129 78176
129 78185
129 78194
129 78195
129 78198
129 78203
129 78206
129 78211
129 78223
129 78228
129 78234
129 78239
129 78243
129 78244
129 78247
129 78251
129 78255
129 78258
129 78260
129 78265
129 78266
129 78267
129 78269
129 78284
129 78285
129 78286
129 78288
129 78292
129 78293
129 78302
129 78307
129 78311
129 78312
129 78314
129 78316
129 78322
129 78323
129 78335
129 78337
129 78343
129 78352
129 78356
129 78374
129 78379
129 78381
129 78386
129 78389
129 78394
129 78400
129 78406
129 78419
129 78421
129 78434
129 78442
129 78447
129 78449
129 78452
129 78458
129 78466
129 78475
129 78477
129 78479
129 78480
129 78481
129 78498
129 78507
129 78508
129 78517
129 78518
129 78520
129 78529
129 78531
129 78534
129 78535
129 78539
129 78541
129 78554
129 78564
129 78569
129 78570
129 78571
129 78572
129 78577
129 78580
129 78585
129 78587
129 78591
129 78594
129 78609
129 78610
129 78615
129 78616
129 78619
129 78623
129 78628
129 78632
129 78633
129 78639
129 78646
129 78647
129 78656
129 78658
129 78661
129 78682
129 78683
129 78688
129 78696
129 78701
129 78704
129 78707
129 78710
129 78713
129 78716
129 78720
129 78723
129 78724
129 78726
129 78734
129 78740
129 78741
129 78746
129 78760
129 78763
129 78766
129 78775
129 78783
129 78785
129 78794
129 78795
129 78796
129 78802
129 78808
129 78813
129 78817
129 78824
129 78825
129 78826
129 78830
129 78837
129 78839
129 78841
129 78848
129 78854
129 78863
129 78865
129 78867
129 78875
129 78876
129 78880
129 78881
129 78884
129 78885
129 78891
129 78893
129 78900
129 78909
129 78919
129 78922
129 78925
129 78929
129 78934
129 78935
129 78940
129 78942
129 78949
129 78951
129 78952
129 78964
129 78970
129 78972
129 78975
129 78980
129 78982
129 79009
129 79012
129 79017
129 79031
129 79032
129 79036
129 79043
129 79050
129 79053
129 79054
129 79057
129 79062
129 79065
129 79069
129 79075
129 79077
129 79078
129 79086
129 79087
129 79089
129 79099
129 79106
129 79114
129 79124
129 79133
129 79136
129 79138
129 79141
129 79145
129 79147
129 79153
129 79155
129 79156
129 79160
129 79161
129 79165
129 79168
129 79173
129 79175
129 79176
129 79189
129 79192
129 79198
129 79208
129 79209
129 79210
129 79214
129 79223
129 79226
129 79230
129 79243
129 79246
129 79255
129 79258
129 79271
129 79274
129 79279
129 79286
129 79290
129 79291
129 79292
129 79293
129 79302
129 79309
129 79322
129 79323
129 79325
129 79327
129 79330
129 79342
129 79343
129 79346
129 79350
129 79351
129 79355
129 79359
129 79361
129 79368
129 79377
129 79378
129 79384
129 79391
129 79404
129 79405
129 79410
129 79415
129 79420
129 79422
129 79425
129 79430
129 79432
129 79439
129 79442
129 79445
129 79446
129 79456
129 79460
129 79461
129 79468
129 79472
129 79474
129 79475
129 79477
129 79485
129 79495
129 79505
129 79507
129 79512
129 79515
129 79516
129 79525
129 79532
129 79537
129 79539
129 79556
129 79557
129 79559
129 79562
129 79564
129 79566
129 79570
129 79581
129 79588
129 79590
129 79604
129 79605
129 79619
129 79626
129 79632
129 79633
129 79635
129 79642
129 79645
129 79654
129 79657
129 79659
129 79664
129 79670
129 79672
129 79677
129 79678
129 79679
129 79682
129 79683
129 79693
129 79696
129 79701
129 79707
129 79718
129 79724
129 79728
129 79730
129 79732
129 79733
129 79754
129 79764
129 79766
129 79770
129 79771
129 79775
129 79781
129 79784
129 79803
129 79809
129 79811
129 79812
129 79817
129 79818
129 79823
129 79824
129 79828
129 79836
129 79839
129 79849
129 79851
129 79852
129 79854
129 79856
129 79866
129 79871
129 79874
129 79875
129 79877
129 79880
129 79883
129 79887
129 79893
129 79894
129 79896
129 79897
129 79907
129 79910
129 79917
129 79922
129 79927
129 79939
129 79942
129 79950
129 79953
129 79969
129 79970
129 79973
129 79974
129 79979
129 79982
129 79983
129 79985
129 79989
129 79993
129 79995
129 80006
129 80007
129 80010
129 80013
129 80019
129 80023
129 80025
129 80027
129 80035
129 80036
129 80041
129 80042
129 80048
129 80050
129 80052
129 80058
129 80059
129 80062
129 80067
129 80072
129 80074
129 80075
129 80077
129 80078
129 80081
129 80085
129 80086
129 80090
129 80091
129 80094
129 80101
129 80109
129 80111
129 80114
129 80116
129 80133
129 80135
129 80144
129 80156
129 80161
129 80165
129 80166
129 80168
129 80170
129 80174
129 80176
129 80189
129 80191
129 80194
129 80196
129 80198
129 80204
129 80211
129 80216
129 80222
129 80232
129 80236
129 80237
129 80244
129 80247
129 80260
129 80263
129 80269
129 80271
129 80273
129 80275
129 80279
129 80290
129 80291
129 80292
129 80295
129 80302
129 80303
129 80304
129 80305
129 80307
129 80315
129 80316
129 80317
129 80319
129 80320
129 80325
129 80326
129 80331
129 80336
129 80343
129 80345
129 80363
129 80372
129 80380
129 80382
129 80383
129 80384
129 80385
129 80388
129 80395
129 80398
129 80399
129 80403
129 80413
129 80424
129 80429
129 80431
129 80438
129 80440
129 80443
129 80452
129 80456
129 80457
129 80460
129 80474
129 80479
129 80481
129 80483
129 80490
129 80494
129 80498
129 80499
129 80504
129 80509
129 80519
129 80520
129 80522
129 80523
129 80526
129 80529
129 80536
129 80546
129 80548
129 80549
129 80550
129 80551
129 80553
129 80557
129 80571
129 80578
129 80589
129 80593
129 80599
129 80600
129 80604
129 80606
129 80607
129 80628
129 80632
129 80648
129 80665
129 80669
129 80674
129 80679
129 80681
129 80685
129 80687
129 80699
129 80720
129 80721
129 80725
129 80728
129 80729
129 80730
129 80735
129 80737
129 80747
129 80756
129 80771
129 80773
129 80774
129 80779
129 80780
129 80783
129 80786
129 80794
129 80797
129 80802
129 80804
129 80805
129 80811
129 80819
129 80822
129 80837
129 80845
129 80847
129 80855
129 80863
129 80882
129 80885
129 80894
129 80896
129 80898
129 80901
129 80902
129 80914
129 80918
129 80921
129 80928
129 80952
129 80953
129 80954
129 80958
129 80965
129 80982
129 80983
129 80989
129 80994
129 80995
129 81000
129 81009
129 81010
129 81016
129 81017
129 81023
129 81027
129 81031
129 81032
129 81038
129 81039
129 81040
129 81051
129 81053
129 81061
129 81062
129 81063
129 81065
129 81070
129 81073
129 81075
129 81084
129 81086
129 81096
129 81104
129 81105
129 81106
129 81107
129 81108
129 81112
129 81114
129 81115
129 81116
129 81117
129 81118
129 81120
129 81121
129 81127
129 81128
129 81129
129 81130
129 81135
129 81138
129 81140
129 81147
129 81149
129 81150
129 81153
129 81157
129 81160
129 81174
129 81176
129 81180
129 81182
129 81183
129 81187
129 81191
129 81194
129 81198
129 81200
129 81203
129 81205
129 81207
129 81210
129 81217
129 81220
129 81221
129 81224
129 81226
129 81229
129 81230
129 81232
129 81235
129 81238
129 81245
129 81246
129 81251
129 81257
129 81261
129 81277
129 81283
129 81285
129 81292
129 81299
129 81300
129 81303
129 81309
129 81317
129 81330
129 81331
129 81339
129 81344
129 81354
129 81356
129 81362
129 81367
129 81375
129 81382
129 81387
129 81389
129 81393
129 81394
129 81395
129 81396
129 81400
129 81403
129 81404
129 81406
129 81408
129 81415
129 81416
129 81418
129 81421
129 81429
129 81431
129 81434
129 81438
129 81462
129 81473
129 81481
129 81494
129 81497
129 81498
129 81503
129 81507
129 81512
129 81514
129 81523
129 81527
129 81528
129 81531
129 81539
129 81541
129 81547
129 81551
129 81569
129 81571
129 81581
129 81587
129 81590
129 81598
129 81599
129 81607
129 81616
129 81621
129 81623
129 81625
129 81626
129 81629
129 81638
129 81645
129 81646
129 81649
129 81650
129 81656
129 81659
129 81665
129 81666
129 81669
129 81670
129 81671
129 81676
129 81677
129 81684
129 81685
129 81689
129 81691
129 81692
129 81697
129 81704
129 81712
129 81716
129 81720
129 81722
129 81723
129 81733
129 81735
129 81738
129 81739
129 81744
129 81751
129 81758
129 81770
129 81775
129 81777
129 81779
129 81792
129 81795
129 81799
129 81800
129 81809
129 81810
129 81811
129 81813
129 81825
129 81828
129 81834
129 81835
129 81836
129 81842
129 81853
129 81854
129 81856
129 81859
129 81872
129 81889
129 81890
129 81897
129 81899
129 81905
129 81907
129 81910
129 81920
129 81922
129 81924
129 81925
129 81928
129 81932
129 81934
129 81944
129 81949
129 81958
129 81974
129 81978
129 81988
129 81989
129 81990
129 81991
129 81996
129 82006
129 82017
129 82022
129 82027
129 82034
129 82038
129 82041
129 82042
129 82045
129 82048
129 82051
129 82055
129 82057
129 82063
129 82066
129 82074
129 82076
129 82085
129 82091
129 82093
129 82095
129 82099
129 82101
129 82102
129 82105
129 82112
129 82118
129 82127
129 82128
129 82134
129 82136
129 82143
129 82144
129 82146
129 82147
129 82151
129 82155
129 82157
129 82158
129 82160
129 82169
129 82170
129 82172
129 82175
129 82191
129 82193
129 82194
129 82198
129 82200
129 82201
129 82210
129 82212
129 82214
129 82215
129 82220
129 82221
129 82223
129 82229
129 82235
129 82238
129 82243
129 82245
129 82252
129 82255
129 82259
129 82260
129 82263
129 82267
129 82281
129 82284
129 82287
129 82292
129 82298
129 82301
129 82306
129 82314
129 82315
129 82316
129 82319
129 82320
129 82330
129 82331
129 82333
129 82336
129 82337
129 82344
129 82345
129 82346
129 82352
129 82358
129 82361
129 82367
129 82375
129 82381
129 82387
129 82391
129 82392
129 82399
129 82430
129 82431
129 82435
129 82438
129 82448
129 82451
129 82455
129 82461
129 82463
129 82467
129 82472
129 82486
129 82489
129 82491
129 82495
129 82500
129 82501
129 82520
129 82522
129 82525
129 82530
129 82532
129 82538
129 82541
129 82546
129 82550
129 82555
129 82559
129 82569
129 82570
129 82586
129 82592
129 82593
129 82597
129 82606
129 82613
129 82616
129 82623
129 82624
129 82628
129 82629
129 82630
129 82637
129 82640
129 82646
129 82651
129 82663
129 82664
129 82666
129 82668
129 82686
129 82688
129 82689
129 82694
129 82696
129 82697
129 82707
129 82714
129 82719
129 82723
129 82734
129 82736
129 82737
129 82738
129 82739
129 82743
129 82744
129 82749
129 82757
129 82759
129 82761
129 82762
129 82767
129 82768
129 82771
129 82778
129 82788
129 82790
129 82791
129 82796
129 82805
129 82808
129 82811
129 82818
129 82819
129 82833
129 82836
129 82837
129 82841
129 82851
129 82856
129 82863
129 82864
129 82869
129 82870
129 82871
129 82878
129 82879
129 82881
129 82886
129 82901
129 82902
129 82911
129 82914
129 82919
129 82934
129 82936
129 82946
129 82948
129 82949
129 82952
129 82957
129 82958
129 82961
129 82965
129 82976
129 82977
129 82986
129 82989
129 82990
129 82998
129 83005
129 83006
129 83007
129 83010
129 83014
129 83019
129 83020
129 83024
129 83029
129 83034
129 83041
129 83051
129 83059
129 83062
129 83063
129 83065
129 83069
129 83073
129 83075
129 83078
129 83080
129 83082
129 83087
129 83088
129 83098
129 83099
129 83101
129 83104
129 83109
129 83110
129 83112
129 83113
129 83118
129 83123
129 83128
129 83132
129 83134
129 83136
129 83138
129 83159
129 83163
129 83173
129 83175
129 83176
129 83182
129 83186
129 83193
129 83195
129 83200
129 83203
129 83213
129 83215
129 83227
129 83229
129 83233
129 83238
129 83241
129 83243
129 83244
129 83245
129 83247
129 83250
129 83259
129 83265
129 83267
129 83268
129 83271
129 83275
129 83276
129 83281
129 83283
129 83286
129 83289
129 83290
129 83292
129 83296
129 83301
129 83304
129 83310
129 83319
129 83342
129 83357
129 83360
129 83362
129 83368
129 83378
129 83382
129 83386
129 83388
129 83403
129 83410
129 83411
129 83417
129 83436
129 83438
129 83440
129 83441
129 83442
129 83452
129 83455
129 83461
129 83462
129 83472
129 83476
129 83479
129 83485
129 83488
129 83489
129 83496
129 83499
129 83500
129 83501
129 83508
129 83514
129 83524
129 83527
129 83529
129 83531
129 83537
129 83551
129 83555
129 83568
129 83569
129 83570
129 83579
129 83584
129 83586
129 83588
129 83616
129 83638
129 83640
129 83641
129 83644
129 83645
129 83646
129 83657
129 83659
129 83663
129 83665
129 83672
129 83673
129 83685
129 83688
129 83689
129 83690
129 83691
129 83692
129 83693
129 83713
129 83720
129 83722
129 83731
129 83732
129 83734
129 83738
129 83743
129 83744
129 83746
129 83757
129 83768
129 83773
129 83779
129 83780
129 83781
129 83792
129 83797
129 83798
129 83800
129 83804
129 83808
129 83818
129 83826
129 83827
129 83831
129 83835
129 83836
129 83841
129 83844
129 83845
129 83851
129 83853
129 83857
129 83862
129 83863
129 83870
129 83871
129 83872
129 83876
129 83878
129 83883
129 83887
129 83895
129 83898
129 83905
129 83907
129 83908
129 83917
129 83918
129 83921
129 83925
129 83932
129 83949
129 83953
129 83955
129 83958
129 83962
129 83975
129 83980
129 83989
129 83995
129 83999
129 84004
129 84005
129 84016
129 84023
129 84030
129 84034
129 84037
129 84042
129 84047
129 84049
129 84051
129 84053
129 84055
129 84057
129 84058
129 84060
129 84066
129 84067
129 84072
129 84086
129 84091
129 84097
129 84102
129 84108
129 84110
129 84112
129 84117
129 84119
129 84126
129 84130
129 84131
129 84132
129 84137
129 84140
129 84144
129 84147
129 84159
129 84163
129 84164
129 84166
129 84167
129 84168
129 84170
129 84174
129 84188
129 84192
129 84196
129 84199
129 84201
129 84205
129 84220
129 84225
129 84231
129 84232
129 84235
129 84236
129 84239
129 84248
129 84255
129 84266
129 84269
129 84284
129 84286
129 84288
129 84296
129 84297
129 84300
129 84305
129 84307
129 84308
129 84310
129 84311
129 84318
129 84319
129 84326
129 84332
129 84333
129 84334
129 84339
129 84340
129 84344
129 84347
129 84351
129 84355
129 84357
129 84365
129 84376
129 84377
129 84379
129 84393
129 84405
129 84413
129 84428
129 84430
129 84435
129 84445
129 84450
129 84456
129 84457
129 84467
129 84470
129 84472
129 84473
129 84475
129 84476
129 84477
129 84482
129 84484
129 84485
129 84488
129 84501
129 84502
129 84507
129 84509
129 84515
129 84517
129 84526
129 84528
129 84533
129 84534
129 84537
129 84540
129 84543
129 84548
129 84549
129 84556
129 84569
129 84570
129 84576
129 84579
129 84582
129 84583
129 84595
129 84602
129 84607
129 84610
129 84611
129 84622
129 84624
129 84636
129 84637
129 84640
129 84643
129 84645
129 84646
129 84647
129 84650
129 84654
129 84655
129 84660
129 84662
129 84670
129 84679
129 84680
129 84686
129 84696
129 84699
129 84703
129 84710
129 84712
129 84722
129 84723
129 84728
129 84729
129 84733
129 84736
129 84741
129 84745
129 84746
129 84747
129 84749
129 84756
129 84763
129 84764
129 84773
129 84777
129 84778
129 84781
129 84783
129 84784
129 84785
129 84792
129 84797
129 84799
129 84806
129 84815
129 84816
129 84819
129 84839
129 84841
129 84843
129 84844
129 84852
129 84855
129 84860
129 84871
129 84872
129 84874
129 84891
129 84893
129 84901
129 84912
129 84913
129 84919
129 84926
129 84928
129 84931
129 84938
129 84940
129 84953
129 84954
129 84959
129 84962
129 84963
129 84966
129 84977
129 84979
129 84982
129 84983
129 84984
129 84986
129 84989
129 84990
129 84995
129 84997
129 85003
129 85004
129 85007
129 85010
129 85014
129 85020
129 85024
129 85026
129 85028
129 85032
129 85034
129 85038
129 85043
129 85046
129 85050
129 85051
129 85052
129 85053
129 85054
129 85055
129 85057
129 85061
129 85065
129 85072
129 85074
129 85075
129 85076
129 85077
129 85078
129 85083
129 85085
129 85091
129 85094
129 85096
129 85101
129 85103
129 85105
129 85112
129 85115
129 85126
129 85130
129 85132
129 85136
129 85139
129 85142
129 85145
129 85148
129 85157
129 85165
129 85169
129 85170
129 85172
129 85176
129 85186
129 85196
129 85197
129 85200
129 85205
129 85208
129 85214
129 85237
129 85248
129 85249
129 85250
129 85252
129 85253
129 85254
129 85259
129 85260
129 85261
129 85267
129 85269
129 85274
129 85282
129 85285
129 85290
129 85292
129 85295
129 85297
129 85312
129 85317
129 85318
129 85319
129 85324
129 85326
129 85332
129 85335
129 85340
129 85342
129 85345
129 85346
129 85352
129 85353
129 85359
129 85373
129 85376
129 85382
129 85392
129 85396
129 85401
129 85402
129 85409
129 85410
129 85412
129 85414
129 85421
129 85423
129 85425
129 85430
129 85434
129 85442
129 85445
129 85447
129 85448
129 85459
129 85466
129 85471
129 85480
129 85482
129 85483
129 85485
129 85489
129 85492
129 85498
129 85505
129 85506
129 85511
129 85517
129 85522
129 85526
129 85531
129 85533
129 85534
129 85536
129 85537
129 85547
129 85549
129 85551
129 85552
129 85559
129 85563
129 85564
129 85567
129 85570
129 85573
129 85574
129 85580
129 85587
129 85591
129 85593
129 85604
129 85605
129 85606
129 85609
129 85610
129 85615
129 85616
129 85620
129 85622
129 85623
129 85629
129 85630
129 85632
129 85639
129 85641
129 85650
129 85659
129 85663
129 85670
129 85671
129 85672
129 85675
129 85676
129 85681
129 85684
129 85693
129 85712
129 85720
129 85726
129 85730
129 85744
129 85753
129 85755
129 85763
129 85768
129 85772
129 85774
129 85788
129 85793
129 85794
129 85798
129 85801
129 85803
129 85808
129 85811
129 85815
129 85817
129 85821
129 85832
129 85833
129 85838
129 85839
129 85841
129 85842
129 85846
129 85847
129 85849
129 85856
129 85859
129 85863
129 85864
129 85870
129 85872
129 85894
129 85898
129 85906
129 85908
129 85911
129 85913
129 85925
129 85927
129 85928
129 85930
129 85933
129 85954
129 85957
129 85958
129 85961
129 85962
129 85966
129 85975
129 85976
129 85977
129 85982
129 85984
129 85988
129 85989
129 85991
129 85996
129 85998
129 86002
129 86003
129 86006
129 86009
129 86011
129 86012
129 86016
129 86021
129 86022
129 86023
129 86027
129 86030
129 86037
129 86042
129 86046
129 86060
129 86063
129 86067
129 86069
129 86070
129 86081
129 86083
129 86089
129 86095
129 86100
129 86101
129 86109
129 86113
129 86122
129 86124
129 86128
129 86130
129 86132
129 86144
129 86146
129 86151
129 86158
129 86165
129 86168
129 86172
129 86173
129 86175
129 86176
129 86179
129 86185
129 86190
129 86191
129 86207
129 86210
129 86211
129 86213
129 86215
129 86220
129 86221
129 86229
129 86232
129 86235
129 86250
129 86255
129 86260
129 86262
129 86264
129 86267
129 86282
129 86283
129 86292
129 86293
129 86296
129 86313
129 86322
129 86326
129 86331
129 86338
129 86340
129 86342
129 86344
129 86345
129 86346
129 86348
129 86350
129 86355
129 86366
129 86372
129 86374
129 86375
129 86378
129 86387
129 86391
129 86393
129 86402
129 86403
129 86408
129 86415
129 86416
129 86417
129 86425
129 86426
129 86427
129 86430
129 86434
129 86441
129 86442
129 86445
129 86449
129 86452
129 86456
129 86464
129 86470
129 86475
129 86479
129 86482
129 86490
129 86495
129 86496
129 86500
129 86501
129 86503
129 86505
129 86506
129 86507
129 86508
129 86512
129 86524
129 86528
129 86529
129 86530
129 86533
129 86537
129 86540
129 86541
129 86543
129 86548
129 86550
129 86560
129 86563
129 86573
129 86578
129 86581
129 86584
129 86589
129 86598
129 86599
129 86601
129 86603
129 86607
129 86609
129 86614
129 86616
129 86617
129 86622
129 86624
129 86628
129 86634
129 86641
129 86644
129 86648
129 86654
129 86657
129 86658
129 86663
129 86673
129 86674
129 86681
129 86687
129 86690
129 86696
129 86697
129 86702
129 86709
129 86713
129 86716
129 86717
129 86730
129 86732
129 86735
129 86738
129 86743
129 86759
129 86764
129 86766
129 86769
129 86772
129 86773
129 86775
129 86779
129 86781
129 86783
129 86788
129 86791
129 86794
129 86797
129 86798
129 86802
129 86806
129 86813
129 86815
129 86819
129 86820
129 86822
129 86823
129 86825
129 86826
129 86831
129 86832
129 86836
129 86837
129 86840
129 86848
129 86853
129 86866
129 86871
129 86876
129 86879
129 86881
129 86883
129 86885
129 86891
129 86898
129 86903
129 86910
129 86913
129 86916
129 86917
129 86924
129 86933
129 86934
129 86942
129 86948
129 86950
129 86954
129 86957
129 86959
129 86963
129 86970
129 86976
129 86977
129 86979
129 86980
129 86990
129 86991
129 86993
129 86995
129 86997
129 86998
129 87010
129 87011
129 87012
129 87013
129 87014
129 87017
129 87018
129 87019
129 87020
129 87021
129 87026
129 87030
129 87031
129 87032
129 87033
129 87034
129 87036
129 87037
129 87042
129 87046
129 87051
129 87056
129 87057
129 87058
129 87068
129 87076
129 87079
129 87088
129 87090
129 87093
129 87094
129 87095
129 87096
129 87098
129 87101
129 87113
129 87127
129 87129
129 87132
129 87135
129 87140
129 87147
129 87149
129 87166
129 87167
129 87175
129 87182
129 87185
129 87186
129 87187
129 87189
129 87193
129 87197
129 87201
129 87202
129 87221
129 87222
129 87226
129 87229
129 87242
129 87245
129 87252
129 87254
129 87260
129 87261
129 87267
129 87270
129 87273
129 87274
129 87284
129 87290
129 87296
129 87298
129 87306
129 87312
129 87314
129 87320
129 87324
129 87325
129 87327
129 87336
129 87345
129 87348
129 87352
129 87354
129 87358
129 87369
129 87370
129 87372
129 87375
129 87380
129 87386
129 87390
129 87391
129 87395
129 87397
129 87401
129 87418
129 87426
129 87432
129 87433
129 87438
129 87440
129 87445
129 87448
129 87451
129 87461
129 87465
129 87466
129 87468
129 87469
129 87473
129 87485
129 87489
129 87493
129 87496
129 87498
129 87504
129 87505
129 87508
129 87518
129 87529
129 87533
129 87541
129 87542
129 87546
129 87548
129 87557
129 87561
129 87563
129 87564
129 87565
129 87568
129 87575
129 87576
129 87577
129 87580
129 87582
129 87583
129 87584
129 87588
129 87592
129 87593
129 87601
129 87609
129 87615
129 87620
129 87649
129 87651
129 87654
129 87655
129 87656
129 87657
129 87658
129 87661
129 87663
129 87665
129 87675
129 87678
129 87688
129 87707
129 87710
129 87711
129 87713
129 87715
129 87716
129 87717
129 87720
129 87727
129 87729
129 87735
129 87741
129 87746
129 87748
129 87750
129 87753
129 87768
129 87776
129 87777
129 87784
129 87787
129 87793
129 87794
129 87796
129 87799
129 87810
129 87811
129 87813
129 87815
129 87817
129 87829
129 87833
129 87837
129 87841
129 87843
129 87845
129 87848
129 87854
129 87856
129 87858
129 87860
129 87861
129 87864
129 87869
129 87874
129 87883
129 87888
129 87891
129 87893
129 87896
129 87902
129 87906
129 87912
129 87914
129 87915
129 87916
129 87923
129 87924
129 87934
129 87935
129 87940
129 87941
129 87946
129 87960
129 87964
129 87966
129 87967
129 87972
129 87974
129 87978
129 87981
129 87984
129 88008
129 88009
129 88017
129 88023
129 88024
129 88026
129 88027
129 88029
129 88033
129 88040
129 88046
129 88049
129 88051
129 88052
129 88057
129 88060
129 88066
129 88068
129 88074
129 88076
129 88081
129 88082
129 88083
129 88086
129 88091
129 88092
129 88093
129 88099
129 88101
129 88104
129 88107
129 88123
129 88131
129 88137
129 88142
129 88145
129 88150
129 88151
129 88159
129 88161
129 88170
129 88171
129 88175
129 88182
129 88193
129 88195
129 88202
129 88212
129 88214
129 88219
129 88222
129 88229
129 88230
129 88235
129 88236
129 88240
129 88241
129 88244
129 88250
129 88251
129 88253
129 88256
129 88262
129 88270
129 88276
129 88282
129 88285
129 88288
129 88289
129 88292
129 88300
129 88301
129 88305
129 88306
129 88311
129 88314
129 88317
129 88319
129 88324
129 88325
129 88327
129 88340
129 88343
129 88346
129 88348
129 88352
129 88355
129 88356
129 88360
129 88362
129 88364
129 88366
129 88370
129 88374
129 88375
129 88378
129 88381
129 88384
129 88387
129 88395
129 88398
129 88402
129 88403
129 88406
129 88410
129 88411
129 88412
129 88418
129 88426
129 88435
129 88443
129 88457
129 88459
129 88461
129 88469
129 88473
129 88474
129 88477
129 88482
129 88489
129 88491
129 88492
129 88493
129 88504
129 88512
129 88524
129 88527
129 88530
129 88533
129 88537
129 88545
129 88555
129 88560
129 88563
129 88565
129 88571
129 88574
129 88575
129 88584
129 88586
129 88589
129 88594
129 88599
129 88604
129 88616
129 88617
129 88618
129 88621
129 88622
129 88626
129 88629
129 88632
129 88652
129 88660
129 88671
129 88677
129 88679
129 88682
129 88687
129 88694
129 88698
129 88702
129 88703
129 88704
129 88705
129 88707
129 88724
129 88725
129 88728
129 88730
129 88737
129 88738
129 88741
129 88742
129 88754
129 88755
129 88757
129 88761
129 88762
129 88763
129 88770
129 88774
129 88779
129 88782
129 88783
129 88784
129 88787
129 88792
129 88793
129 88802
129 88803
129 88812
129 88814
129 88815
129 88820
129 88826
129 88831
129 88832
129 88835
129 88842
129 88843
129 88847
129 88854
129 88859
129 88864
129 88865
129 88877
129 88881
129 88884
129 88887
129 88889
129 88897
129 88904
129 88907
129 88912
129 88919
129 88921
129 88927
129 88931
129 88939
129 88941
129 88943
129 88946
129 88955
129 88961
129 88962
129 88963
129 88978
129 88979
129 88986
129 88987
129 88993
129 89004
129 89010
129 89012
129 89013
129 89017
129 89018
129 89023
129 89027
129 89039
129 89040
129 89042
129 89043
129 89048
129 89050
129 89057
129 89060
129 89062
129 89067
129 89068
129 89071
129 89072
129 89081
129 89082
129 89084
129 89086
129 89088
129 89096
129 89101
129 89106
129 89109
129 89112
129 89117
129 89126
129 89131
129 89134
129 89136
129 89143
129 89148
129 89151
129 89154
129 89157
129 89165
129 89169
129 89170
129 89182
129 89186
129 89187
129 89188
129 89190
129 89194
129 89205
129 89208
129 89212
129 89213
129 89214
129 89222
129 89224
129 89225
129 89228
129 89237
129 89241
129 89243
129 89245
129 89251
129 89259
129 89264
129 89267
129 89269
129 89289
129 89293
129 89297
129 89301
129 89313
129 89317
129 89320
129 89321
129 89331
129 89332
129 89336
129 89337
129 89339
129 89341
129 89350
129 89363
129 89370
129 89371
129 89374
129 89376
129 89379
129 89384
129 89388
129 89397
129 89398
129 89401
129 89405
129 89410
129 89411
129 89420
129 89427
129 89432
129 89437
129 89438
129 89448
129 89452
129 89454
129 89459
129 89461
129 89462
129 89463
129 89465
129 89467
129 89469
129 89470
129 89472
129 89473
129 89475
129 89487
129 89489
129 89496
129 89501
129 89507
129 89514
129 89520
129 89528
129 89533
129 89535
129 89542
129 89543
129 89547
129 89549
129 89558
129 89559
129 89565
129 89567
129 89568
129 89570
129 89573
129 89581
129 89582
129 89587
129 89593
129 89596
129 89603
129 89611
129 89613
129 89616
129 89618
129 89619
129 89623
129 89624
129 89630
129 89632
129 89633
129 89638
129 89640
129 89641
129 89642
129 89644
129 89645
129 89649
129 89652
129 89655
129 89661
129 89666
129 89669
129 89671
129 89677
129 89680
129 89683
129 89685
129 89687
129 89689
129 89693
129 89697
129 89700
129 89702
129 89705
129 89711
129 89716
129 89730
129 89734
129 89735
129 89739
129 89753
129 89754
129 89763
129 89765
129 89772
129 89774
129 89783
129 89784
129 89788
129 89790
129 89793
129 89798
129 89801
129 89806
129 89811
129 89813
129 89815
129 89821
129 89823
129 89834
129 89839
129 89850
129 89852
129 89853
129 89872
129 89878
129 89882
129 89883
129 89885
129 89892
129 89894
129 89895
129 89897
129 89912
129 89914
129 89916
129 89929
129 89931
129 89934
129 89935
129 89936
129 89943
129 89946
129 89955
129 89957
129 89958
129 89959
129 89970
129 89971
129 89976
129 89980
129 89981
129 89986
129 89987
129 89988
129 89996
129 90000
129 90004
129 90007
129 90015
129 90023
129 90031
129 90035
129 90037
129 90044
129 90047
129 90059
129 90063
129 90065
129 90066
129 90069
129 90072
129 90073
129 90074
129 90075
129 90082
129 90085
129 90091
129 90094
129 90096
129 90097
129 90098
129 90102
129 90106
129 90110
129 90114
129 90116
129 90128
129 90137
129 90138
129 90142
129 90143
129 90147
129 90148
129 90149
129 90152
129 90154
129 90160
129 90162
129 90176
129 90179
129 90185
129 90193
129 90194
129 90196
129 90203
129 90204
129 90208
129 90217
129 90218
129 90226
129 90228
129 90232
129 90244
129 90245
129 90246
129 90254
129 90262
129 90268
129 90270
129 90272
129 90275
129 90276
129 90277
129 90278
129 90280
129 90282
129 90284
129 90286
129 90287
129 90308
129 90316
129 90317
129 90321
129 90324
129 90338
129 90339
129 90344
129 90348
129 90350
129 90356
129 90358
129 90361
129 90364
129 90366
129 90369
129 90370
129 90371
129 90374
129 90375
129 90384
129 90388
129 90393
129 90394
129 90397
129 90400
129 90406
129 90414
129 90417
129 90418
129 90420
129 90426
129 90428
129 90439
129 90440
129 90443
129 90446
129 90448
129 90454
129 90455
129 90457
129 90458
129 90466
129 90470
129 90476
129 90485
129 90486
129 90495
129 90498
129 90499
129 90501
129 90515
129 90516
129 90521
129 90522
129 90527
129 90529
129 90531
129 90533
129 90535
129 90544
129 90547
129 90553
129 90555
129 90556
129 90557
129 90558
129 90565
129 90576
129 90582
129 90588
129 90591
129 90592
129 90594
129 90598
129 90599
129 90603
129 90606
129 90613
129 90614
129 90619
129 90620
129 90627
129 90629
129 90637
129 90638
129 90651
129 90662
129 90665
129 90670
129 90673
129 90674
129 90675
129 90683
129 90692
129 90700
129 90710
129 90716
129 90717
129 90725
129 90726
129 90729
129 90741
129 90743
129 90747
129 90752
129 90755
129 90767
129 90771
129 90777
129 90782
129 90786
129 90788
129 90794
129 90796
129 90797
129 90798
129 90804
129 90807
129 90808
129 90811
129 90815
129 90818
129 90826
129 90828
129 90838
129 90851
129 90852
129 90856
129 90866
129 90870
129 90875
129 90879
129 90881
129 90886
129 90896
129 90897
129 90901
129 90902
129 90906
129 90912
129 90918
129 90921
129 90925
129 90931
129 90934
129 90936
129 90942
129 90949
129 90952
129 90953
129 90955
129 90956
129 90960
129 90962
129 90963
129 90965
129 90968
129 90977
129 90980
129 90983
129 90985
129 90988
129 90991
129 90992
129 90993
129 91013
129 91015
129 91016
129 91017
129 91022
129 91024
129 91025
129 91031
129 91033
129 91037
129 91048
129 91049
129 91051
129 91052
129 91053
129 91062
129 91065
129 91066
129 91069
129 91070
129 91075
129 91090
129 91091
129 91096
129 91102
129 91117
129 91120
129 91125
129 91135
129 91147
129 91153
129 91154
129 91159
129 91163
129 91168
129 91169
129 91171
129 91174
129 91178
129 91184
129 91204
129 91205
129 91207
129 91212
129 91215
129 91220
129 91224
129 91226
129 91230
129 91247
129 91248
129 91249
129 91257
129 91259
129 91266
129 91273
129 91277
129 91280
129 91283
129 91288
129 91289
129 91290
129 91298
129 91316
129 91317
129 91319
129 91323
129 91331
129 91334
129 91336
129 91338
129 91345
129 91346
129 91351
129 91357
129 91360
129 91365
129 91372
129 91374
129 91376
129 91385
129 91388
129 91399
129 91406
129 91409
129 91424
129 91428
129 91430
129 91439
129 91443
129 91446
129 91448
129 91452
129 91469
129 91474
129 91483
129 91486
129 91500
129 91502
129 91503
129 91507
129 91510
129 91521
129 91523
129 91534
129 91536
129 91537
129 91540
129 91545
129 91550
129 91554
129 91565
129 91571
129 91573
129 91577
129 91580
129 91584
129 91589
129 91591
129 91593
129 91598
129 91601
129 91604
129 91605
129 91613
129 91622
129 91625
129 91626
129 91638
129 91639
129 91645
129 91647
129 91658
129 91671
129 91674
129 91685
129 91686
129 91694
129 91712
129 91719
129 91731
129 91733
129 91735
129 91739
129 91747
129 91752
129 91753
129 91757
129 91763
129 91780
129 91781
129 91784
129 91787
129 91798
129 91799
129 91800
129 91802
129 91813
129 91814
129 91820
129 91823
129 91826
129 91828
129 91832
129 91836
129 91840
129 91847
129 91850
129 91854
129 91866
129 91867
129 91875
129 91879
129 91888
129 91892
129 91895
129 91897
129 91898
129 91904
129 91906
129 91918
129 91938
129 91954
129 91957
129 91960
129 91968
129 91970
129 91976
129 91977
129 91982
129 91983
129 91984
129 91986
129 91991
129 91994
129 92008
129 92011
129 92012
129 92014
129 92021
129 92028
129 92036
129 92039
129 92044
129 92051
129 92058
129 92063
129 92066
129 92069
129 92074
129 92077
129 92079
129 92080
129 92083
129 92086
129 92087
129 92095
129 92102
129 92103
129 92104
129 92111
129 92114
129 92116
129 92125
129 92127
129 92128
129 92130
129 92132
129 92133
129 92137
129 92138
129 92146
129 92154
129 92160
129 92163
129 92165
129 92169
129 92174
129 92180
129 92183
129 92184
129 92186
129 92203
129 92210
129 92213
129 92224
129 92225
129 92229
129 92234
129 92235
129 92244
129 92246
129 92253
129 92254
129 92256
129 92262
129 92267
129 92268
129 92272
129 92275
129 92278
129 92280
129 92284
129 92285
129 92290
129 92291
129 92292
129 92293
129 92296
129 92298
129 92303
129 92310
129 92315
129 92319
129 92320
129 92329
129 92330
129 92337
129 92339
129 92341
129 92344
129 92346
129 92347
129 92351
129 92359
129 92362
129 92364
129 92387
129 92391
129 92392
129 92399
129 92404
129 92409
129 92410
129 92420
129 92425
129 92430
129 92434
129 92435
129 92436
129 92439
129 92441
129 92444
129 92445
129 92447
129 92454
129 92455
129 92462
129 92466
129 92469
129 92478
129 92483
129 92485
129 92499
129 92507
129 92512
129 92522
129 92525
129 92528
129 92529
129 92533
129 92540
129 92542
129 92544
129 92550
129 92551
129 92555
129 92564
129 92567
129 92568
129 92576
129 92577
129 92583
129 92588
129 92592
129 92610
129 92619
129 92624
129 92632
129 92634
129 92636
129 92639
129 92641
129 92645
129 92654
129 92658
129 92666
129 92672
129 92675
129 92685
129 92687
129 92690
129 92695
129 92696
129 92697
129 92699
129 92700
129 92701
129 92704
129 92705
129 92708
129 92710
129 92715
129 92720
129 92722
129 92727
129 92733
129 92735
129 92741
129 92742
129 92744
129 92747
129 92748
129 92752
129 92761
129 92763
129 92764
129 92767
129 92768
129 92771
129 92772
129 92775
129 92776
129 92785
129 92787
129 92793
129 92798
129 92799
129 92801
129 92806
129 92812
129 92814
129 92821
129 92823
129 92829
129 92834
129 92841
129 92847
129 92852
129 92858
129 92869
129 92871
129 92872
129 92873
129 92874
129 92879
129 92881
129 92891
129 92901
129 92903
129 92913
129 92918
129 92920
129 92924
129 92925
129 92928
129 92930
129 92931
129 92934
129 92944
129 92947
129 92952
129 92953
129 92955
129 92957
129 92965
129 92967
129 92974
129 92976
129 92986
129 92989
129 92992
129 92993
129 92996
129 93002
129 93007
129 93009
129 93010
129 93019
129 93020
129 93022
129 93023
129 93027
129 93031
129 93035
129 93037
129 93039
129 93041
129 93044
129 93045
129 93063
129 93067
129 93070
129 93071
129 93072
129 93075
129 93080
129 93086
129 93090
129 93091
129 93094
129 93095
129 93098
129 93099
129 93100
129 93102
129 93103
129 93106
129 93109
129 93112
129 93134
129 93135
129 93138
129 93141
129 93143
129 93148
129 93153
129 93156
129 93162
129 93168
129 93170
129 93172
129 93178
129 93179
129 93180
129 93184
129 93185
129 93191
129 93194
129 93201
129 93203
129 93211
129 93214
129 93215
129 93216
129 93218
129 93221
129 93227
129 93234
129 93244
129 93245
129 93249
129 93256
129 93264
129 93269
129 93278
129 93282
129 93283
129 93285
129 93286
129 93290
129 93291
129 93293
129 93297
129 93299
129 93305
129 93306
129 93316
129 93323
129 93325
129 93328
129 93332
129 93338
129 93343
129 93344
129 93346
129 93356
129 93358
129 93360
129 93363
129 93370
129 93375
129 93376
129 93378
129 93381
129 93386
129 93388
129 93391
129 93398
129 93404
129 93423
129 93424
129 93425
129 93426
129 93427
129 93429
129 93451
129 93457
129 93458
129 93462
129 93463
129 93464
129 93481
129 93482
129 93483
129 93485
129 93486
129 93492
129 93493
129 93496
129 93500
129 93501
129 93503
129 93504
129 93505
129 93507
129 93509
129 93525
129 93526
129 93539
129 93540
129 93543
129 93550
129 93554
129 93557
129 93559
129 93563
129 93566
129 93568
129 93571
129 93576
129 93578
129 93579
129 93581
129 93584
129 93589
129 93598
129 93601
129 93604
129 93614
129 93629
129 93630
129 93632
129 93639
129 93644
129 93645
129 93648
129 93657
129 93658
129 93670
129 93675
129 93691
129 93693
129 93708
129 93711
129 93713
129 93714
129 93718
129 93726
129 93731
129 93737
129 93738
129 93746
129 93749
129 93754
129 93762
129 93768
129 93772
129 93788
129 93797
129 93800
129 93801
129 93813
129 93821
129 93823
129 93824
129 93830
129 93836
129 93839
129 93840
129 93846
129 93851
129 93854
129 93855
129 93865
129 93867
129 93868
129 93869
129 93873
129 93879
129 93880
129 93886
129 93887
129 93889
129 93891
129 93892
129 93896
129 93901
129 93905
129 93915
129 93916
129 93919
129 93924
129 93933
129 93934
129 93949
129 93951
129 93952
129 93963
129 93968
129 93969
129 93973
129 93976
129 93977
129 93980
129 93985
129 93993
129 93994
129 94005
129 94013
129 94021
129 94026
129 94029
129 94031
129 94034
129 94035
129 94036
129 94039
129 94043
129 94044
129 94046
129 94054
129 94063
129 94067
129 94069
129 94071
129 94073
129 94082
129 94115
129 94119
129 94121
129 94124
129 94131
129 94132
129 94143
129 94145
129 94149
129 94156
129 94159
129 94166
129 94167
129 94175
129 94180
129 94184
129 94190
129 94193
129 94210
129 94217
129 94218
129 94219
129 94220
129 94238
129 94240
129 94245
129 94247
129 94249
129 94250
129 94252
129 94253
129 94254
129 94256
129 94264
129 94266
129 94269
129 94270
129 94272
129 94281
129 94283
129 94284
129 94286
129 94287
129 94288
129 94294
129 94296
129 94300
129 94307
129 94308
129 94322
129 94323
129 94330
129 94335
129 94337
129 94340
129 94342
129 94345
129 94348
129 94349
129 94350
129 94351
129 94357
129 94362
129 94365
129 94373
129 94382
129 94383
129 94387
129 94389
129 94390
129 94393
129 94394
129 94405
129 94408
129 94409
129 94415
129 94424
129 94429
129 94433
129 94436
129 94437
129 94448
129 94450
129 94451
129 94455
129 94457
129 94461
129 94464
129 94466
129 94467
129 94468
129 94479
129 94482
129 94488
129 94510
129 94525
129 94526
129 94529
129 94531
129 94537
129 94539
129 94548
129 94549
129 94552
129 94562
129 94574
129 94582
129 94595
129 94597
129 94600
129 94607
129 94615
129 94617
129 94619
129 94624
129 94635
129 94637
129 94643
129 94644
129 94647
129 94648
129 94654
129 94657
129 94664
129 94666
129 94667
129 94678
129 94679
129 94689
129 94693
129 94695
129 94696
129 94700
129 94705
129 94711
129 94712
129 94714
129 94720
129 94734
129 94735
129 94738
129 94745
129 94748
129 94751
129 94758
129 94764
129 94765
129 94766
129 94769
129 94771
129 94780
129 94787
129 94799
129 94802
129 94803
129 94807
129 94808
129 94812
129 94816
129 94821
129 94831
129 94838
129 94844
129 94846
129 94851
129 94853
129 94866
129 94873
129 94878
129 94884
129 94885
129 94893
129 94894
129 94898
129 94903
129 94910
129 94911
129 94914
129 94923
129 94925
129 94934
129 94935
129 94936
129 94937
129 94942
129 94948
129 94953
129 94957
129 94959
129 94960
129 94968
129 94975
129 94976
129 94977
129 94982
129 94984
129 94988
129 94993
129 94997
129 95002
129 95006
129 95012
129 95017
129 95019
129 95022
129 95023
129 95031
129 95034
129 95035
129 95041
129 95053
129 95056
129 95057
129 95076
129 95082
129 95088
129 95092
129 95094
129 95096
129 95099
129 95105
129 95106
129 95107
129 95110
129 95111
129 95112
129 95123
129 95125
129 95128
129 95129
129 95143
129 95146
129 95154
129 95159
129 95180
129 95187
129 95201
129 95205
129 95207
129 95218
129 95223
129 95249
129 95251
129 95253
129 95254
129 95256
129 95257
129 95260
129 95263
129 95265
129 95276
129 95281
129 95286
129 95291
129 95293
129 95300
129 95306
129 95308
129 95315
129 95318
129 95319
129 95321
129 95322
129 95333
129 95335
129 95336
129 95337
129 95344
129 95345
129 95346
129 95348
129 95352
129 95355
129 95356
129 95360
129 95362
129 95365
129 95367
129 95369
129 95373
129 95375
129 95393
129 95397
129 95411
129 95424
129 95430
129 95432
129 95434
129 95440
129 95446
129 95448
129 95454
129 95457
129 95460
129 95465
129 95466
129 95469
129 95474
129 95475
129 95481
129 95485
129 95488
129 95489
129 95493
129 95503
129 95515
129 95516
129 95520
129 95527
129 95533
129 95534
129 95536
129 95546
129 95547
129 95554
129 95560
129 95565
129 95568
129 95570
129 95574
129 95578
129 95585
129 95586
129 95593
129 95605
129 95621
129 95623
129 95630
129 95631
129 95635
129 95636
129 95639
129 95648
129 95651
129 95652
129 95656
129 95672
129 95683
129 95690
129 95692
129 95698
129 95699
129 95704
129 95708
129 95712
129 95728
129 95733
129 95736
129 95737
129 95740
129 95741
129 95750
129 95751
129 95754
129 95757
129 95764
129 95768
129 95773
129 95775
129 95785
129 95787
129 95790
129 95791
129 95796
129 95801
129 95804
129 95811
129 95812
129 95819
129 95821
129 95823
129 95828
129 95829
129 95838
129 95845
129 95848
129 95850
129 95852
129 95853
129 95863
129 95866
129 95868
129 95871
129 95879
129 95884
129 95886
129 95889
129 95895
129 95898
129 95913
129 95917
129 95920
129 95922
129 95927
129 95928
129 95930
129 95931
129 95934
129 95935
129 95943
129 95947
129 95948
129 95956
129 95962
129 95980
129 95986
129 95993
129 95999
129 96000
129 96005
129 96015
129 96026
129 96027
129 96031
129 96044
129 96045
129 96047
129 96052
129 96060
129 96074
129 96078
129 96079
129 96081
129 96082
129 96094
129 96096
129 96097
129 96101
129 96102
129 96116
129 96125
129 96132
129 96136
129 96140
129 96167
129 96168
129 96169
129 96170
129 96172
129 96179
129 96186
129 96187
129 96193
129 96203
129 96204
129 96208
129 96210
129 96213
129 96214
129 96217
129 96220
129 96224
129 96225
129 96230
129 96234
129 96235
129 96236
129 96237
129 96240
129 96243
129 96247
129 96251
129 96254
129 96260
129 96261
129 96268
129 96276
129 96288
129 96290
129 96291
129 96294
129 96300
129 96301
129 96303
129 96304
129 96310
129 96314
129 96315
129 96320
129 96324
129 96330
129 96333
129 96337
129 96340
129 96341
129 96342
129 96344
129 96346
129 96348
129 96352
129 96355
129 96357
129 96360
129 96361
129 96363
129 96368
129 96371
129 96372
129 96383
129 96388
129 96390
129 96415
129 96423
129 96442
129 96445
129 96454
129 96459
129 96462
129 96474
129 96475
129 96478
129 96484
129 96488
129 96490
129 96492
129 96495
129 96498
129 96501
129 96512
129 96515
129 96523
129 96525
129 96531
129 96535
129 96539
129 96546
129 96548
129 96554
129 96560
129 96565
129 96569
129 96571
129 96580
129 96583
129 96584
129 96586
129 96601
129 96604
129 96606
129 96607
129 96608
129 96609
129 96610
129 96613
129 96617
129 96621
129 96622
129 96628
129 96629
129 96638
129 96640
129 96641
129 96643
129 96644
129 96647
129 96658
129 96663
129 96664
129 96675
129 96676
129 96683
129 96693
129 96706
129 96708
129 96709
129 96710
129 96713
129 96719
129 96722
129 96723
129 96726
129 96727
129 96734
129 96738
129 96745
129 96750
129 96754
129 96757
129 96758
129 96759
129 96761
129 96776
129 96777
129 96780
129 96786
129 96788
129 96798
129 96801
129 96804
129 96808
129 96809
129 96811
129 96815
129 96819
129 96826
129 96827
129 96834
129 96843
129 96847
129 96851
129 96858
129 96859
129 96860
129 96864
129 96866
129 96879
129 96880
129 96888
129 96890
129 96903
129 96906
129 96912
129 96915
129 96916
129 96923
129 96927
129 96933
129 96934
129 96935
129 96936
129 96937
129 96939
129 96944
129 96945
129 96950
129 96951
129 96958
129 96959
129 96962
129 96963
129 96965
129 96966
129 96968
129 96973
129 96978
129 96987
129 96994
129 96995
129 96996
129 96999
129 97001
129 97002
129 97003
129 97010
129 97012
129 97013
129 97014
129 97016
129 97018
129 97020
129 97022
129 97032
129 97040
129 97043
129 97051
129 97052
129 97058
129 97059
129 97066
129 97068
129 97073
129 97077
129 97078
129 97091
129 97093
129 97101
129 97102
129 97103
129 97104
129 97106
129 97119
129 97124
129 97126
129 97128
129 97135
129 97136
129 97139
129 97145
129 97152
129 97155
129 97160
129 97167
129 97173
129 97182
129 97183
129 97184
129 97196
129 97197
129 97202
129 97213
129 97226
129 97227
129 97235
129 97239
129 97241
129 97242
129 97247
129 97249
129 97250
129 97253
129 97259
129 97261
129 97268
129 97270
129 97273
129 97278
129 97281
129 97283
129 97285
129 97286
129 97287
129 97297
129 97298
129 97299
129 97307
129 97310
129 97319
129 97325
129 97328
129 97332
129 97337
129 97339
129 97345
129 97347
129 97350
129 97356
129 97367
129 97369
129 97372
129 97374
129 97375
129 97376
129 97379
129 97380
129 97387
129 97392
129 97394
129 97401
129 97404
129 97406
129 97408
129 97409
129 97413
129 97416
129 97418
129 97420
129 97422
129 97430
129 97434
129 97435
129 97436
129 97442
129 97445
129 97447
129 97448
129 97454
129 97456
129 97462
129 97464
129 97476
129 97477
129 97479
129 97480
129 97482
129 97484
129 97486
129 97490
129 97493
129 97495
129 97497
129 97498
129 97503
129 97508
129 97510
129 97513
129 97515
129 97526
129 97527
129 97532
129 97535
129 97538
129 97542
129 97546
129 97547
129 97551
129 97554
129 97556
129 97557
129 97559
129 97562
129 97563
129 97568
129 97573
129 97581
129 97584
129 97593
129 97595
129 97598
129 97602
129 97603
129 97616
129 97621
129 97624
129 97626
129 97627
129 97629
129 97640
129 97643
129 97647
129 97648
129 97651
129 97655
129 97657
129 97663
129 97665
129 97676
129 97677
129 97678
129 97682
129 97684
129 97703
129 97709
129 97713
129 97720
129 97737
129 97741
129 97751
129 97757
129 97759
129 97761
129 97763
129 97770
129 97782
129 97786
129 97791
129 97795
129 97798
129 97802
129 97803
129 97806
129 97811
129 97820
129 97821
129 97826
129 97834
129 97835
129 97837
129 97839
129 97847
129 97854
129 97859
129 97860
129 97861
129 97870
129 97877
129 97880
129 97882
129 97896
129 97902
129 97906
129 97907
129 97911
129 97919
129 97920
129 97929
129 97935
129 97940
129 97945
129 97957
129 97960
129 97967
129 97971
129 97975
129 97978
129 97981
129 97984
129 97985
129 97989
129 97999
129 98001
129 98004
129 98008
129 98009
129 98017
129 98019
129 98041
129 98043
129 98050
129 98056
129 98061
129 98063
129 98064
129 98065
129 98068
129 98071
129 98075
129 98076
129 98077
129 98085
129 98089
129 98104
129 98110
129 98115
129 98118
129 98122
129 98129
129 98134
129 98135
129 98138
129 98144
129 98149
129 98155
129 98162
129 98163
129 98165
129 98169
129 98172
129 98174
129 98177
129 98182
129 98184
129 98187
129 98189
129 98193
129 98197
129 98198
129 98224
129 98228
129 98230
129 98237
129 98243
129 98245
129 98247
129 98250
129 98257
129 98263
129 98272
129 98273
129 98274
129 98276
129 98279
129 98280
129 98287
129 98288
129 98290
129 98292
129 98302
129 98303
129 98309
129 98312
129 98315
129 98323
129 98327
129 98328
129 98329
129 98350
129 98355
129 98365
129 98366
129 98368
129 98375
129 98382
129 98385
129 98388
129 98401
129 98409
129 98410
129 98424
129 98428
129 98436
129 98437
129 98439
129 98448
129 98450
129 98475
129 98477
129 98479
129 98485
129 98491
129 98503
129 98511
129 98512
129 98518
129 98521
129 98523
129 98528
129 98530
129 98537
129 98550
129 98551
129 98557
129 98561
129 98569
129 98571
129 98574
129 98585
129 98588
129 98593
129 98596
129 98599
129 98601
129 98603
129 98608
129 98609
129 98610
129 98616
129 98626
129 98637
129 98640
129 98642
129 98646
129 98650
129 98659
129 98668
129 98673
129 98677
129 98679
129 98683
129 98695
129 98702
129 98705
129 98706
129 98708
129 98709
129 98715
129 98718
129 98724
129 98733
129 98735
129 98738
129 98741
129 98742
129 98749
129 98750
129 98762
129 98770
129 98774
129 98776
129 98786
129 98790
129 98791
129 98793
129 98803
129 98804
129 98808
129 98812
129 98818
129 98819
129 98822
129 98823
129 98826
129 98827
129 98830
129 98831
129 98834
129 98835
129 98838
129 98846
129 98848
129 98860
129 98862
129 98865
129 98869
129 98871
129 98874
129 98876
129 98879
129 98882
129 98885
129 98888
129 98891
129 98894
129 98897
129 98908
129 98910
129 98913
129 98916
129 98920
129 98921
129 98923
129 98940
129 98945
129 98947
129 98948
129 98954
129 98955
129 98965
129 98966
129 98972
129 98975
129 98976
129 98983
129 98984
129 98993
129 99004
129 99006
129 99016
129 99017
129 99018
129 99019
129 99022
129 99033
129 99034
129 99038
129 99050
129 99056
129 99062
129 99064
129 99066
129 99075
129 99078
129 99084
129 99091
129 99094
129 99095
129 99108
129 99113
129 99120
129 99127
129 99129
129 99133
129 99139
129 99141
129 99146
129 99149
129 99152
129 99155
129 99159
129 99161
129 99163
129 99167
129 99172
129 99174
129 99175
129 99176
129 99180
129 99181
129 99189
129 99190
129 99194
129 99196
129 99197
129 99201
129 99202
129 99221
129 99223
129 99228
129 99229
129 99231
129 99233
129 99234
129 99239
129 99249
129 99250
129 99251
129 99253
129 99255
129 99268
129 99279
129 99280
129 99284
129 99287
129 99304
129 99312
129 99322
129 99330
129 99333
129 99336
129 99337
129 99338
129 99345
129 99346
129 99347
129 99348
129 99358
129 99360
129 99363
129 99366
129 99367
129 99369
129 99370
129 99371
129 99376
129 99379
129 99381
129 99382
129 99383
129 99388
129 99392
129 99394
129 99405
129 99407
129 99414
129 99415
129 99420
129 99421
129 99425
129 99426
129 99437
129 99439
129 99448
129 99449
129 99453
129 99454
129 99465
129 99466
129 99468
129 99478
129 99488
129 99495
129 99496
129 99498
129 99504
129 99512
129 99516
129 99520
129 99525
129 99539
129 99541
129 99545
129 99558
129 99559
129 99563
129 99569
129 99572
129 99583
129 99591
129 99597
129 99600
129 99602
129 99607
129 99610
129 99619
129 99623
129 99625
129 99632
129 99634
129 99638
129 99639
129 99642
129 99646
129 99652
129 99653
129 99654
129 99655
129 99656
129 99657
129 99662
129 99671
129 99674
129 99676
129 99680
129 99686
129 99688
129 99698
129 99699
129 99703
129 99704
129 99705
129 99706
129 99708
129 99726
129 99732
129 99746
129 99748
129 99760
129 99771
129 99773
129 99777
129 99780
129 99781
129 99783
129 99786
129 99789
129 99792
129 99793
129 99795
129 99808
129 99814
129 99816
129 99820
129 99824
129 99829
129 99833
129 99845
129 99858
129 99864
129 99867
129 99868
129 99873
129 99879
129 99882
129 99884
129 99886
129 99894
129 99905
129 99911
129 99912
129 99914
129 99915
129 99920
129 99923
129 99926
129 99927
129 99932
129 99934
129 99938
129 99941
129 99946
129 99949
129 99956
129 99958
129 99967
129 99971
129 99981
129 99985
129 99988
129 99989
129 99994
129 99996
129 99997
129 100005
129 100010
129 100011
129 100013
129 100015
129 100017
129 100018
129 100024
129 100029
129 100033
129 100034
129 100035
129 100036
129 100041
129 100042
129 100043
129 100044
129 100061
129 100064
129 100065
129 100066
129 100068
129 100076
129 100077
129 100082
129 100087
129 100088
129 100089
129 100096
129 100098
129 100099
129 100100
129 100107
129 100115
129 100117
129 100120
129 100132
129 100137
129 100140
129 100142
129 100155
129 100159
129 100160
129 100167
129 100168
129 100169
129 100170
129 100171
129 100177
129 100183
129 100186
129 100188
129 100190
129 100200
129 100201
129 100207
129 100208
129 100210
129 100211
129 100212
129 100214
129 100219
129 100225
129 100228
129 100229
129 100236
129 100237
129 100239
129 100243
129 100250
129 100255
129 100256
129 100259
129 100265
129 100268
129 100272
129 100273
129 100274
129 100275
129 100276
129 100280
129 100282
129 100284
129 100299
129 100311
129 100313
129 100319
129 100322
129 100324
129 100325
129 100347
129 100353
129 100356
129 100360
129 100361
129 100369
129 100378
129 100384
129 100386
129 100388
129 100389
129 100396
129 100402
129 100409
129 100415
129 100416
129 100423
129 100424
129 100431
129 100434
129 100436
129 100447
129 100452
129 100459
129 100461
129 100466
129 100468
129 100469
129 100471
129 100477
129 100479
129 100484
129 100488
129 100491
129 100492
129 100494
129 100505
129 100510
129 100513
129 100516
129 100522
129 100528
129 100529
129 100538
129 100542
129 100545
129 100547
129 100555
129 100562
129 100574
129 100577
129 100580
129 100585
129 100587
129 100592
129 100608
129 100618
129 100622
129 100629
129 100640
129 100646
129 100648
129 100650
129 100651
129 100652
129 100653
129 100654
129 100657
129 100658
129 100666
129 100673
129 100678
129 100682
129 100686
129 100687
129 100689
129 100696
129 100698
129 100708
129 100714
129 100733
129 100739
129 100740
129 100746
129 100747
129 100748
129 100754
129 100756
129 100760
129 100766
129 100771
129 100774
129 100783
129 100785
129 100787
129 100790
129 100792
129 100794
129 100795
129 100800
129 100802
129 100803
129 100804
129 100807
129 100813
129 100818
129 100821
129 100825
129 100828
129 100829
129 100833
129 100836
129 100838
129 100842
129 100850
129 100855
129 100857
129 100861
129 100872
129 100873
129 100881
129 100887
129 100888
129 100889
129 100899
129 100903
129 100911
129 100913
129 100914
129 100921
129 100922
129 100924
129 100927
129 100935
129 100937
129 100940
129 100942
129 100966
129 100967
129 100969
129 100971
129 100973
129 100984
129 100990
129 100992
129 100993
129 100997
129 100999
129 101002
129 101003
129 101006
129 101012
129 101015
129 101017
129 101023
129 101025
129 101031
129 101040
129 101054
129 101060
129 101062
129 101064
129 101069
129 101070
129 101075
129 101076
129 101078
129 101097
129 101101
129 101102
129 101113
129 101114
129 101115
129 101116
129 101117
129 101124
129 101127
129 101128
129 101131
129 101135
129 101142
129 101145
129 101149
129 101158
129 101160
129 101162
129 101163
129 101168
129 101172
129 101176
129 101181
129 101185
129 101186
129 101195
129 101197
129 101201
129 101209
129 101212
129 101213
129 101216
129 101221
129 101223
129 101230
129 101238
129 101239
129 101241
129 101251
129 101254
129 101256
129 101262
129 101270
129 101273
129 101287
129 101288
129 101298
129 101301
129 101320
129 101327
129 101331
129 101333
129 101341
129 101342
129 101343
129 101347
129 101351
129 101355
129 101358
129 101360
129 101364
129 101366
129 101369
129 101370
129 101383
129 101385
129 101386
129 101395
129 101396
129 101400
129 101402
129 101407
129 101408
129 101414
129 101425
129 101434
129 101440
129 101445
129 101448
129 101454
129 101463
129 101465
129 101468
129 101471
129 101479
129 101481
129 101483
129 101485
129 101494
129 101498
129 101499
129 101501
129 101504
129 101505
129 101512
129 101513
129 101518
129 101520
129 101522
129 101523
129 101525
129 101533
129 101544
129 101551
129 101553
129 101558
129 101559
129 101566
129 101569
129 101573
129 101574
129 101579
129 101583
129 101585
129 101586
129 101587
129 101593
129 101595
129 101598
129 101601
129 101604
129 101617
129 101622
129 101624
129 101629
129 101636
129 101637
129 101642
129 101643
129 101646
129 101651
129 101652
129 101660
129 101662
129 101671
129 101675
129 101677
129 101681
129 101684
129 101689
129 101691
129 101692
129 101702
129 101712
129 101713
129 101717
129 101721
129 101724
129 101733
129 101736
129 101743
129 101747
129 101749
129 101750
129 101752
129 101753
129 101761
129 101765
129 101770
129 101788
129 101799
129 101807
129 101808
129 101813
129 101814
129 101822
129 101824
129 101828
129 101846
129 101848
129 101854
129 101857
129 101861
129 101862
129 101864
129 101865
129 101869
129 101874
129 101878
129 101880
129 101887
129 101888
129 101896
129 101902
129 101907
129 101910
129 101917
129 101921
129 101924
129 101928
129 101929
129 101930
129 101935
129 101960
129 101963
129 101965
129 101968
129 101976
129 101977
129 101979
129 101981
129 101985
129 101989
129 101991
129 101994
129 101999
129 102000
129 102004
129 102007
129 102009
129 102010
129 102022
129 102026
129 102027
129 102030
129 102031
129 102048
129 102049
129 102055
129 102065
129 102075
129 102076
129 102077
129 102078
129 102080
129 102084
129 102092
129 102096
129 102097
129 102102
129 102103
129 102104
129 102108
129 102117
129 102124
129 102126
129 102131
129 102137
129 102141
129 102142
129 102146
129 102149
129 102150
129 102151
129 102159
129 102161
129 102163
129 102176
129 102177
129 102178
129 102181
129 102187
129 102190
129 102194
129 102199
129 102202
129 102218
129 102221
129 102225
129 102227
129 102232
129 102233
129 102236
129 102238
129 102240
129 102248
129 102249
129 102250
129 102253
129 102258
129 102261
129 102273
129 102280
129 102284
129 102287
129 102291
129 102294
129 102299
129 102302
129 102309
129 102310
129 102313
129 102314
129 102317
129 102324
129 102325
129 102334
129 102337
129 102340
129 102350
129 102352
129 102358
129 102359
129 102361
129 102366
129 102376
129 102379
129 102381
129 102386
129 102392
129 102394
129 102401
129 102409
129 102414
129 102418
129 102428
129 102432
129 102434
129 102435
129 102440
129 102441
129 102442
129 102446
129 102453
129 102458
129 102459
129 102464
129 102469
129 102481
129 102482
129 102486
129 102489
129 102492
129 102493
129 102496
129 102505
129 102506
129 102509
129 102520
129 102527
129 102528
129 102531
129 102542
129 102550
129 102557
129 102558
129 102561
129 102585
129 102600
129 102606
129 102609
129 102620
129 102626
129 102628
129 102630
129 102638
129 102649
129 102650
129 102652
129 102658
129 102659
129 102662
129 102665
129 102667
129 102671
129 102689
129 102695
129 102696
129 102697
129 102701
129 102702
129 102704
129 102716
129 102717
129 102719
129 102720
129 102723
129 102724
129 102731
129 102732
129 102746
129 102754
129 102756
129 102760
129 102765
129 102769
129 102770
129 102771
129 102772
129 102773
129 102774
129 102781
129 102784
129 102789
129 102790
129 102792
129 102796
129 102797
129 102802
129 102803
129 102809
129 102810
129 102812
129 102817
129 102824
129 102825
129 102829
129 102831
129 102832
129 102858
129 102862
129 102863
129 102865
129 102867
129 102868
129 102872
129 102876
129 102877
129 102878
129 102883
129 102886
129 102893
129 102906
129 102908
129 102911
129 102923
129 102924
129 102926
129 102929
129 102931
129 102934
129 102946
129 102947
129 102954
129 102969
129 102977
129 102986
129 102988
129 102993
129 102996
129 102999
129 103003
129 103005
129 103007
129 103010
129 103011
129 103015
129 103024
129 103026
129 103028
129 103030
129 103031
129 103037
129 103038
129 103040
129 103042
129 103043
129 103050
129 103070
129 103073
129 103078
129 103083
129 103090
129 103096
129 103098
129 103100
129 103103
129 103104
129 103106
129 103110
129 103111
129 103116
129 103122
129 103124
129 103125
129 103134
129 103138
129 103142
129 103154
129 103159
129 103160
129 103163
129 103168
129 103169
129 103172
129 103173
129 103175
129 103176
129 103187
129 103188
129 103198
129 103199
129 103201
129 103209
129 103212
129 103214
129 103219
129 103222
129 103227
129 103228
129 103229
129 103231
129 103235
129 103240
129 103242
129 103244
129 103246
129 103247
129 103249
129 103254
129 103265
129 103268
129 103276
129 103277
129 103278
129 103280
129 103290
129 103291
129 103293
129 103309
129 103312
129 103318
129 103319
129 103320
129 103325
129 103326
129 103328
129 103334
129 103338
129 103339
129 103342
129 103345
129 103354
129 103365
129 103368
129 103373
129 103376
129 103377
129 103380
129 103385
129 103386
129 103389
129 103390
129 103394
129 103396
129 103399
129 103412
129 103415
129 103418
129 103419
129 103420
129 103421
129 103422
129 103423
129 103424
129 103425
129 103428
129 103430
129 103432
129 103442
129 103444
129 103446
129 103449
129 103452
129 103456
129 103457
129 103468
129 103472
129 103473
129 103479
129 103485
129 103492
129 103497
129 103503
129 103506
129 103508
129 103510
129 103511
129 103512
129 103513
129 103519
129 103528
129 103532
129 103543
129 103544
129 103546
129 103547
129 103549
129 103555
129 103557
129 103563
129 103564
129 103570
129 103576
129 103582
129 103585
129 103586
129 103587
129 103588
129 103594
129 103596
129 103597
129 103604
129 103610
129 103615
129 103616
129 103620
129 103625
129 103633
129 103637
129 103638
129 103649
129 103651
129 103653
129 103654
129 103655
129 103667
129 103683
129 103685
129 103688
129 103700
129 103705
129 103708
129 103713
129 103716
129 103719
129 103722
129 103729
129 103737
129 103740
129 103744
129 103747
129 103749
129 103751
129 103755
129 103761
129 103763
129 103765
129 103769
129 103770
129 103771
129 103773
129 103774
129 103775
129 103779
129 103785
129 103786
129 103797
129 103801
129 103802
129 103813
129 103822
129 103827
129 103837
129 103838
129 103846
129 103848
129 103851
129 103852
129 103856
129 103862
129 103866
129 103867
129 103868
129 103869
129 103874
129 103877
129 103880
129 103882
129 103886
129 103887
129 103896
129 103897
129 103901
129 103903
129 103904
129 103905
129 103923
129 103926
129 103927
129 103928
129 103929
129 103934
129 103937
129 103938
129 103944
129 103946
129 103948
129 103950
129 103955
129 103958
129 103965
129 103966
129 103967
129 103971
129 103972
129 103975
129 103976
129 103980
129 103984
129 103986
129 103990
129 103992
129 103993
129 103997
129 103999
129 104020
129 104024
129 104028
129 104030
129 104042
129 104049
129 104053
129 104064
129 104067
129 104075
129 104076
129 104081
129 104084
129 104087
129 104089
129 104093
129 104106
129 104108
129 104110
129 104111
129 104119
129 104133
129 104138
129 104140
129 104142
129 104152
129 104153
129 104172
129 104173
129 104177
129 104180
129 104185
129 104186
129 104192
129 104197
129 104201
129 104202
129 104203
129 104208
129 104215
129 104217
129 104232
129 104234
129 104235
129 104242
129 104244
129 104248
129 104251
129 104253
129 104256
129 104261
129 104268
129 104269
129 104270
129 104282
129 104284
129 104285
129 104286
129 104289
129 104295
129 104301
129 104303
129 104311
129 104314
129 104323
129 104325
129 104330
129 104338
129 104342
129 104346
129 104355
129 104362
129 104363
129 104366
129 104368
129 104380
129 104396
129 104401
129 104402
129 104403
129 104409
129 104414
129 104418
129 104422
129 104423
129 104425
129 104426
129 104428
129 104436
129 104441
129 104446
129 104450
129 104453
129 104455
129 104456
129 104460
129 104470
129 104473
129 104476
129 104478
129 104487
129 104493
129 104499
129 104504
129 104505
129 104514
129 104516
129 104520
129 104522
129 104525
129 104527
129 104528
129 104530
129 104533
129 104541
129 104542
129 104544
129 104548
129 104550
129 104551
129 104553
129 104559
129 104563
129 104565
129 104574
129 104575
129 104579
129 104581
129 104583
129 104591
129 104596
129 104609
129 104620
129 104625
129 104626
129 104638
129 104644
129 104660
129 104663
129 104664
129 104667
129 104670
129 104671
129 104672
129 104673
129 104682
129 104687
129 104688
129 104691
129 104693
129 104696
129 104697
129 104700
129 104709
129 104715
129 104716
129 104726
129 104732
129 104733
129 104735
129 104736
129 104744
129 104762
129 104764
129 104778
129 104786
129 104788
129 104791
129 104792
129 104802
129 104808
129 104812
129 104822
129 104823
129 104825
129 104829
129 104841
129 104846
129 104850
129 104851
129 104852
129 104855
129 104856
129 104857
129 104862
129 104865
129 104866
129 104868
129 104870
129 104873
129 104877
129 104882
129 104884
129 104885
129 104891
129 104903
129 104907
129 104912
129 104919
129 104926
129 104933
129 104934
129 104944
129 104952
129 104953
129 104954
129 104962
129 104964
129 104967
129 104968
129 104970
129 104972
129 104977
129 104982
129 104987
129 104997
129 104998
129 105000
129 105003
129 105010
129 105014
129 105017
129 105019
129 105020
129 105022
129 105025
129 105027
129 105032
129 105033
129 105038
129 105039
129 105042
129 105043
129 105044
129 105047
129 105048
129 105056
129 105063
129 105065
129 105068
129 105070
129 105075
129 105076
129 105078
129 105079
129 105082
129 105083
129 105084
129 105086
129 105096
129 105097
129 105100
129 105101
129 105104
129 105107
129 105118
129 105124
129 105132
129 105134
129 105145
129 105153
129 105156
129 105163
129 105169
129 105170
129 105177
129 105179
129 105180
129 105181
129 105184
129 105201
129 105202
129 105208
129 105210
129 105217
129 105218
129 105222
129 105228
129 105234
129 105239
129 105250
129 105277
129 105283
129 105298
129 105305
129 105306
129 105308
129 105314
129 105332
129 105335
129 105339
129 105340
129 105342
129 105353
129 105357
129 105358
129 105359
129 105360
129 105362
129 105363
129 105376
129 105378
129 105381
129 105385
129 105388
129 105392
129 105399
129 105400
129 105402
129 105405
129 105408
129 105411
129 105413
129 105419
129 105424
129 105427
129 105430
129 105431
129 105433
129 105434
129 105437
129 105439
129 105441
129 105446
129 105450
129 105461
129 105462
129 105476
129 105478
129 105479
129 105480
129 105482
129 105486
129 105488
129 105493
129 105499
129 105503
129 105504
129 105509
129 105517
129 105522
129 105526
129 105546
129 105552
129 105565
129 105566
129 105567
129 105568
129 105569
129 105573
129 105576
129 105578
129 105579
129 105589
129 105593
129 105599
129 105610
129 105611
129 105616
129 105617
129 105635
129 105637
129 105640
129 105644
129 105652
129 105661
129 105663
129 105669
129 105678
129 105680
129 105692
129 105699
129 105700
129 105703
129 105704
129 105711
129 105714
129 105717
129 105722
129 105732
129 105738
129 105740
129 105749
129 105758
129 105761
129 105762
129 105767
129 105769
129 105776
129 105777
129 105778
129 105780
129 105783
129 105790
129 105791
129 105793
129 105794
129 105802
129 105813
129 105818
129 105822
129 105823
129 105824
129 105826
129 105833
129 105836
129 105837
129 105841
129 105844
129 105854
129 105856
129 105859
129 105867
129 105875
129 105884
129 105885
129 105893
129 105898
129 105900
129 105901
129 105902
129 105911
129 105914
129 105917
129 105919
129 105924
129 105925
129 105926
129 105927
129 105929
129 105931
129 105933
129 105934
129 105938
129 105949
129 105951
129 105954
129 105955
129 105957
129 105964
129 105986
129 105987
129 105993
129 106002
129 106004
129 106006
129 106008
129 106011
129 106018
129 106020
129 106023
129 106024
129 106030
129 106031
129 106032
129 106034
129 106036
129 106047
129 106051
129 106065
129 106069
129 106076
129 106084
129 106088
129 106091
129 106099
129 106103
129 106106
129 106108
129 106113
129 106116
129 106121
129 106123
129 106126
129 106134
129 106135
129 106136
129 106140
129 106144
129 106147
129 106150
129 106161
129 106163
129 106173
129 106177
129 106184
129 106186
129 106187
129 106190
129 106201
129 106205
129 106208
129 106215
129 106216
129 106218
129 106222
129 106224
129 106229
129 106233
129 106234
129 106237
129 106250
129 106258
129 106259
129 106266
129 106267
129 106268
129 106276
129 106286
129 106291
129 106295
129 106300
129 106301
129 106302
129 106308
129 106311
129 106314
129 106317
129 106320
129 106321
129 106328
129 106332
129 106339
129 106342
129 106347
129 106351
129 106357
129 106359
129 106362
129 106365
129 106372
129 106373
129 106377
129 106381
129 106384
129 106386
129 106387
129 106392
129 106396
129 106406
129 106410
129 106420
129 106423
129 106427
129 106429
129 106433
129 106434
129 106450
129 106455
129 106459
129 106463
129 106466
129 106471
129 106474
129 106475
129 106477
129 106484
129 106485
129 106487
129 106491
129 106492
129 106493
129 106495
129 106502
129 106507
129 106512
129 106514
129 106517
129 106520
129 106522
129 106528
129 106529
129 106541
129 106545
129 106549
129 106551
129 106552
129 106554
129 106555
129 106565
129 106570
129 106574
129 106579
129 106587
129 106596
129 106597
129 106599
129 106607
129 106621
129 106622
129 106629
129 106631
129 106637
129 106639
129 106651
129 106652
129 106657
129 106658
129 106663
129 106675
129 106677
129 106680
129 106683
129 106684
129 106685
129 106687
129 106690
129 106692
129 106695
129 106703
129 106704
129 106708
129 106709
129 106712
129 106713
129 106718
129 106721
129 106722
129 106733
129 106734
129 106735
129 106737
129 106742
129 106745
129 106752
129 106753
129 106754
129 106756
129 106758
129 106760
129 106761
129 106770
129 106779
129 106780
129 106781
129 106790
129 106793
129 106794
129 106801
129 106802
129 106805
129 106808
129 106813
129 106817
129 106818
129 106824
129 106825
129 106829
129 106833
129 106840
129 106841
129 106845
129 106849
129 106854
129 106858
129 106870
129 106874
129 106876
129 106877
129 106881
129 106885
129 106900
129 106902
129 106906
129 106912
129 106918
129 106920
129 106921
129 106944
129 106946
129 106951
129 106958
129 106959
129 106960
129 106962
129 106965
129 106968
129 106969
129 106974
129 106975
129 106976
129 106983
129 106987
129 106990
129 106991
129 107003
129 107007
129 107012
129 107019
129 107025
129 107026
129 107033
129 107034
129 107035
129 107038
129 107039
129 107046
129 107049
129 107051
129 107052
129 107056
129 107057
129 107060
129 107069
129 107072
129 107077
129 107087
129 107094
129 107097
129 107106
129 107114
129 107129
129 107137
129 107143
129 107144
129 107150
129 107151
129 107153
129 107177
129 107179
129 107182
129 107185
129 107188
129 107213
129 107217
129 107219
129 107225
129 107230
129 107234
129 107242
129 107247
129 107251
129 107253
129 107259
129 107263
129 107266
129 107267
129 107269
129 107275
129 107281
129 107288
129 107289
129 107291
129 107294
129 107300
129 107304
129 107305
129 107306
129 107310
129 107312
129 107314
129 107316
129 107317
129 107319
129 107323
129 107330
129 107336
129 107339
129 107344
129 107351
129 107363
129 107367
129 107371
129 107372
129 107377
129 107380
129 107387
129 107389
129 107391
129 107394
129 107399
129 107401
129 107402
129 107407
129 107409
129 107414
129 107417
129 107419
129 107421
129 107432
129 107435
129 107443
129 107450
129 107451
129 107456
129 107457
129 107459
129 107460
129 107461
129 107469
129 107472
129 107483
129 107489
129 107490
129 107493
129 107497
129 107498
129 107502
129 107508
129 107517
129 107518
129 107519
129 107525
129 107528
129 107530
129 107538
129 107545
129 107548
129 107551
129 107552
129 107554
129 107561
129 107563
129 107565
129 107581
129 107591
129 107600
129 107603
129 107607
129 107609
129 107613
129 107623
129 107630
129 107634
129 107637
129 107640
129 107642
129 107651
129 107652
129 107656
129 107659
129 107660
129 107669
129 107675
129 107684
129 107692
129 107698
129 107699
129 107707
129 107722
129 107727
129 107729
129 107749
129 107750
129 107775
129 107779
129 107783
129 107788
129 107791
129 107793
129 107796
129 107806
129 107807
129 107808
129 107811
129 107812
129 107816
129 107817
129 107818
129 107821
129 107822
129 107827
129 107832
129 107834
129 107849
129 107851
129 107858
129 107859
129 107868
129 107873
129 107900
129 107905
129 107919
129 107922
129 107926
129 107927
129 107933
129 107936
129 107939
129 107941
129 107947
129 107950
129 107954
129 107957
129 107969
129 107972
129 107974
129 107978
129 107981
129 107984
129 107985
129 107991
129 107995
129 107998
129 108001
129 108002
129 108007
129 108010
129 108014
129 108015
129 108018
129 108020
129 108021
129 108030
129 108031
129 108032
129 108034
129 108035
129 108039
129 108040
129 108046
129 108059
129 108062
129 108063
129 108070
129 108074
129 108077
129 108078
129 108079
129 108088
129 108092
129 108100
129 108107
129 108110
129 108111
129 108117
129 108120
129 108123
129 108130
129 108136
129 108141
129 108146
129 108152
129 108153
129 108166
129 108178
129 108180
129 108181
129 108193
129 108196
129 108198
129 108199
129 108203
129 108208
129 108211
129 108213
129 108217
129 108218
129 108222
129 108227
129 108232
129 108238
129 108249
129 108258
129 108262
129 108263
129 108264
129 108270
129 108271
129 108272
129 108275
129 108279
129 108281
129 108282
129 108288
129 108294
129 108296
129 108307
129 108308
129 108310
129 108314
129 108321
129 108323
129 108325
129 108327
129 108328
129 108335
129 108337
129 108344
129 108345
129 108349
129 108351
129 108353
129 108355
129 108361
129 108367
129 108368
129 108382
129 108383
129 108385
129 108391
129 108397
129 108407
129 108408
129 108410
129 108414
129 108422
129 108424
129 108432
129 108434
129 108435
129 108438
129 108439
129 108444
129 108446
129 108451
129 108454
129 108457
129 108462
129 108463
129 108475
129 108478
129 108482
129 108492
129 108495
129 108496
129 108499
129 108506
129 108508
129 108511
129 108516
129 108527
129 108532
129 108533
129 108539
129 108545
129 108549
129 108550
129 108559
129 108562
129 108564
129 108566
129 108567
129 108570
129 108595
129 108598
129 108600
129 108605
129 108607
129 108608
129 108610
129 108611
129 108615
129 108616
129 108621
129 108632
129 108651
129 108653
129 108667
129 108674
129 108693
129 108694
129 108696
129 108705
129 108709
129 108718
129 108722
129 108730
129 108731
129 108735
129 108743
129 108746
129 108750
129 108751
129 108752
129 108758
129 108764
129 108768
129 108769
129 108771
129 108781
129 108782
129 108792
129 108793
129 108804
129 108807
129 108810
129 108813
129 108817
129 108822
129 108830
129 108831
129 108832
129 108833
129 108835
129 108836
129 108845
129 108846
129 108850
129 108853
129 108868
129 108873
129 108876
129 108881
129 108884
129 108887
129 108894
129 108908
129 108914
129 108918
129 108920
129 108921
129 108924
129 108933
129 108937
129 108942
129 108945
129 108950
129 108951
129 108953
129 108961
129 108962
129 108965
129 108979
129 108982
129 108983
129 108988
129 108989
129 108992
129 108993
129 109001
129 109010
129 109011
129 109013
129 109014
129 109020
129 109025
129 109026
129 109032
129 109037
129 109047
129 109048
129 109051
129 109052
129 109063
129 109068
129 109078
129 109084
129 109088
129 109097
129 109103
129 109104
129 109106
129 109111
129 109117
129 109121
129 109129
129 109130
129 109132
129 109137
129 109150
129 109154
129 109160
129 109162
129 109171
129 109180
129 109182
129 109183
129 109189
129 109190
129 109198
129 109207
129 109222
129 109226
129 109229
129 109230
129 109234
129 109244
129 109247
129 109248
129 109249
129 109255
129 109257
129 109269
129 109270
129 109272
129 109273
129 109274
129 109275
129 109276
129 109277
129 109283
129 109289
129 109293
129 109296
129 109298
129 109299
129 109300
129 109303
129 109308
129 109312
129 109314
129 109317
129 109325
129 109326
129 109350
129 109356
129 109378
129 109383
129 109386
129 109395
129 109401
129 109403
129 109410
129 109414
129 109421
129 109428
129 109434
129 109437
129 109446
129 109451
129 109458
129 109461
129 109465
129 109478
129 109479
129 109481
129 109484
129 109485
129 109486
129 109488
129 109489
129 109492
129 109496
129 109497
129 109498
129 109499
129 109514
129 109515
129 109521
129 109528
129 109530
129 109532
129 109538
129 109541
129 109544
129 109552
129 109560
129 109561
129 109572
129 109574
129 109576
129 109581
129 109584
129 109586
129 109588
129 109604
129 109612
129 109618
129 109624
129 109627
129 109631
129 109632
129 109634
129 109638
129 109641
129 109647
129 109648
129 109657
129 109668
129 109672
129 109675
129 109677
129 109683
129 109690
129 109708
129 109709
129 109710
129 109712
129 109717
129 109721
129 109722
129 109728
129 109729
129 109731
129 109740
129 109741
129 109745
129 109747
129 109748
129 109749
129 109751
129 109753
129 109754
129 109759
129 109763
129 109766
129 109773
129 109776
129 109783
129 109787
129 109790
129 109791
129 109792
129 109796
129 109799
129 109807
129 109818
129 109828
129 109839
129 109841
129 109843
129 109845
129 109850
129 109855
129 109861
129 109863
129 109865
129 109875
129 109876
129 109877
129 109879
129 109882
129 109883
129 109888
129 109891
129 109895
129 109903
129 109904
129 109905
129 109906
129 109909
129 109914
129 109920
129 109922
129 109925
129 109926
129 109928
129 109931
129 109934
129 109938
129 109942
129 109944
129 109946
129 109957
129 109961
129 109962
129 109965
129 109982
129 109987
129 110007
129 110013
129 110017
129 110018
129 110020
129 110027
129 110043
129 110046
129 110059
129 110064
129 110067
129 110071
129 110077
129 110079
129 110080
129 110081
129 110085
129 110094
129 110095
129 110099
129 110100
129 110104
129 110105
129 110111
129 110112
129 110114
129 110121
129 110123
129 110133
129 110135
129 110139
129 110140
129 110143
129 110146
129 110153
129 110156
129 110159
129 110166
129 110168
129 110173
129 110179
129 110180
129 110182
129 110183
129 110194
129 110196
129 110198
129 110211
129 110218
129 110222
129 110223
129 110227
129 110228
129 110236
129 110242
129 110244
129 110246
129 110252
129 110255
129 110256
129 110264
129 110274
129 110275
129 110281
129 110282
129 110284
129 110286
129 110287
129 110288
129 110293
129 110294
129 110296
129 110301
129 110305
129 110307
129 110308
129 110320
129 110325
129 110334
129 110341
129 110346
129 110349
129 110350
129 110351
129 110357
129 110366
129 110382
129 110384
129 110385
129 110388
129 110390
129 110393
129 110394
129 110403
129 110405
129 110406
129 110408
129 110410
129 110412
129 110416
129 110419
129 110425
129 110432
129 110435
129 110437
129 110438
129 110444
129 110449
129 110457
129 110458
129 110460
129 110465
129 110468
129 110485
129 110487
129 110488
129 110493
129 110494
129 110497
129 110501
129 110517
129 110527
129 110529
129 110532
129 110536
129 110539
129 110543
129 110544
129 110545
129 110548
129 110550
129 110554
129 110568
129 110569
129 110571
129 110575
129 110577
129 110578
129 110584
129 110593
129 110596
129 110597
129 110601
129 110602
129 110603
129 110607
129 110616
129 110617
129 110619
129 110621
129 110629
129 110630
129 110631
129 110635
129 110636
129 110643
129 110645
129 110650
129 110656
129 110658
129 110659
129 110667
129 110675
129 110680
129 110683
129 110686
129 110689
129 110692
129 110694
129 110698
129 110703
129 110714
129 110719
129 110720
129 110723
129 110724
129 110733
129 110738
129 110741
129 110742
129 110745
129 110749
129 110753
129 110754
129 110769
129 110774
129 110786
129 110788
129 110790
129 110794
129 110799
129 110801
129 110807
129 110809
129 110811
129 110812
129 110816
129 110821
129 110824
129 110826
129 110829
129 110840
129 110852
129 110857
129 110861
129 110869
129 110870
129 110876
129 110883
129 110893
129 110896
129 110898
129 110903
129 110914
129 110920
129 110922
129 110925
129 110931
129 110933
129 110936
129 110938
129 110960
129 110966
129 110973
129 110984
129 110989
129 110992
129 111001
129 111006
129 111009
129 111014
129 111020
129 111031
129 111032
129 111034
129 111041
129 111050
129 111053
129 111054
129 111055
129 111059
129 111060
129 111066
129 111068
129 111069
129 111070
129 111075
129 111077
129 111080
129 111088
129 111102
129 111104
129 111105
129 111115
129 111117
129 111125
129 111136
129 111140
129 111143
129 111147
129 111149
129 111154
129 111160
129 111164
129 111165
129 111185
129 111205
129 111206
129 111213
129 111215
129 111217
129 111221
129 111227
129 111235
129 111237
129 111240
129 111246
129 111255
129 111260
129 111261
129 111262
129 111265
129 111280
129 111286
129 111289
129 111290
129 111291
129 111293
129 111296
129 111300
129 111303
129 111304
129 111306
129 111310
129 111315
129 111316
129 111317
129 111320
129 111329
129 111338
129 111339
129 111345
129 111348
129 111352
129 111367
129 111370
129 111375
129 111381
129 111382
129 111385
129 111387
129 111389
129 111393
129 111394
129 111397
129 111398
129 111399
129 111417
129 111429
129 111433
129 111434
129 111435
129 111440
129 111445
129 111456
129 111459
129 111464
129 111469
129 111470
129 111471
129 111475
129 111491
129 111494
129 111496
129 111497
129 111510
129 111511
129 111513
129 111519
129 111522
129 111526
129 111533
129 111538
129 111541
129 111546
129 111550
129 111552
129 111555
129 111564
129 111574
129 111578
129 111580
129 111584
129 111586
129 111588
129 111592
129 111596
129 111602
129 111624
129 111627
129 111632
129 111641
129 111642
129 111655
129 111657
129 111663
129 111665
129 111666
129 111673
129 111677
129 111679
129 111682
129 111687
129 111688
129 111690
129 111692
129 111695
129 111696
129 111698
129 111701
129 111702
129 111706
129 111708
129 111711
129 111729
129 111738
129 111739
129 111741
129 111742
129 111746
129 111749
129 111750
129 111757
129 111758
129 111761
129 111762
129 111769
129 111771
129 111775
129 111779
129 111794
129 111795
129 111801
129 111804
129 111810
129 111813
129 111815
129 111827
129 111830
129 111833
129 111834
129 111835
129 111836
129 111840
129 111845
129 111846
129 111848
129 111849
129 111852
129 111855
129 111856
129 111864
129 111871
129 111880
129 111881
129 111885
129 111897
129 111910
129 111914
129 111920
129 111921
129 111922
129 111925
129 111928
129 111929
129 111931
129 111934
129 111935
129 111938
129 111949
129 111951
129 111959
129 111962
129 111963
129 111964
129 111965
129 111986
129 112003
129 112007
129 112009
129 112010
129 112012
129 112019
129 112031
129 112032
129 112033
129 112038
129 112039
129 112042
129 112047
129 112054
129 112056
129 112059
129 112069
129 112078
129 112085
129 112097
129 112103
129 112104
129 112108
129 112117
129 112120
129 112124
129 112130
129 112136
129 112139
129 112141
129 112143
129 112146
129 112148
129 112151
129 112168
129 112172
129 112182
129 112188
129 112190
129 112191
129 112195
129 112215
129 112216
129 112218
129 112221
129 112224
129 112226
129 112231
129 112233
129 112234
129 112237
129 112239
129 112248
129 112251
129 112253
129 112259
129 112262
129 112265
129 112268
129 112269
129 112270
129 112275
129 112277
129 112282
129 112288
129 112291
129 112312
129 112313
129 112314
129 112316
129 112317
129 112318
129 112323
129 112337
129 112341
129 112344
129 112351
129 112352
129 112357
129 112362
129 112365
129 112369
129 112372
129 112374
129 112378
129 112392
129 112393
129 112396
129 112398
129 112409
129 112413
129 112416
129 112418
129 112422
129 112430
129 112438
129 112439
129 112443
129 112445
129 112453
129 112456
129 112457
129 112466
129 112469
129 112471
129 112473
129 112478
129 112479
129 112480
129 112483
129 112484
129 112487
129 112492
129 112496
129 112506
129 112508
129 112510
129 112517
129 112519
129 112520
129 112522
129 112525
129 112526
129 112528
129 112531
129 112532
129 112542
129 112543
129 112549
129 112553
129 112554
129 112555
129 112559
129 112568
129 112570
129 112577
129 112581
129 112585
129 112590
129 112593
129 112594
129 112600
129 112611
129 112613
129 112620
129 112625
129 112645
129 112647
129 112648
129 112655
129 112656
129 112661
129 112664
129 112667
129 112673
129 112685
129 112692
129 112694
129 112695
129 112697
129 112699
129 112702
129 112704
129 112709
129 112713
129 112714
129 112716
129 112718
129 112732
129 112735
129 112736
129 112739
129 112741
129 112755
129 112764
129 112766
129 112773
129 112774
129 112784
129 112792
129 112807
129 112811
129 112814
129 112816
129 112822
129 112824
129 112828
129 112833
129 112837
129 112849
129 112850
129 112858
129 112861
129 112866
129 112871
129 112874
129 112878
129 112894
129 112897
129 112898
129 112905
129 112907
129 112909
129 112910
129 112911
129 112912
129 112915
129 112918
129 112921
129 112926
129 112929
129 112933
129 112937
129 112948
129 112954
129 112957
129 112958
129 112961
129 112965
129 112971
129 112973
129 112974
129 112975
129 112977
129 112983
129 112998
129 113005
129 113008
129 113010
129 113013
129 113014
129 113015
129 113019
129 113023
129 113024
129 113026
129 113031
129 113038
129 113039
129 113048
129 113049
129 113051
129 113052
129 113053
129 113056
129 113060
129 113061
129 113064
129 113066
129 113070
129 113074
129 113075
129 113076
129 113077
129 113085
129 113087
129 113090
129 113091
129 113099
129 113103
129 113108
129 113109
129 113110
129 113114
129 113116
129 113117
129 113121
129 113125
129 113127
129 113130
129 113134
129 113135
129 113137
129 113139
129 113146
129 113158
129 113164
129 113165
129 113166
129 113168
129 113176
129 113177
129 113179
129 113181
129 113184
129 113185
129 113187
129 113191
129 113199
129 113201
129 113210
129 113215
129 113218
129 113220
129 113221
129 113225
129 113226
129 113230
129 113233
129 113234
129 113241
129 113248
129 113251
129 113261
129 113274
129 113278
129 113286
129 113290
129 113302
129 113308
129 113311
129 113313
129 113318
129 113325
129 113335
129 113337
129 113339
129 113345
129 113348
129 113352
129 113357
129 113358
129 113361
129 113362
129 113365
129 113370
129 113378
129 113384
129 113385
129 113387
129 113388
129 113390
129 113393
129 113398
129 113405
129 113410
129 113413
129 113418
129 113419
129 113427
129 113431
129 113432
129 113435
129 113442
129 113448
129 113454
129 113456
129 113467
129 113469
129 113473
129 113477
129 113482
129 113483
129 113489
129 113497
129 113498
129 113510
129 113511
129 113524
129 113527
129 113528
129 113529
129 113537
129 113539
129 113542
129 113557
129 113564
129 113566
129 113573
129 113576
129 113578
129 113581
129 113587
129 113589
129 113592
129 113594
129 113601
129 113602
129 113608
129 113610
129 113611
129 113613
129 113619
129 113622
129 113630
129 113647
129 113648
129 113649
129 113651
129 113656
129 113663
129 113667
129 113668
129 113672
129 113677
129 113684
129 113689
129 113691
129 113692
129 113705
129 113710
129 113724
129 113726
129 113734
129 113735
129 113739
129 113741
129 113747
129 113756
129 113758
129 113763
129 113775
129 113779
129 113783
129 113793
129 113801
129 113809
129 113820
129 113823
129 113832
129 113835
129 113837
129 113839
129 113850
129 113851
129 113854
129 113861
129 113862
129 113865
129 113874
129 113877
129 113881
129 113885
129 113886
129 113894
129 113898
129 113911
129 113914
129 113922
129 113926
129 113931
129 113938
129 113946
129 113947
129 113948
129 113951
129 113958
129 113959
129 113961
129 113973
129 113976
129 113978
129 113979
129 113982
129 113983
129 113986
129 113987
129 113990
129 113998
129 114001
129 114003
129 114005
129 114009
129 114010
129 114011
129 114018
129 114020
129 114022
129 114025
129 114030
129 114035
129 114038
129 114043
129 114045
129 114050
129 114052
129 114053
129 114057
129 114063
129 114065
129 114068
129 114071
129 114074
129 114076
129 114078
129 114080
129 114087
129 114097
129 114101
129 114105
129 114118
129 114121
129 114123
129 114124
129 114125
129 114126
129 114129
129 114132
129 114136
129 114143
129 114148
129 114154
129 114163
129 114171
129 114174
129 114181
129 114184
129 114192
129 114196
129 114206
129 114207
129 114209
129 114211
129 114214
129 114219
129 114226
129 114232
129 114237
129 114245
129 114246
129 114257
129 114260
129 114262
129 114265
129 114268
129 114272
129 114276
129 114282
129 114286
129 114287
129 114292
129 114293
129 114303
129 114305
129 114316
129 114319
129 114328
129 114332
129 114334
129 114336
129 114339
129 114348
129 114350
129 114354
129 114355
129 114356
129 114362
129 114364
129 114368
129 114386
129 114387
129 114388
129 114392
129 114393
129 114397
129 114399
129 114401
129 114406
129 114407
129 114415
129 114418
129 114426
129 114431
129 114432
129 114437
129 114443
129 114452
129 114454
129 114455
129 114475
129 114476
129 114477
129 114485
129 114490
129 114493
129 114498
129 114501
129 114503
129 114510
129 114512
129 114514
129 114518
129 114521
129 114525
129 114526
129 114528
129 114542
129 114543
129 114556
129 114560
129 114566
129 114579
129 114580
129 114583
129 114589
129 114601
129 114602
129 114613
129 114623
129 114624
129 114627
129 114628
129 114631
129 114635
129 114638
129 114639
129 114640
129 114645
129 114649
129 114653
129 114659
129 114667
129 114668
129 114677
129 114688
129 114691
129 114700
129 114701
129 114704
129 114711
129 114716
129 114728
129 114729
129 114732
129 114733
129 114735
129 114743
129 114749
129 114751
129 114761
129 114762
129 114765
129 114768
129 114770
129 114778
129 114780
129 114783
129 114784
129 114788
129 114810
129 114815
129 114819
129 114821
129 114834
129 114841
129 114845
129 114847
129 114848
129 114850
129 114857
129 114858
129 114873
129 114880
129 114882
129 114883
129 114886
129 114890
129 114896
129 114898
129 114902
129 114914
129 114915
129 114917
129 114919
129 114925
129 114926
129 114928
129 114938
129 114939
129 114941
129 114948
129 114952
129 114964
129 114968
129 114980
129 114986
129 114987
129 114988
129 114989
129 114990
129 114999
129 115012
129 115013
129 115022
129 115023
129 115026
129 115040
129 115043
129 115045
129 115047
129 115057
129 115058
129 115062
129 115072
129 115077
129 115079
129 115086
129 115091
129 115094
129 115095
129 115096
129 115099
129 115103
129 115104
129 115110
129 115111
129 115112
129 115119
129 115124
129 115125
129 115135
129 115140
129 115142
129 115145
129 115153
129 115157
129 115161
129 115162
129 115166
129 115175
129 115176
129 115178
129 115181
129 115189
129 115190
129 115191
129 115192
129 115193
129 115195
129 115196
129 115198
129 115199
129 115201
129 115202
129 115204
129 115209
129 115224
129 115230
129 115238
129 115242
129 115245
129 115250
129 115251
129 115254
129 115256
129 115257
129 115260
129 115261
129 115264
129 115266
129 115267
129 115268
129 115271
129 115275
129 115283
129 115291
129 115295
129 115296
129 115299
129 115302
129 115310
129 115311
129 115313
129 115314
129 115317
129 115319
129 115321
129 115326
129 115328
129 115338
129 115345
129 115347
129 115349
129 115354
129 115357
129 115362
129 115369
129 115370
129 115371
129 115373
129 115381
129 115386
129 115399
129 115406
129 115407
129 115412
129 115413
129 115418
129 115421
129 115422
129 115429
129 115430
129 115432
129 115434
129 115437
129 115443
129 115449
129 115452
129 115462
129 115466
129 115470
129 115483
129 115485
129 115487
129 115488
129 115492
129 115508
129 115509
129 115510
129 115511
129 115518
129 115522
129 115523
129 115525
129 115538
129 115546
129 115547
129 115552
129 115553
129 115557
129 115558
129 115559
129 115562
129 115564
129 115565
129 115568
129 115569
129 115573
129 115576
129 115578
129 115579
129 115582
129 115583
129 115610
129 115625
129 115627
129 115629
129 115630
129 115631
129 115638
129 115651
129 115658
129 115661
129 115662
129 115666
129 115669
129 115674
129 115675
129 115676
129 115690
129 115694
129 115705
129 115720
129 115721
129 115738
129 115740
129 115741
129 115750
129 115756
129 115757
129 115761
129 115763
129 115764
129 115773
129 115776
129 115778
129 115779
129 115780
129 115788
129 115790
129 115791
129 115796
129 115797
129 115799
129 115803
129 115808
129 115823
129 115824
129 115828
129 115831
129 115832
129 115836
129 115837
129 115848
129 115855
129 115859
129 115866
129 115867
129 115872
129 115873
129 115875
129 115880
129 115884
129 115886
129 115888
129 115893
129 115896
129 115899
129 115907
129 115911
129 115919
129 115924
129 115925
129 115926
129 115927
129 115929
129 115930
129 115931
129 115937
129 115939
129 115948
129 115954
129 115956
129 115957
129 115969
129 115974
129 115979
129 115982
129 115984
129 115995
129 116002
129 116004
129 116011
129 116016
129 116024
129 116029
129 116031
129 116034
129 116035
129 116041
129 116046
129 116054
129 116055
129 116058
129 116065
129 116074
129 116075
129 116085
129 116086
129 116087
129 116088
129 116090
129 116093
129 116095
129 116099
129 116105
129 116111
129 116112
129 116115
129 116116
129 116118
129 116123
129 116128
129 116129
129 116131
129 116139
129 116144
129 116148
129 116158
129 116159
129 116167
129 116168
129 116171
129 116174
129 116175
129 116177
129 116185
129 116186
129 116187
129 116194
129 116205
129 116211
129 116212
129 116216
129 116218
129 116225
129 116234
129 116240
129 116243
129 116251
129 116254
129 116255
129 116258
129 116261
129 116263
129 116264
129 116269
129 116270
129 116276
129 116283
129 116285
129 116290
129 116291
129 116299
129 116302
129 116310
129 116316
129 116322
129 116328
129 116350
129 116355
129 116356
129 116359
129 116361
129 116363
129 116364
129 116370
129 116373
129 116374
129 116379
129 116382
129 116394
129 116395
129 116410
129 116416
129 116427
129 116441
129 116451
129 116455
129 116457
129 116476
129 116485
129 116486
129 116493
129 116497
129 116500
129 116510
129 116513
129 116515
129 116522
129 116524
129 116529
129 116533
129 116535
129 116542
129 116544
129 116559
129 116562
129 116565
129 116566
129 116571
129 116577
129 116580
129 116581
129 116585
129 116590
129 116594
129 116600
129 116601
129 116602
129 116606
129 116607
129 116610
129 116613
129 116614
129 116615
129 116621
129 116627
129 116628
129 116631
129 116637
129 116638
129 116640
129 116645
129 116649
129 116658
129 116662
129 116671
129 116673
129 116684
129 116688
129 116690
129 116694
129 116697
129 116700
129 116705
129 116709
129 116710
129 116719
129 116724
129 116725
129 116726
129 116734
129 116735
129 116745
129 116756
129 116759
129 116761
129 116762
129 116764
129 116765
129 116768
129 116779
129 116785
129 116787
129 116798
129 116802
129 116806
129 116810
129 116812
129 116818
129 116823
129 116825
129 116828
129 116834
129 116847
129 116851
129 116856
129 116863
129 116869
129 116881
129 116897
129 116899
129 116902
129 116907
129 116910
129 116916
129 116917
129 116918
129 116924
129 116925
129 116927
129 116932
129 116933
129 116935
129 116938
129 116939
129 116945
129 116959
129 116961
129 116966
129 116976
129 116982
129 116983
129 116987
129 117000
129 117001
129 117013
129 117033
129 117037
129 117046
129 117059
129 117061
129 117066
129 117072
129 117075
129 117080
129 117081
129 117084
129 117087
129 117089
129 117093
129 117096
129 117108
129 117109
129 117110
129 117111
129 117120
129 117123
129 117140
129 117148
129 117160
129 117163
129 117165
129 117168
129 117173
129 117174
129 117175
129 117182
129 117188
129 117189
129 117197
129 117199
129 117200
129 117207
129 117209
129 117211
129 117215
129 117216
129 117219
129 117220
129 117221
129 117225
129 117226
129 117230
129 117240
129 117243
129 117246
129 117247
129 117248
129 117249
129 117253
129 117254
129 117265
129 117266
129 117272
129 117288
129 117308
129 117310
129 117313
129 117321
129 117322
129 117333
129 117339
129 117346
129 117352
129 117353
129 117359
129 117360
129 117364
129 117366
129 117368
129 117370
129 117377
129 117378
129 117380
129 117385
129 117393
129 117398
129 117400
129 117401
129 117402
129 117405
129 117414
129 117415
129 117416
129 117424
129 117425
129 117426
129 117432
129 117437
129 117438
129 117440
129 117441
129 117444
129 117450
129 117457
129 117459
129 117460
129 117463
129 117468
129 117474
129 117475
129 117476
129 117478
129 117482
129 117495
129 117497
129 117498
129 117502
129 117506
129 117517
129 117526
129 117527
129 117530
129 117531
129 117533
129 117536
129 117537
129 117539
129 117549
129 117556
129 117558
129 117559
129 117562
129 117578
129 117584
129 117585
129 117591
129 117594
129 117596
129 117597
129 117600
129 117601
129 117614
129 117615
129 117616
129 117618
129 117622
129 117623
129 117624
129 117634
129 117635
129 117642
129 117643
129 117645
129 117653
129 117656
129 117658
129 117660
129 117661
129 117669
129 117671
129 117673
129 117684
129 117688
129 117690
129 117693
129 117700
129 117701
129 117705
129 117707
129 117718
129 117719
129 117720
129 117724
129 117726
129 117747
129 117749
129 117751
129 117755
129 117760
129 117762
129 117763
129 117768
129 117769
129 117770
129 117772
129 117773
129 117777
129 117778
129 117780
129 117784
129 117789
129 117798
129 117799
129 117807
129 117809
129 117810
129 117816
129 117820
129 117822
129 117823
129 117828
129 117831
129 117836
129 117838
129 117839
129 117842
129 117843
129 117850
129 117858
129 117859
129 117862
129 117866
129 117878
129 117885
129 117887
129 117904
129 117911
129 117913
129 117915
129 117923
129 117926
129 117929
129 117938
129 117948
129 117958
129 117968
129 117969
129 117974
129 117977
129 117987
129 117989
129 117997
129 118010
129 118024
129 118025
129 118028
129 118031
129 118047
129 118055
129 118065
129 118069
129 118073
129 118075
129 118087
129 118094
129 118095
129 118101
129 118108
129 118109
129 118112
129 118115
129 118122
129 118130
129 118137
129 118138
129 118143
129 118146
129 118149
129 118154
129 118156
129 118160
129 118163
129 118172
129 118175
129 118176
129 118180
129 118196
129 118199
129 118203
129 118204
129 118210
129 118211
129 118212
129 118217
129 118218
129 118221
129 118231
129 118242
129 118248
129 118250
129 118255
129 118262
129 118264
129 118265
129 118269
129 118270
129 118286
129 118287
129 118291
129 118292
129 118294
129 118296
129 118306
129 118313
129 118316
129 118318
129 118320
129 118322
129 118323
129 118327
129 118329
129 118331
129 118337
129 118349
129 118353
129 118355
129 118360
129 118365
129 118378
129 118382
129 118390
129 118393
129 118398
129 118401
129 118404
129 118408
129 118409
129 118416
129 118418
129 118420
129 118422
129 118423
129 118424
129 118425
129 118433
129 118437
129 118445
129 118447
129 118448
129 118450
129 118463
129 118472
129 118473
129 118474
129 118479
129 118485
129 118488
129 118489
129 118495
129 118498
129 118500
129 118504
129 118507
129 118508
129 118510
129 118513
129 118519
129 118520
129 118525
129 118530
129 118541
129 118547
129 118548
129 118551
129 118555
129 118557
129 118565
129 118566
129 118573
129 118580
129 118582
129 118584
129 118588
129 118595
129 118597
129 118600
129 118603
129 118604
129 118607
129 118608
129 118624
129 118625
129 118633
129 118634
129 118637
129 118640
129 118650
129 118651
129 118653
129 118654
129 118657
129 118668
129 118674
129 118676
129 118678
129 118683
129 118690
129 118696
129 118706
129 118709
129 118710
129 118713
129 118717
129 118722
129 118723
129 118726
129 118727
129 118729
129 118730
129 118732
129 118740
129 118742
129 118755
129 118757
129 118758
129 118760
129 118767
129 118769
129 118770
129 118771
129 118775
129 118781
129 118782
129 118783
129 118787
129 118788
129 118802
129 118806
129 118808
129 118815
129 118816
129 118819
129 118820
129 118824
129 118825
129 118826
129 118828
129 118829
129 118830
129 118835
129 118837
129 118841
129 118843
129 118847
129 118850
129 118855
129 118858
129 118862
129 118863
129 118874
129 118877
129 118888
129 118890
129 118896
129 118897
129 118901
129 118906
129 118907
129 118918
129 118920
129 118924
129 118927
129 118929
129 118948
129 118958
129 118960
129 118963
129 118966
129 118969
129 118973
129 118990
129 118997
129 119002
129 119007
129 119015
129 119016
129 119023
129 119030
129 119035
129 119045
129 119046
129 119050
129 119054
129 119055
129 119058
129 119065
129 119073
129 119075
129 119078
129 119090
129 119093
129 119096
129 119104
129 119106
129 119117
129 119127
129 119128
129 119129
129 119131
129 119146
129 119153
129 119154
129 119157
129 119160
129 119162
129 119163
129 119166
129 119167
129 119175
129 119190
129 119191
129 119192
129 119194
129 119204
129 119206
129 119207
129 119208
129 119210
129 119211
129 119213
129 119221
129 119222
129 119227
129 119233
129 119240
129 119243
129 119251
129 119265
129 119267
129 119272
129 119285
129 119286
129 119292
129 119298
129 119310
129 119312
129 119315
129 119319
129 119320
129 119324
129 119325
129 119339
129 119341
129 119345
129 119347
129 119349
129 119352
129 119357
129 119360
129 119362
129 119369
129 119377
129 119392
129 119393
129 119397
129 119398
129 119400
129 119402
129 119409
129 119411
129 119419
129 119423
129 119428
129 119435
129 119439
129 119440
129 119449
129 119450
129 119452
129 119455
129 119470
129 119471
129 119477
129 119480
129 119485
129 119487
129 119490
129 119495
129 119501
129 119509
129 119528
129 119536
129 119544
129 119551
129 119557
129 119558
129 119559
129 119565
129 119570
129 119580
129 119584
129 119586
129 119598
129 119600
129 119605
129 119609
129 119627
129 119628
129 119637
129 119641
129 119643
129 119646
129 119652
129 119654
129 119655
129 119687
129 119690
129 119696
129 119703
129 119710
129 119713
129 119715
129 119724
129 119725
129 119735
129 119737
129 119745
129 119747
129 119750
129 119753
129 119756
129 119757
129 119760
129 119765
129 119774
129 119782
129 119784
129 119785
129 119793
129 119801
129 119815
129 119817
129 119818
129 119820
129 119823
129 119825
129 119829
129 119837
129 119840
129 119847
129 119849
129 119850
129 119857
129 119861
129 119866
129 119869
129 119873
129 119883
129 119885
129 119886
129 119889
129 119896
129 119897
129 119899
129 119902
129 119911
129 119912
129 119913
129 119914
129 119920
129 119921
129 119924
129 119928
129 119929
129 119933
129 119939
129 119940
129 119944
129 119945
129 119947
129 119948
129 119956
129 119963
129 119964
129 119966
129 119967
129 119973
129 119975
129 119976
129 119981
129 119987
129 119997
129 119999
129 120001
129 120006
129 120010
129 120013
129 120014
129 120019
129 120020
129 120025
129 120030
129 120032
129 120047
129 120057
129 120060
129 120062
129 120067
129 120068
129 120073
129 120077
129 120078
129 120083
129 120084
129 120087
129 120089
129 120091
129 120097
129 120100
129 120106
129 120108
129 120114
129 120117
129 120124
129 120127
129 120129
129 120130
129 120134
129 120138
129 120143
129 120150
129 120160
129 120163
129 120178
129 120181
129 120184
129 120188
129 120189
129 120192
129 120199
129 120205
129 120209
129 120210
129 120224
129 120228
129 120234
129 120240
129 120242
129 120244
129 120245
129 120249
129 120262
129 120266
129 120267
129 120270
129 120271
129 120273
129 120274
129 120276
129 120277
129 120279
129 120282
129 120283
129 120298
129 120301
129 120311
129 120312
129 120315
129 120320
129 120323
129 120331
129 120335
129 120337
129 120343
129 120351
129 120355
129 120357
129 120363
129 120367
129 120374
129 120376
129 120378
129 120379
129 120381
129 120383
129 120387
129 120388
129 120390
129 120391
129 120402
129 120403
129 120405
129 120409
129 120410
129 120413
129 120415
129 120420
129 120426
129 120430
129 120432
129 120438
129 120440
129 120442
129 120448
129 120449
129 120451
129 120454
129 120457
129 120458
129 120463
129 120467
129 120471
129 120481
129 120487
129 120491
129 120493
129 120494
129 120496
129 120499
129 120500
129 120503
129 120506
129 120511
129 120514
129 120519
129 120536
129 120547
129 120558
129 120562
129 120570
129 120572
129 120577
129 120597
129 120601
129 120605
129 120606
129 120610
129 120613
129 120621
129 120625
129 120627
129 120632
129 120636
129 120640
129 120649
129 120650
129 120651
129 120658
129 120670
129 120673
129 120677
129 120679
129 120682
129 120684
129 120690
129 120701
129 120703
129 120705
129 120706
129 120719
129 120722
129 120724
129 120732
129 120734
129 120737
129 120738
129 120739
129 120754
129 120763
129 120764
129 120768
129 120769
129 120770
129 120775
129 120779
129 120783
129 120786
129 120795
129 120798
129 120801
129 120805
129 120807
129 120810
129 120819
129 120823
129 120825
129 120833
129 120834
129 120838
129 120840
129 120844
129 120847
129 120848
129 120851
129 120853
129 120856
129 120861
129 120863
129 120868
129 120871
129 120876
129 120884
129 120888
129 120890
129 120891
129 120893
129 120904
129 120910
129 120911
129 120913
129 120914
129 120930
129 120931
129 120938
129 120958
129 120970
129 120972
129 120977
129 120979
129 120981
129 120992
129 120994
129 121003
129 121004
129 121008
129 121011
129 121012
129 121021
129 121023
129 121032
129 121033
129 121040
129 121041
129 121045
129 121055
129 121056
129 121057
129 121062
129 121080
129 121082
129 121087
129 121095
129 121096
129 121097
129 121098
129 121100
129 121102
129 121105
129 121113
129 121119
129 121120
129 121124
129 121130
129 121137
129 121140
129 121146
129 121149
129 121150
129 121162
129 121167
129 121171
129 121172
129 121179
129 121199
129 121205
129 121216
129 121217
129 121218
129 121221
129 121222
129 121223
129 121224
129 121226
129 121227
129 121231
129 121245
129 121246
129 121254
129 121255
129 121266
129 121267
129 121271
129 121272
129 121273
129 121287
129 121291
129 121293
129 121302
129 121304
129 121313
129 121316
129 121317
129 121325
129 121326
129 121327
129 121331
129 121342
129 121343
129 121349
129 121350
129 121355
129 121356
129 121357
129 121359
129 121360
129 121365
129 121369
129 121371
129 121372
129 121383
129 121387
129 121389
129 121394
129 121397
129 121401
129 121425
129 121433
129 121435
129 121440
129 121448
129 121449
129 121456
129 121460
129 121461
129 121465
129 121467
129 121469
129 121470
129 121473
129 121480
129 121486
129 121502
129 121506
129 121508
129 121510
129 121515
129 121528
129 121531
129 121533
129 121534
129 121536
129 121544
129 121546
129 121550
129 121555
129 121560
129 121561
129 121572
129 121573
129 121577
129 121583
129 121586
129 121597
129 121599
129 121604
129 121605
129 121606
129 121607
129 121613
129 121616
129 121618
129 121621
129 121624
129 121628
129 121632
129 121642
129 121646
129 121650
129 121653
129 121658
129 121674
129 121675
129 121676
129 121678
129 121682
129 121683
129 121691
129 121698
129 121700
129 121705
129 121712
129 121714
129 121715
129 121716
129 121717
129 121722
129 121726
129 121734
129 121737
129 121738
129 121741
129 121762
129 121773
129 121777
129 121781
129 121782
129 121796
129 121797
129 121798
129 121804
129 121806
129 121808
129 121813
129 121816
129 121819
129 121823
129 121829
129 121833
129 121839
129 121844
129 121845
129 121853
129 121861
129 121862
129 121869
129 121873
129 121874
129 121888
129 121895
129 121899
129 121903
129 121904
129 121909
129 121910
129 121911
129 121913
129 121916
129 121918
129 121928
129 121934
129 121936
129 121937
129 121945
129 121953
129 121956
129 121973
129 121976
129 121982
129 121985
129 121988
129 121989
129 122003
129 122008
129 122012
129 122021
129 122026
129 122031
129 122032
129 122037
129 122040
129 122045
129 122046
129 122051
129 122052
129 122053
129 122054
129 122058
129 122072
129 122075
129 122079
129 122081
129 122085
129 122086
129 122088
129 122103
129 122104
129 122106
129 122108
129 122109
129 122112
129 122115
129 122121
129 122124
129 122133
129 122136
129 122140
129 122146
129 122151
129 122159
129 122160
129 122163
129 122174
129 122178
129 122180
129 122181
129 122183
129 122185
129 122196
129 122201
129 122202
129 122210
129 122212
129 122214
129 122221
129 122223
129 122224
129 122225
129 122230
129 122234
129 122259
129 122271
129 122273
129 122277
129 122278
129 122282
129 122284
129 122291
129 122295
129 122296
129 122297
129 122299
129 122300
129 122303
129 122313
129 122316
129 122322
129 122335
129 122337
129 122344
129 122360
129 122371
129 122382
129 122383
129 122385
129 122386
129 122388
129 122397
129 122402
129 122403
129 122408
129 122409
129 122410
129 122416
129 122417
129 122424
129 122426
129 122428
129 122444
129 122445
129 122452
129 122460
129 122462
129 122466
129 122485
129 122487
129 122493
129 122494
129 122499
129 122501
129 122505
129 122507
129 122514
129 122517
129 122530
129 122533
129 122534
129 122539
129 122541
129 122545
129 122548
129 122551
129 122553
129 122557
129 122562
129 122565
129 122569
129 122572
129 122581
129 122583
129 122595
129 122603
129 122605
129 122606
129 122607
129 122608
129 122609
129 122612
129 122613
129 122619
129 122621
129 122622
129 122623
129 122629
129 122637
129 122640
129 122642
129 122655
129 122657
129 122658
129 122659
129 122665
129 122669
129 122670
129 122671
129 122672
129 122675
129 122683
129 122687
129 122693
129 122698
129 122699
129 122710
129 122714
129 122715
129 122716
129 122719
129 122720
129 122722
129 122726
129 122727
129 122729
129 122735
129 122739
129 122742
129 122745
129 122746
129 122747
129 122751
129 122752
129 122763
129 122765
129 122769
129 122773
129 122781
129 122784
129 122786
129 122787
129 122789
129 122790
129 122791
129 122792
129 122793
129 122794
129 122797
129 122803
129 122804
129 122806
129 122821
129 122832
129 122833
129 122834
129 122848
129 122853
129 122854
129 122859
129 122860
129 122862
129 122864
129 122869
129 122873
129 122875
129 122877
129 122880
129 122882
129 122884
129 122892
129 122896
129 122900
129 122901
129 122905
129 122908
129 122909
129 122913
129 122914
129 122923
129 122924
129 122934
129 122937
129 122946
129 122950
129 122953
129 122954
129 122965
129 122967
129 122972
129 122975
129 122976
129 122981
129 122982
129 122992
129 122994
129 122995
129 122998
129 123005
129 123009
129 123021
129 123026
129 123028
129 123043
129 123046
129 123048
129 123063
129 123067
129 123073
129 123075
129 123080
129 123081
129 123093
129 123102
129 123106
129 123110
129 123113
129 123118
129 123121
129 123126
129 123127
129 123142
129 123144
129 123147
129 123148
129 123149
129 123156
129 123160
129 123172
129 123182
129 123189
129 123190
129 123191
129 123192
129 123193
129 123202
129 123203
129 123206
129 123210
129 123212
129 123214
129 123216
129 123217
129 123220
129 123223
129 123229
129 123230
129 123240
129 123246
129 123247
129 123248
129 123250
129 123251
129 123252
129 123253
129 123259
129 123269
129 123272
129 123275
129 123277
129 123280
129 123287
129 123291
129 123292
129 123294
129 123295
129 123299
129 123304
129 123308
129 123311
129 123319
129 123325
129 123327
129 123328
129 123330
129 123332
129 123335
129 123341
129 123349
129 123355
129 123361
129 123367
129 123375
129 123376
129 123378
129 123381
129 123382
129 123389
129 123395
129 123396
129 123399
129 123400
129 123408
129 123409
129 123414
129 123420
129 123421
129 123423
129 123426
129 123443
129 123446
129 123447
129 123451
129 123460
129 123461
129 123464
129 123478
129 123480
129 123481
129 123486
129 123491
129 123499
129 123503
129 123521
129 123522
129 123529
129 123535
129 123536
129 123537
129 123541
129 123543
129 123544
129 123547
129 123550
129 123552
129 123560
129 123561
129 123562
129 123565
129 123566
129 123569
129 123577
129 123583
129 123587
129 123597
129 123609
129 123611
129 123617
129 123619
129 123626
129 123627
129 123631
129 123632
129 123635
129 123638
129 123641
129 123644
129 123646
129 123650
129 123663
129 123666
129 123675
129 123678
129 123683
129 123689
129 123696
129 123700
129 123701
129 123706
129 123711
129 123712
129 123713
129 123715
129 123717
129 123726
129 123729
129 123735
129 123736
129 123738
129 123747
129 123748
129 123752
129 123758
129 123760
129 123761
129 123768
129 123771
129 123777
129 123794
129 123797
129 123801
129 123807
129 123810
129 123818
129 123819
129 123820
129 123823
129 123824
129 123831
129 123838
129 123844
129 123847
129 123857
129 123859
129 123866
129 123870
129 123876
129 123878
129 123880
129 123881
129 123884
129 123885
129 123890
129 123892
129 123896
129 123899
129 123900
129 123902
129 123909
129 123918
129 123922
129 123923
129 123924
129 123934
129 123955
129 123957
129 123966
129 123967
129 123969
129 123970
129 123971
129 123973
129 123982
129 123984
129 123990
129 123992
129 124009
129 124017
129 124020
129 124022
129 124027
129 124031
129 124036
129 124042
129 124048
129 124059
129 124061
129 124063
129 124072
129 124073
129 124075
129 124076
129 124077
129 124078
129 124085
129 124099
129 124101
129 124104
129 124105
129 124111
129 124112
129 124116
129 124117
129 124119
129 124126
129 124131
129 124132
129 124133
129 124134
129 124137
129 124144
129 124147
129 124160
129 124161
129 124168
129 124169
129 124172
129 124179
129 124183
129 124184
129 124186
129 124189
129 124190
129 124201
129 124206
129 124209
129 124210
129 124222
129 124229
129 124230
129 124236
129 124241
129 124242
129 124245
129 124250
129 124266
129 124268
129 124275
129 124277
129 124280
129 124283
129 124284
129 124287
129 124289
129 124293
129 124295
129 124296
129 124302
129 124305
129 124308
129 124311
129 124313
129 124314
129 124323
129 124324
129 124332
129 124335
129 124336
129 124338
129 124343
129 124346
129 124347
129 124348
129 124349
129 124352
129 124354
129 124365
129 124368
129 124369
129 124373
129 124374
129 124381
129 124388
129 124392
129 124394
129 124402
129 124403
129 124404
129 124405
129 124410
129 124411
129 124413
129 124423
129 124425
129 124426
129 124431
129 124432
129 124439
129 124443
129 124444
129 124446
129 124448
129 124452
129 124465
129 124472
129 124475
129 124486
129 124487
129 124493
129 124496
129 124497
129 124517
129 124524
129 124529
129 124533
129 124534
129 124536
129 124537
129 124546
129 124548
129 124549
129 124552
129 124555
129 124561
129 124562
129 124569
129 124571
129 124577
129 124583
129 124591
129 124592
129 124595
129 124602
129 124615
129 124616
129 124617
129 124622
129 124625
129 124629
129 124631
129 124640
129 124644
129 124646
129 124647
129 124650
129 124651
129 124652
129 124657
129 124659
129 124663
129 124665
129 124673
129 124677
129 124689
129 124692
129 124704
129 124708
129 124712
129 124716
129 124720
129 124721
129 124722
129 124725
129 124727
129 124728
129 124736
129 124739
129 124743
129 124744
129 124747
129 124751
129 124752
129 124757
129 124762
129 124763
129 124772
129 124775
129 124778
129 124786
129 124787
129 124788
129 124796
129 124798
129 124809
129 124811
129 124812
129 124825
129 124826
129 124828
129 124830
129 124833
129 124835
129 124836
129 124853
129 124865
129 124874
129 124877
129 124883
129 124886
129 124888
129 124902
129 124904
129 124907
129 124914
129 124915
129 124919
129 124920
129 124922
129 124924
129 124925
129 124950
129 124952
129 124959
129 124961
129 124964
129 124969
129 124972
129 124975
129 124980
129 124981
129 124982
129 124986
129 124990
129 124992
129 125008
129 125011
129 125012
129 125016
129 125022
129 125030
129 125032
129 125034
129 125041
129 125042
129 125044
129 125047
129 125053
129 125056
129 125058
129 125060
129 125061
129 125062
129 125063
129 125065
129 125069
129 125076
129 125086
129 125090
129 125091
129 125093
129 125103
129 125108
129 125110
129 125113
129 125115
129 125119
129 125120
129 125125
129 125127
129 125137
129 125139
129 125144
129 125145
129 125146
129 125147
129 125148
129 125155
129 125157
129 125159
129 125160
129 125175
129 125176
129 125180
129 125181
129 125183
129 125189
129 125192
129 125193
129 125194
129 125198
129 125199
129 125212
129 125214
129 125217
129 125218
129 125225
129 125226
129 125229
129 125231
129 125232
129 125236
129 125241
129 125250
129 125256
129 125262
129 125270
129 125273
129 125276
129 125277
129 125279
129 125294
129 125296
129 125303
129 125307
129 125310
129 125315
129 125316
129 125320
129 125323
129 125324
129 125331
129 125332
129 125339
129 125340
129 125342
129 125344
129 125348
129 125358
129 125359
129 125361
129 125365
129 125369
129 125370
129 125376
129 125382
129 125383
129 125386
129 125388
129 125393
129 125404
129 125407
129 125409
129 125413
129 125421
129 125424
129 125425
129 125432
129 125439
129 125447
129 125450
129 125451
129 125459
129 125464
129 125465
129 125466
129 125468
129 125470
129 125473
129 125477
129 125482
129 125487
129 125489
129 125495
129 125497
129 125498
129 125520
129 125525
129 125532
129 125537
129 125546
129 125554
129 125556
129 125560
129 125562
129 125564
129 125574
129 125577
129 125584
129 125590
129 125602
129 125603
129 125609
129 125610
129 125611
129 125617
129 125620
129 125621
129 125623
129 125626
129 125630
129 125634
129 125637
129 125646
129 125647
129 125648
129 125653
129 125655
129 125660
129 125669
129 125680
129 125683
129 125685
129 125688
129 125692
129 125695
129 125698
129 125700
129 125701
129 125713
129 125726
129 125739
129 125743
129 125746
129 125748
129 125750
129 125754
129 125763
129 125766
129 125771
129 125786
129 125788
129 125790
129 125793
129 125809
129 125815
129 125826
129 125827
129 125832
129 125833
129 125846
129 125847
129 125853
129 125855
129 125860
129 125873
129 125874
129 125875
129 125879
129 125887
129 125896
129 125910
129 125913
129 125921
129 125923
129 125924
129 125936
129 125938
129 125939
129 125943
129 125954
129 125958
129 125959
129 125960
129 125974
129 125975
129 125978
129 125981
129 125985
129 125988
129 125991
129 125999
129 126007
129 126019
129 126022
129 126024
129 126025
129 126029
129 126031
129 126032
129 126034
129 126038
129 126039
129 126044
129 126046
129 126048
129 126052
129 126055
129 126059
129 126060
129 126070
129 126071
129 126079
129 126080
129 126081
129 126082
129 126083
129 126084
129 126087
129 126088
129 126089
129 126096
129 126114
129 126115
129 126116
129 126117
129 126119
129 126124
129 126130
129 126136
129 126137
129 126139
129 126141
129 126142
129 126144
129 126161
129 126163
129 126164
129 126165
129 126168
129 126174
129 126179
129 126181
129 126182
129 126183
129 126186
129 126189
129 126198
129 126199
129 126205
129 126206
129 126213
129 126215
129 126219
129 126227
129 126228
129 126233
129 126247
129 126251
129 126252
129 126260
129 126262
129 126269
129 126291
129 126294
129 126296
129 126297
129 126298
129 126305
129 126309
129 126311
129 126315
129 126322
129 126324
129 126326
129 126328
129 126329
129 126347
129 126357
129 126366
129 126372
129 126376
129 126379
129 126383
129 126388
129 126391
129 126401
129 126414
129 126421
129 126422
129 126432
129 126440
129 126448
129 126452
129 126453
129 126454
129 126457
129 126460
129 126461
129 126475
129 126483
129 126496
129 126505
129 126507
129 126510
129 126516
129 126517
129 126521
129 126528
129 126535
129 126545
129 126554
129 126562
129 126566
129 126570
129 126577
129 126585
129 126589
129 126590
129 126592
129 126597
129 126599
129 126602
129 126603
129 126606
129 126609
129 126612
129 126617
129 126618
129 126620
129 126624
129 126625
129 126627
129 126629
129 126632
129 126634
129 126636
129 126638
129 126644
129 126649
129 126654
129 126658
129 126666
129 126687
129 126688
129 126691
129 126700
129 126708
129 126709
129 126716
129 126720
129 126723
129 126724
129 126726
129 126730
129 126734
129 126741
129 126742
129 126750
129 126753
129 126756
129 126763
129 126764
129 126772
129 126773
129 126774
129 126775
129 126777
129 126793
129 126796
129 126800
129 126802
129 126807
129 126810
129 126816
129 126822
129 126829
129 126834
129 126839
129 126857
129 126858
129 126861
129 126862
129 126863
129 126864
129 126865
129 126871
129 126874
129 126880
129 126882
129 126884
129 126887
129 126888
129 126891
129 126894
129 126897
129 126899
129 126901
129 126910
129 126915
129 126917
129 126927
129 126933
129 126934
129 126935
129 126937
129 126939
129 126941
129 126942
129 126944
129 126954
129 126960
129 126967
129 126975
129 126993
129 126994
129 127003
129 127006
129 127018
129 127032
129 127044
129 127045
129 127047
129 127053
129 127061
129 127062
129 127070
129 127071
129 127081
129 127083
129 127090
129 127097
129 127099
129 127102
129 127103
129 127110
129 127117
129 127122
129 127123
129 127129
129 127142
129 127151
129 127165
129 127168
129 127171
129 127173
129 127181
129 127182
129 127184
129 127186
129 127187
129 127193
129 127211
129 127215
129 127216
129 127218
129 127221
129 127226
129 127227
129 127235
129 127236
129 127239
129 127241
129 127244
129 127254
129 127257
129 127259
129 127263
129 127266
129 127269
129 127273
129 127278
129 127281
129 127282
129 127283
129 127284
129 127288
129 127290
129 127293
129 127294
129 127296
129 127300
129 127301
129 127305
129 127313
129 127316
129 127323
129 127328
129 127329
129 127331
129 127332
129 127333
129 127335
129 127341
129 127347
129 127354
129 127355
129 127357
129 127358
129 127360
129 127365
129 127369
129 127373
129 127382
129 127387
129 127398
129 127401
129 127415
129 127422
129 127424
129 127429
129 127431
129 127432
129 127435
129 127442
129 127443
129 127444
129 127447
129 127449
129 127451
129 127453
129 127454
129 127474
129 127478
129 127481
129 127484
129 127488
129 127490
129 127491
129 127493
129 127501
129 127503
129 127510
129 127515
129 127516
129 127524
129 127525
129 127526
129 127529
129 127530
129 127541
129 127543
129 127545
129 127546
129 127548
129 127550
129 127555
129 127556
129 127570
129 127571
129 127573
129 127576
129 127585
129 127589
129 127594
129 127600
129 127604
129 127607
129 127608
129 127610
129 127616
129 127636
129 127637
129 127645
129 127646
129 127662
129 127664
129 127675
129 127676
129 127685
129 127687
129 127695
129 127697
129 127699
129 127701
129 127703
129 127716
129 127730
129 127731
129 127734
129 127742
129 127745
129 127748
129 127749
129 127765
129 127766
129 127771
129 127774
129 127776
129 127787
129 127793
129 127805
129 127806
129 127811
129 127814
129 127820
129 127821
129 127823
129 127828
129 127829
129 127830
129 127843
129 127852
129 127861
129 127862
129 127866
129 127867
129 127876
129 127877
129 127882
129 127890
129 127891
129 127905
129 127910
129 127920
129 127929
129 127930
129 127931
129 127948
129 127958
129 127960
129 127964
129 127966
129 127973
129 127977
129 127978
129 127983
129 127989
129 127992
129 127995
129 128001
129 128002
129 128010
129 128012
129 128013
129 128015
129 128019
129 128021
129 128028
129 128036
129 128037
129 128042
129 128046
129 128052
129 128067
129 128069
129 128081
129 128084
129 128087
129 128093
129 128098
129 128100
129 128101
129 128103
129 128109
129 128111
129 128120
129 128121
129 128126
129 128127
129 128128
129 128130
129 128132
129 128134
129 128138
129 128139
129 128140
129 128149
129 128153
129 128154
129 128160
129 128161
129 128163
129 128165
129 128170
129 128173
129 128174
129 128175
129 128176
129 128177
129 128179
129 128181
129 128184
129 128186
129 128187
129 128194
129 128201
129 128202
129 128203
129 128204
129 128206
129 128214
129 128224
129 128237
129 128238
129 128241
129 128249
129 128253
129 128255
129 128263
129 128265
129 128267
129 128268
129 128269
129 128271
129 128273
129 128274
129 128278
129 128279
129 128283
129 128286
129 128288
129 128289
129 128295
129 128296
129 128297
129 128298
129 128299
129 128304
129 128314
129 128319
129 128321
129 128322
129 128324
129 128329
129 128330
129 128342
129 128343
129 128348
129 128350
129 128355
129 128360
129 128376
129 128385
129 128392
129 128393
129 128394
129 128395
129 128399
129 128400
129 128406
129 128407
129 128411
129 128414
129 128417
129 128419
129 128420
129 128427
129 128432
129 128434
129 128438
129 128439
129 128440
129 128442
129 128444
129 128447
129 128448
129 128450
129 128454
129 128455
129 128457
129 128465
129 128466
129 128475
129 128476
129 128479
129 128481
129 128487
129 128493
129 128494
129 128495
129 128502
129 128504
129 128505
129 128508
129 128511
129 128515
129 128517
129 128520
129 128522
129 128523
129 128531
129 128533
129 128537
129 128542
129 128543
129 128545
129 128548
129 128551
129 128562
129 128563
129 128565
129 128567
129 128569
129 128571
129 128574
129 128577
129 128578
129 128579
129 128584
129 128588
129 128596
129 128600
129 128604
129 128605
129 128607
129 128610
129 128612
129 128613
129 128614
129 128618
129 128620
129 128627
129 128628
129 128639
129 128661
129 128664
129 128672
129 128673
129 128690
129 128691
129 128698
129 128699
129 128709
129 128716
129 128721
129 128723
129 128725
129 128732
129 128734
129 128736
129 128740
129 128743
129 128748
129 128749
129 128752
129 128761
129 128768
129 128772
129 128775
129 128782
129 128792
129 128793
129 128805
129 128807
129 128808
129 128810
129 128811
129 128816
129 128819
129 128820
129 128826
129 128827
129 128829
129 128833
129 128834
129 128839
129 128845
129 128847
129 128848
129 128851
129 128863
129 128865
129 128868
129 128870
129 128872
129 128881
129 128888
129 128889
129 128894
129 128897
129 128907
129 128908
129 128911
129 128916
129 128917
129 128919
129 128920
129 128923
129 128926
129 128927
129 128931
129 128940
129 128942
129 128947
129 128951
129 128954
129 128959
129 128961
129 128968
129 128969
129 128971
129 128977
129 128980
129 128982
129 128992
129 128993
129 128994
129 128996
129 129001
129 129011
129 129032
129 129033
129 129037
129 129040
129 129041
129 129042
129 129045
129 129048
129 129054
129 129057
129 129062
129 129067
129 129071
129 129077
129 129078
129 129086
129 129091
129 129092
129 129093
129 129112
129 129114
129 129124
129 129129
129 129131
129 129140
129 129142
129 129150
129 129151
129 129152
129 129156
129 129164
129 129169
129 129172
129 129177
129 129185
129 129187
129 129191
129 129192
129 129201
129 129202
129 129210
129 129218
129 129224
129 129231
129 129241
129 129247
129 129249
129 129251
129 129258
129 129259
129 129262
129 129267
129 129270
129 129271
129 129274
129 129275
129 129279
129 129282
129 129286
129 129287
129 129305
129 129313
129 129317
129 129329
129 129333
129 129343
129 129347
129 129348
129 129355
129 129370
129 129371
129 129374
129 129376
129 129379
129 129380
129 129384
129 129400
129 129406
129 129412
129 129416
129 129417
129 129420
129 129428
129 129429
129 129436
129 129439
129 129442
129 129444
129 129449
129 129453
129 129464
129 129466
129 129467
129 129482
129 129484
129 129487
129 129494
129 129506
129 129511
129 129515
129 129529
129 129532
129 129543
129 129547
129 129553
129 129559
129 129565
129 129568
129 129571
129 129573
129 129582
129 129587
129 129592
129 129594
129 129596
129 129598
129 129609
129 129625
129 129630
129 129632
129 129643
129 129646
129 129647
129 129657
129 129668
129 129669
129 129670
129 129674
129 129676
129 129679
129 129684
129 129695
129 129701
129 129702
129 129704
129 129705
129 129706
129 129711
129 129728
129 129730
129 129732
129 129736
129 129740
129 129746
129 129753
129 129766
129 129767
129 129770
129 129785
129 129787
129 129791
129 129794
129 129796
129 129799
129 129802
129 129809
129 129812
129 129814
129 129818
129 129819
129 129821
129 129822
129 129827
129 129831
129 129835
129 129838
129 129852
129 129855
129 129865
129 129867
129 129871
129 129873
129 129875
129 129880
129 129881
129 129891
129 129894
129 129896
129 129899
129 129909
129 129913
129 129916
129 129919
129 129926
129 129927
129 129938
129 129941
129 129942
129 129944
129 129947
129 129950
129 129952
129 129953
129 129954
129 129957
129 129958
129 129959
129 129964
129 129967
129 129968
129 129969
129 129976
129 129978
129 129979
129 129981
129 129990
129 129992
129 129993
129 130000
129 130002
129 130005
129 130006
129 130007
129 130016
129 130020
129 130023
129 130041
129 130046
129 130053
129 130056
129 130064
129 130065
129 130070
129 130074
129 130076
129 130078
129 130085
129 130091
129 130096
129 130103
129 130104
129 130113
129 130114
129 130116
129 130118
129 130119
129 130127
129 130129
129 130132
129 130135
129 130144
129 130150
129 130152
129 130155
129 130157
129 130164
129 130165
129 130166
129 130172
129 130174
129 130179
129 130180
129 130184
129 130188
129 130197
129 130200
129 130211
129 130212
129 130219
129 130220
129 130227
129 130231
129 130236
129 130241
129 130243
129 130253
129 130267
129 130271
129 130272
129 130276
129 130280
129 130283
129 130284
129 130291
129 130295
129 130298
129 130300
129 130305
129 130307
129 130309
129 130318
129 130320
129 130325
129 130326
129 130330
129 130336
129 130339
129 130341
129 130342
129 130343
129 130349
129 130353
129 130356
129 130367
129 130369
129 130375
129 130378
129 130379
129 130390
129 130393
129 130395
129 130399
129 130400
129 130404
129 130414
129 130415
129 130416
129 130419
129 130424
129 130427
129 130429
129 130432
129 130442
129 130446
129 130449
129 130456
129 130460
129 130472
129 130482
129 130483
129 130484
129 130487
129 130488
129 130495
129 130500
129 130506
129 130507
129 130508
129 130511
129 130513
129 130515
129 130531
129 130533
129 130534
129 130543
129 130549
129 130553
129 130562
129 130567
129 130568
129 130576
129 130579
129 130580
129 130588
129 130598
129 130603
129 130604
129 130605
129 130606
129 130608
129 130619
129 130628
129 130630
129 130637
129 130641
129 130646
129 130654
129 130657
129 130659
129 130661
129 130664
129 130666
129 130669
129 130671
129 130677
129 130679
129 130686
129 130703
129 130705
129 130707
129 130711
129 130716
129 130720
129 130721
129 130723
129 130727
129 130745
129 130749
129 130753
129 130761
129 130764
129 130765
129 130770
129 130773
129 130777
129 130783
129 130788
129 130790
129 130796
129 130798
129 130807
129 130808
129 130809
129 130810
129 130817
129 130818
129 130822
129 130823
129 130828
129 130833
129 130851
129 130860
129 130862
129 130863
129 130866
129 130868
129 130872
129 130874
129 130877
129 130878
129 130879
129 130891
129 130893
129 130897
129 130900
129 130902
129 130904
129 130906
129 130909
129 130910
129 130919
129 130922
129 130926
129 130927
129 130931
129 130940
129 130941
129 130943
129 130945
129 130946
129 130947
129 130953
129 130955
129 130965
129 130974
129 130975
129 130976
129 130977
129 130979
129 130980
129 130982
129 130989
129 130993
129 130996
129 130998
129 131005
129 131012
129 131016
129 131017
129 131020
129 131023
129 131026
129 131029
129 131033
129 131034
129 131035
129 131037
129 131048
129 131053
129 131055
129 131058
129 131063
129 131071
129 131083
129 131086
129 131087
129 131101
129 131104
129 131108
129 131119
129 131121
129 131127
129 131131
129 131132
129 131134
129 131137
129 131138
129 131145
129 131147
129 131157
129 131163
129 131164
129 131167
129 131176
129 131177
129 131178
129 131181
129 131187
129 131195
129 131198
129 131199
129 131200
129 131201
129 131208
129 131209
129 131210
129 131213
129 131216
129 131220
129 131221
129 131229
129 131230
129 131237
129 131249
129 131250
129 131252
129 131254
129 131255
129 131256
129 131257
129 131259
129 131261
129 131262
129 131264
129 131265
129 131276
129 131279
129 131280
129 131285
129 131289
129 131290
129 131294
129 131297
129 131302
129 131305
129 131306
129 131309
129 131313
129 131314
129 131317
129 131319
129 131322
129 131337
129 131339
129 131341
129 131342
129 131343
129 131344
129 131347
129 131349
129 131350
129 131352
129 131353
129 131407
129 131408
129 131420
129 131422
129 131425
129 131428
129 131431
129 131432
129 131433
129 131434
129 131437
129 131444
129 131455
129 131456
129 131458
129 131461
129 131465
129 131469
129 131471
129 131472
129 131473
129 131474
129 131477
129 131481
129 131491
129 131497
129 131498
129 131501
129 131502
129 131503
129 131509
129 131512
129 131515
129 131519
129 131531
129 131534
129 131544
129 131545
129 131546
129 131557
129 131560
129 131572
129 131582
129 131584
129 131585
129 131600
129 131602
129 131603
129 131606
129 131613
129 131616
129 131618
129 131631
129 131633
129 131642
129 131645
129 131648
129 131650
129 131651
129 131653
129 131664
129 131668
129 131670
129 131693
129 131696
129 131713
129 131717
129 131734
129 131738
129 131746
129 131750
129 131755
129 131761
129 131763
129 131769
129 131776
129 131779
129 131782
129 131789
129 131794
129 131809
129 131817
129 131823
129 131825
129 131827
129 131830
129 131835
129 131837
129 131840
129 131845
129 131860
129 131869
129 131870
129 131871
129 131875
129 131877
129 131886
129 131887
129 131888
129 131889
129 131891
129 131893
129 131897
129 131901
129 131908
129 131914
129 131915
129 131922
129 131926
129 131927
129 131929
129 131931
129 131932
129 131935
129 131936
129 131937
129 131941
129 131942
129 131949
129 131952
129 131954
129 131959
129 131961
129 131973
129 131978
129 131979
129 131980
129 131983
129 131990
129 131997
129 131999
129 132001
129 132003
129 132008
129 132009
129 132012
129 132018
129 132025
129 132026
129 132028
129 132035
129 132037
129 132038
129 132039
129 132044
129 132060
129 132063
129 132067
129 132068
129 132069
129 132072
129 132075
129 132077
129 132078
129 132081
129 132085
129 132086
129 132097
129 132098
129 132107
129 132109
129 132112
129 132130
129 132132
129 132137
129 132138
129 132140
129 132142
129 132149
129 132157
129 132158
129 132161
129 132162
129 132163
129 132172
129 132174
129 132192
129 132198
129 132211
129 132214
129 132220
129 132232
129 132234
129 132245
129 132246
129 132250
129 132251
129 132252
129 132253
129 132259
129 132260
129 132261
129 132265
129 132270
129 132274
129 132275
129 132277
129 132278
129 132279
129 132280
129 132283
129 132293
129 132300
129 132306
129 132315
129 132336
129 132343
129 132350
129 132355
129 132364
129 132367
129 132368
129 132372
129 132373
129 132378
129 132379
129 132381
129 132386
129 132388
129 132392
129 132406
129 132411
129 132417
129 132424
129 132429
129 132431
129 132434
129 132443
129 132444
129 132447
129 132455
129 132457
129 132459
129 132461
129 132466
129 132471
129 132477
129 132480
129 132485
129 132500
129 132502
129 132503
129 132506
129 132507
129 132519
129 132531
129 132533
129 132536
129 132538
129 132544
129 132547
129 132553
129 132555
129 132558
129 132564
129 132568
129 132569
129 132572
129 132573
129 132577
129 132580
129 132587
129 132604
129 132610
129 132623
129 132624
129 132625
129 132626
129 132629
129 132636
129 132637
129 132642
129 132654
129 132657
129 132659
129 132664
129 132667
129 132668
129 132671
129 132672
129 132675
129 132678
129 132683
129 132685
129 132691
129 132692
129 132700
129 132701
129 132705
129 132727
129 132730
129 132731
129 132732
129 132740
129 132741
129 132744
129 132747
129 132754
129 132755
129 132763
129 132765
129 132769
129 132774
129 132779
129 132781
129 132782
129 132784
129 132786
129 132814
129 132818
129 132821
129 132839
129 132845
129 132847
129 132849
129 132853
129 132856
129 132869
129 132878
129 132884
129 132886
129 132887
129 132888
129 132891
129 132897
129 132900
129 132902
129 132903
129 132911
129 132934
129 132935
129 132940
129 132942
129 132943
129 132945
129 132946
129 132950
129 132953
129 132958
129 132959
129 132963
129 132967
129 132971
129 132981
129 132982
129 132983
129 132990
129 133008
129 133021
129 133029
129 133036
129 133041
129 133044
129 133048
129 133049
129 133066
129 133077
129 133079
129 133087
129 133093
129 133097
129 133102
129 133103
129 133113
129 133114
129 133116
129 133125
129 133127
129 133139
129 133140
129 133142
129 133147
129 133155
129 133161
129 133166
129 133180
129 133182
129 133186
129 133187
129 133196
129 133199
129 133200
129 133201
129 133203
129 133204
129 133205
129 133206
129 133212
129 133216
129 133218
129 133219
129 133235
129 133236
129 133239
129 133242
129 133258
129 133260
129 133261
129 133265
129 133266
129 133268
129 133272
129 133273
129 133276
129 133277
129 133280
129 133281
129 133282
129 133285
129 133293
129 133308
129 133309
129 133310
129 133312
129 133315
129 133320
129 133330
129 133335
129 133345
129 133350
129 133355
129 133357
129 133358
129 133359
129 133365
129 133371
129 133378
129 133381
129 133383
129 133387
129 133390
129 133392
129 133399
129 133400
129 133401
129 133402
129 133407
129 133412
129 133416
129 133434
129 133436
129 133438
129 133443
129 133447
129 133455
129 133457
129 133459
129 133462
129 133464
129 133468
129 133474
129 133479
129 133482
129 133490
129 133495
129 133503
129 133506
129 133524
129 133526
129 133527
129 133533
129 133534
129 133535
129 133536
129 133540
129 133542
129 133546
129 133550
129 133559
129 133560
129 133565
129 133566
129 133573
129 133575
129 133577
129 133580
129 133585
129 133594
129 133596
129 133597
129 133600
129 133601
129 133605
129 133612
129 133618
129 133622
129 133625
129 133628
129 133633
129 133634
129 133635
129 133641
129 133646
129 133649
129 133650
129 133654
129 133662
129 133667
129 133668
129 133672
129 133680
129 133681
129 133683
129 133686
129 133699
129 133704
129 133712
129 133720
129 133723
129 133725
129 133726
129 133727
129 133730
129 133748
129 133754
129 133756
129 133758
129 133762
129 133763
129 133764
129 133773
129 133778
129 133779
129 133792
129 133797
129 133803
129 133807
129 133813
129 133822
129 133824
129 133832
129 133835
129 133842
129 133849
129 133850
129 133852
129 133855
129 133856
129 133860
129 133862
129 133870
129 133873
129 133877
129 133880
129 133883
129 133887
129 133896
129 133900
129 133903
129 133906
129 133913
129 133916
129 133919
129 133920
129 133935
129 133948
129 133959
129 133961
129 133967
129 133968
129 133974
129 133980
129 133993
129 133994
129 133998
129 134003
129 134008
129 134015
129 134019
129 134033
129 134037
129 134045
129 134048
129 134052
129 134062
129 134070
129 134075
129 134076
129 134078
129 134079
129 134089
129 134090
129 134092
129 134093
129 134105
129 134107
129 134111
129 134112
129 134123
129 134131
129 134133
129 134136
129 134139
129 134142
129 134152
129 134157
129 134159
129 134161
129 134174
129 134178
129 134179
129 134180
129 134194
129 134204
129 134211
129 134216
129 134223
129 134226
129 134232
129 134236
129 134237
129 134239
129 134240
129 134242
129 134244
129 134249
129 134250
129 134255
129 134257
129 134270
129 134273
129 134279
129 134290
129 134297
129 134300
129 134301
129 134306
129 134307
129 134309
129 134313
129 134325
129 134326
129 134327
129 134331
129 134335
129 134343
129 134346
129 134362
129 134370
129 134372
129 134374
129 134378
129 134379
129 134380
129 134382
129 134402
129 134403
129 134404
129 134406
129 134407
129 134409
129 134414
129 134431
129 134432
129 134439
129 134440
129 134449
129 134452
129 134457
129 134459
129 134460
129 134464
129 134472
129 134473
129 134474
129 134476
129 134483
129 134489
129 134493
129 134506
129 134513
129 134517
129 134523
129 134524
129 134525
129 134534
129 134538
129 134539
129 134541
129 134542
129 134549
129 134552
129 134558
129 134565
129 134568
129 134569
129 134575
129 134577
129 134582
129 134583
129 134586
129 134588
129 134591
129 134593
129 134595
129 134598
129 134601
129 134602
129 134607
129 134610
129 134614
129 134616
129 134617
129 134621
129 134625
129 134643
129 134645
129 134648
129 134651
129 134652
129 134655
129 134658
129 134659
129 134669
129 134673
129 134675
129 134684
129 134685
129 134688
129 134699
129 134700
129 134704
129 134706
129 134708
129 134711
129 134712
129 134720
129 134722
129 134726
129 134733
129 134734
129 134756
129 134758
129 134759
129 134763
129 134765
129 134783
129 134784
129 134786
129 134787
129 134791
129 134796
129 134803
129 134805
129 134810
129 134816
129 134818
129 134823
129 134829
129 134832
129 134834
129 134839
129 134842
129 134844
129 134845
129 134846
129 134847
129 134853
129 134854
129 134855
129 134863
129 134867
129 134868
129 134869
129 134870
129 134871
129 134875
129 134878
129 134879
129 134884
129 134894
129 134898
129 134902
129 134905
129 134911
129 134916
129 134917
129 134918
129 134923
129 134924
129 134928
129 134933
129 134941
129 134942
129 134944
129 134945
129 134950
129 134951
129 134964
129 134966
129 134974
129 134975
129 134979
129 134982
129 134987
129 134994
129 134995
129 134999
129 135009
129 135015
129 135016
129 135018
129 135020
129 135022
129 135029
129 135030
129 135036
129 135039
129 135040
129 135041
129 135050
129 135052
129 135054
129 135063
129 135066
129 135069
129 135080
129 135082
129 135088
129 135096
129 135101
129 135104
129 135107
129 135114
129 135117
129 135122
129 135128
129 135132
129 135135
129 135138
129 135143
129 135149
129 135153
129 135162
129 135167
129 135174
129 135178
129 135183
129 135187
129 135193
129 135206
129 135208
129 135211
129 135216
129 135225
129 135237
129 135238
129 135243
129 135246
129 135249
129 135250
129 135252
129 135256
129 135257
129 135260
129 135261
129 135286
129 135289
129 135296
129 135298
129 135303
129 135310
129 135314
129 135322
129 135323
129 135327
129 135334
129 135338
129 135340
129 135341
129 135342
129 135346
129 135347
129 135358
129 135361
129 135364
129 135368
129 135371
129 135374
129 135385
129 135388
129 135396
129 135420
129 135432
129 135434
129 135439
129 135440
129 135441
129 135445
129 135446
129 135448
129 135449
129 135452
129 135453
129 135461
129 135468
129 135469
129 135471
129 135473
129 135474
129 135479
129 135486
129 135489
129 135490
129 135495
129 135506
129 135508
129 135510
129 135512
129 135516
129 135519
129 135527
129 135528
129 135531
129 135537
129 135538
129 135553
129 135556
129 135558
129 135559
129 135562
129 135564
129 135565
129 135571
129 135574
129 135577
129 135578
129 135582
129 135590
129 135593
129 135600
129 135603
129 135606
129 135611
129 135612
129 135614
129 135616
129 135626
129 135629
129 135633
129 135636
129 135638
129 135640
129 135642
129 135645
129 135650
129 135653
129 135658
129 135663
129 135666
129 135667
129 135668
129 135673
129 135684
129 135688
129 135689
129 135692
129 135695
129 135697
129 135705
129 135717
129 135719
129 135720
129 135730
129 135732
129 135740
129 135746
129 135748
129 135752
129 135765
129 135766
129 135771
129 135775
129 135778
129 135788
129 135795
129 135799
129 135810
129 135811
129 135824
129 135843
129 135856
129 135866
129 135872
129 135878
129 135880
129 135884
129 135889
129 135894
129 135895
129 135899
129 135902
129 135906
129 135908
129 135911
129 135914
129 135923
129 135925
129 135929
129 135941
129 135944
129 135946
129 135952
129 135954
129 135961
129 135974
129 135976
129 135979
129 135980
129 135985
129 135990
129 135995
129 136009
129 136010
129 136015
129 136019
129 136024
129 136026
129 136030
129 136033
129 136035
129 136037
129 136039
129 136042
129 136045
129 136049
129 136050
129 136053
129 136057
129 136069
129 136075
129 136077
129 136084
129 136093
129 136096
129 136100
129 136101
129 136103
129 136104
129 136105
129 136112
129 136118
129 136120
129 136127
129 136132
129 136133
129 136134
129 136144
129 136146
129 136149
129 136150
129 136154
129 136156
129 136162
129 136163
129 136167
129 136179
129 136182
129 136190
129 136193
129 136197
129 136202
129 136211
129 136216
129 136223
129 136228
129 136229
129 136230
129 136233
129 136234
129 136237
129 136245
129 136248
129 136250
129 136259
129 136267
129 136268
129 136278
129 136279
129 136280
129 136281
129 136282
129 136294
129 136316
129 136335
129 136343
129 136350
129 136351
129 136356
129 136359
129 136360
129 136362
129 136363
129 136370
129 136373
129 136376
129 136380
129 136382
129 136387
129 136390
129 136396
129 136398
129 136412
129 136419
129 136437
129 136440
129 136443
129 136450
129 136451
129 136453
129 136455
129 136457
129 136461
129 136464
129 136475
129 136477
129 136479
129 136480
129 136486
129 136490
129 136492
129 136494
129 136501
129 136504
129 136510
129 136512
129 136517
129 136518
129 136531
129 136532
129 136533
129 136539
129 136544
129 136545
129 136550
129 136558
129 136562
129 136566
129 136571
129 136577
129 136579
129 136581
129 136589
129 136597
129 136600
129 136604
129 136606
129 136615
129 136634
129 136636
129 136640
129 136644
129 136648
129 136655
129 136667
129 136676
129 136677
129 136679
129 136681
129 136683
129 136685
129 136687
129 136689
129 136692
129 136693
129 136701
129 136703
129 136712
129 136713
129 136718
129 136721
129 136722
129 136724
129 136725
129 136726
129 136729
129 136733
129 136739
129 136744
129 136746
129 136747
129 136749
129 136750
129 136753
129 136754
129 136758
129 136773
129 136777
129 136778
129 136783
129 136784
129 136786
129 136788
129 136793
129 136797
129 136801
129 136818
129 136820
129 136823
129 136824
129 136829
129 136831
129 136832
129 136839
129 136844
129 136845
129 136849
129 136853
129 136856
129 136860
129 136869
129 136878
129 136879
129 136880
129 136887
129 136889
129 136890
129 136896
129 136902
129 136907
129 136908
129 136909
129 136912
129 136928
129 136933
129 136934
129 136940
129 136943
129 136952
129 136959
129 136967
129 136973
129 136979
129 136980
129 136981
129 136983
129 136986
129 136991
129 136995
129 136996
129 136998
129 137009
129 137015
129 137016
129 137018
129 137029
129 137032
129 137036
129 137042
129 137043
129 137046
129 137047
129 137050
129 137061
129 137063
129 137064
129 137073
129 137074
129 137081
129 137085
129 137086
129 137098
129 137101
129 137102
129 137106
129 137107
129 137108
129 137113
129 137115
129 137117
129 137130
129 137136
129 137138
129 137151
129 137159
129 137160
129 137168
129 137169
129 137174
129 137180
129 137181
129 137186
129 137190
129 137192
129 137194
129 137198
129 137203
129 137204
129 137207
129 137213
129 137214
129 137216
129 137225
129 137235
129 137237
129 137238
129 137239
129 137242
129 137244
129 137245
129 137247
129 137252
129 137254
129 137256
129 137257
129 137275
129 137276
129 137282
129 137284
129 137292
129 137299
129 137302
129 137304
129 137308
129 137309
129 137310
129 137311
129 137313
129 137317
129 137318
129 137321
129 137324
129 137325
129 137329
129 137331
129 137332
129 137336
129 137337
129 137346
129 137348
129 137363
129 137367
129 137370
129 137371
129 137381
129 137398
129 137401
129 137403
129 137406
129 137413
129 137416
129 137423
129 137430
129 137438
129 137439
129 137446
129 137450
129 137452
129 137454
129 137460
129 137463
129 137464
129 137467
129 137480
129 137497
129 137499
129 137500
129 137503
129 137506
129 137516
129 137521
129 137525
129 137529
129 137533
129 137537
129 137542
129 137545
129 137567
129 137572
129 137573
129 137581
129 137582
129 137598
129 137600
129 137601
129 137607
129 137610
129 137611
129 137619
129 137630
129 137635
129 137637
129 137647
129 137653
129 137657
129 137659
129 137664
129 137665
129 137666
129 137671
129 137675
129 137680
129 137681
129 137698
129 137700
129 137701
129 137706
129 137707
129 137708
129 137710
129 137722
129 137723
129 137732
129 137735
129 137741
129 137746
129 137747
129 137748
129 137750
129 137757
129 137759
129 137760
129 137761
129 137763
129 137770
129 137771
129 137773
129 137781
129 137782
129 137784
129 137786
129 137793
129 137794
129 137799
129 137803
129 137814
129 137818
129 137823
129 137824
129 137825
129 137829
129 137831
129 137836
129 137853
129 137872
129 137880
129 137881
129 137884
129 137891
129 137895
129 137902
129 137907
129 137911
129 137916
129 137918
129 137923
129 137926
129 137927
129 137932
129 137934
129 137938
129 137940
129 137941
129 137948
129 137949
129 137951
129 137954
129 137955
129 137965
129 137966
129 137974
129 137976
129 137979
129 137984
129 137986
129 137996
129 137999
129 138002
129 138003
129 138004
129 138007
129 138008
129 138012
129 138029
129 138035
129 138036
129 138038
129 138041
129 138047
129 138048
129 138057
129 138058
129 138061
129 138065
129 138067
129 138069
129 138073
129 138074
129 138076
129 138089
129 138099
129 138100
129 138104
129 138116
129 138117
129 138118
129 138119
129 138121
129 138123
129 138124
129 138134
129 138138
129 138140
129 138141
129 138147
129 138151
129 138154
129 138155
129 138156
129 138159
129 138160
129 138163
129 138168
129 138172
129 138174
129 138176
129 138177
129 138180
129 138181
129 138191
129 138193
129 138194
129 138196
129 138203
129 138205
129 138207
129 138210
129 138212
129 138213
129 138221
129 138230
129 138239
129 138243
129 138247
129 138270
129 138273
129 138275
129 138279
129 138280
129 138281
129 138285
129 138292
129 138296
129 138302
129 138304
129 138307
129 138308
129 138311
129 138321
129 138334
129 138338
129 138342
129 138347
129 138361
129 138363
129 138370
129 138374
129 138377
129 138378
129 138382
129 138387
129 138391
129 138394
129 138396
129 138397
129 138398
129 138402
129 138410
129 138414
129 138415
129 138420
129 138440
129 138447
129 138451
129 138455
129 138458
129 138466
129 138471
129 138476
129 138480
129 138494
129 138497
129 138500
129 138508
129 138512
129 138524
129 138526
129 138535
129 138543
129 138545
129 138546
129 138550
129 138553
129 138557
129 138567
129 138572
129 138576
129 138583
129 138588
129 138589
129 138590
129 138613
129 138614
129 138616
129 138621
129 138624
129 138638
129 138643
129 138644
129 138646
129 138647
129 138659
129 138673
129 138682
129 138688
129 138690
129 138703
129 138706
129 138719
129 138720
129 138723
129 138729
129 138731
129 138743
129 138753
129 138755
129 138765
129 138769
129 138774
129 138776
129 138778
129 138789
129 138796
129 138798
129 138799
129 138800
129 138803
129 138805
129 138811
129 138818
129 138820
129 138829
129 138830
129 138836
129 138841
129 138843
129 138846
129 138851
129 138856
129 138859
129 138866
129 138867
129 138871
129 138872
129 138873
129 138882
129 138884
129 138886
129 138887
129 138889
129 138897
129 138902
129 138907
129 138909
129 138911
129 138915
129 138919
129 138921
129 138927
129 138930
129 138938
129 138940
129 138941
129 138946
129 138948
129 138950
129 138951
129 138955
129 138961
129 138968
129 138977
129 138978
129 138987
129 138988
129 138992
129 138995
129 139001
129 139007
129 139015
129 139017
129 139022
129 139023
129 139024
129 139025
129 139028
129 139029
129 139031
129 139032
129 139034
129 139038
129 139043
129 139044
129 139048
129 139050
129 139058
129 139065
129 139071
129 139075
129 139076
129 139082
129 139089
129 139094
129 139095
129 139098
129 139100
129 139101
129 139108
129 139116
129 139121
129 139128
129 139129
129 139131
129 139140
129 139144
129 139145
129 139151
129 139152
129 139168
129 139173
129 139174
129 139180
129 139185
129 139193
129 139194
129 139199
129 139202
129 139209
129 139212
129 139222
129 139224
129 139225
129 139233
129 139239
129 139243
129 139249
129 139250
129 139256
129 139257
129 139258
129 139259
129 139270
129 139274
129 139280
129 139281
129 139282
129 139285
129 139290
129 139292
129 139296
129 139301
129 139307
129 139310
129 139315
129 139317
129 139323
129 139324
129 139344
129 139346
129 139349
129 139350
129 139353
129 139355
129 139356
129 139365
129 139371
129 139384
129 139390
129 139394
129 139397
129 139399
129 139402
129 139403
129 139408
129 139417
129 139424
129 139426
129 139440
129 139443
129 139445
129 139446
129 139450
129 139451
129 139454
129 139477
129 139480
129 139485
129 139490
129 139494
129 139495
129 139499
129 139512
129 139522
129 139529
129 139536
129 139540
129 139541
129 139549
129 139554
129 139556
129 139557
129 139561
129 139562
129 139564
129 139566
129 139567
129 139569
129 139570
129 139576
129 139581
129 139586
129 139587
129 139591
129 139598
129 139599
129 139601
129 139610
129 139613
129 139615
129 139621
129 139627
129 139629
129 139634
129 139638
129 139643
129 139644
129 139652
129 139657
129 139660
129 139665
129 139672
129 139675
129 139684
129 139685
129 139686
129 139691
129 139693
129 139698
129 139700
129 139702
129 139705
129 139706
129 139709
129 139717
129 139718
129 139734
129 139735
129 139739
129 139741
129 139743
129 139749
129 139757
129 139758
129 139763
129 139768
129 139770
129 139776
129 139778
129 139781
129 139782
129 139785
129 139789
129 139793
129 139794
129 139810
129 139814
129 139815
129 139827
129 139830
129 139834
129 139835
129 139836
129 139848
129 139858
129 139859
129 139863
129 139868
129 139869
129 139871
129 139875
129 139877
129 139891
129 139894
129 139907
129 139912
129 139913
129 139918
129 139928
129 139936
129 139938
129 139939
129 139941
129 139943
129 139950
129 139953
129 139958
129 139960
129 139961
129 139966
129 139969
129 139975
129 139981
129 139984
129 139987
129 140009
129 140012
129 140014
129 140018
129 140019
129 140030
129 140034
129 140038
129 140049
129 140050
129 140058
129 140070
129 140074
129 140078
129 140081
129 140083
129 140091
129 140093
129 140094
129 140104
129 140106
129 140108
129 140112
129 140114
129 140115
129 140118
129 140124
129 140125
129 140127
129 140140
129 140144
129 140146
129 140156
129 140157
129 140158
129 140169
129 140170
129 140172
129 140179
129 140180
129 140196
129 140197
129 140204
129 140210
129 140211
129 140214
129 140222
129 140224
129 140225
129 140232
129 140236
129 140254
129 140259
129 140269
129 140273
129 140275
129 140276
129 140285
129 140290
129 140294
129 140300
129 140302
129 140306
129 140307
129 140309
129 140320
129 140321
129 140328
129 140330
129 140336
129 140339
129 140340
129 140341
129 140345
129 140347
129 140352
129 140354
129 140357
129 140359
129 140364
129 140366
129 140373
129 140374
129 140375
129 140377
129 140381
129 140384
129 140385
129 140387
129 140388
129 140398
129 140402
129 140407
129 140408
129 140415
129 140416
129 140417
129 140422
129 140434
129 140435
129 140440
129 140441
129 140444
129 140452
129 140465
129 140467
129 140473
129 140475
129 140477
129 140480
129 140491
129 140492
129 140493
129 140494
129 140496
129 140498
129 140499
129 140500
129 140501
129 140507
129 140512
129 140513
129 140514
129 140520
129 140528
129 140542
129 140543
129 140557
129 140561
129 140567
129 140576
129 140578
129 140587
129 140593
129 140599
129 140602
129 140614
129 140618
129 140620
129 140623
129 140651
129 140653
129 140659
129 140664
129 140671
129 140672
129 140679
129 140684
129 140689
129 140692
129 140697
129 140698
129 140704
129 140710
129 140718
129 140719
129 140721
129 140722
129 140725
129 140732
129 140737
129 140738
129 140743
129 140744
129 140748
129 140759
129 140764
129 140772
129 140773
129 140778
129 140780
129 140781
129 140788
129 140790
129 140791
129 140794
129 140808
129 140824
129 140826
129 140830
129 140842
129 140847
129 140851
129 140857
129 140860
129 140871
129 140880
129 140883
129 140888
129 140890
129 140893
129 140898
129 140901
129 140903
129 140914
129 140915
129 140918
129 140919
129 140922
129 140935
129 140943
129 140944
129 140945
129 140973
129 140976
129 140977
129 140979
129 140986
129 140989
129 140990
129 140991
129 140995
129 140999
129 141005
129 141006
129 141007
129 141016
129 141017
129 141026
129 141040
129 141052
129 141061
129 141063
129 141067
129 141068
129 141073
129 141074
129 141078
129 141083
129 141089
129 141090
129 141091
129 141093
129 141094
129 141100
129 141101
129 141108
129 141113
129 141114
129 141125
129 141127
129 141132
129 141135
129 141137
129 141138
129 141140
129 141142
129 141145
129 141148
129 141152
129 141158
129 141159
129 141172
129 141174
129 141177
129 141179
129 141201
129 141207
129 141208
129 141212
129 141213
129 141216
129 141221
129 141224
129 141229
129 141231
129 141234
129 141236
129 141237
129 141241
129 141243
129 141244
129 141246
129 141247
129 141248
129 141253
129 141254
129 141255
129 141259
129 141264
129 141266
129 141270
129 141274
129 141278
129 141283
129 141286
129 141295
129 141297
129 141310
129 141314
129 141316
129 141324
129 141327
129 141328
129 141331
129 141332
129 141334
129 141337
129 141344
129 141347
129 141350
129 141360
129 141362
129 141363
129 141366
129 141378
129 141382
129 141390
129 141398
129 141404
129 141409
129 141416
129 141417
129 141426
129 141430
129 141432
129 141433
129 141440
129 141444
129 141465
129 141469
129 141476
129 141477
129 141480
129 141490
129 141496
129 141497
129 141500
129 141502
129 141507
129 141519
129 141526
129 141528
129 141538
129 141540
129 141546
129 141554
129 141566
129 141569
129 141572
129 141575
129 141577
129 141583
129 141589
129 141591
129 141594
129 141596
129 141597
129 141599
129 141601
129 141605
129 141608
129 141620
129 141623
129 141627
129 141628
129 141629
129 141632
129 141634
129 141642
129 141648
129 141651
129 141660
129 141665
129 141672
129 141675
129 141681
129 141687
129 141689
129 141696
129 141705
129 141718
129 141719
129 141723
129 141725
129 141732
129 141742
129 141752
129 141753
129 141765
129 141766
129 141767
129 141783
129 141789
129 141792
129 141800
129 141803
129 141804
129 141805
129 141811
129 141812
129 141817
129 141818
129 141838
129 141846
129 141849
129 141850
129 141851
129 141856
129 141858
129 141862
129 141891
129 141898
129 141899
129 141904
129 141906
129 141911
129 141916
129 141924
129 141925
129 141928
129 141938
129 141948
129 141951
129 141953
129 141954
129 141956
129 141965
129 141966
129 141974
129 141976
129 141977
129 141979
129 141987
129 141994
129 141996
129 141997
129 141998
129 141999
129 142001
129 142003
129 142006
129 142013
129 142018
129 142021
129 142031
129 142034
129 142039
129 142041
129 142042
129 142044
129 142045
129 142059
129 142060
129 142064
129 142066
129 142068
129 142072
129 142075
129 142078
129 142079
129 142080
129 142091
129 142092
129 142093
129 142094
129 142097
129 142098
129 142099
129 142112
129 142114
129 142116
129 142117
129 142119
129 142128
129 142131
129 142141
129 142142
129 142143
129 142145
129 142146
129 142147
129 142156
129 142158
129 142160
129 142163
129 142171
129 142173
129 142176
129 142177
129 142180
129 142182
129 142192
129 142197
129 142198
129 142203
129 142204
129 142209
129 142216
129 142218
129 142224
129 142228
129 142234
129 142235
129 142237
129 142250
129 142260
129 142261
129 142263
129 142264
129 142266
129 142269
129 142273
129 142281
129 142284
129 142286
129 142287
129 142292
129 142300
129 142304
129 142307
129 142315
129 142316
129 142322
129 142324
129 142327
129 142330
129 142334
129 142335
129 142336
129 142340
129 142343
129 142347
129 142350
129 142354
129 142361
129 142362
129 142368
129 142373
129 142374
129 142377
129 142378
129 142399
129 142407
129 142417
129 142420
129 142421
129 142433
129 142434
129 142436
129 142437
129 142439
129 142442
129 142448
129 142455
129 142456
129 142457
129 142460
129 142465
129 142468
129 142470
129 142476
129 142480
129 142483
129 142487
129 142489
129 142490
129 142493
129 142500
129 142503
129 142504
129 142506
129 142507
129 142519
129 142524
129 142530
129 142532
129 142537
129 142538
129 142544
129 142548
129 142553
129 142559
129 142560
129 142563
129 142565
129 142567
129 142575
129 142589
129 142598
129 142608
129 142613
129 142616
129 142619
129 142620
129 142622
129 142623
129 142625
129 142626
129 142630
129 142638
129 142639
129 142651
129 142653
129 142655
129 142659
129 142665
129 142670
129 142672
129 142673
129 142676
129 142677
129 142679
129 142681
129 142685
129 142686
129 142694
129 142705
129 142715
129 142717
129 142720
129 142721
129 142727
129 142736
129 142738
129 142741
129 142749
129 142750
129 142754
129 142757
129 142762
129 142770
129 142774
129 142775
129 142778
129 142783
129 142788
129 142794
129 142797
129 142798
129 142800
129 142817
129 142818
129 142819
129 142826
129 142829
129 142830
129 142833
129 142842
129 142844
129 142848
129 142857
129 142858
129 142860
129 142862
129 142871
129 142874
129 142875
129 142876
129 142877
129 142894
129 142897
129 142904
129 142907
129 142910
129 142913
129 142918
129 142919
129 142921
129 142922
129 142926
129 142928
129 142952
129 142960
129 142962
129 142964
129 142974
129 142976
129 142980
129 142985
129 142987
129 142992
129 142993
129 143002
129 143003
129 143011
129 143026
129 143030
129 143031
129 143035
129 143036
129 143040
129 143044
129 143045
129 143052
129 143053
129 143063
129 143065
129 143066
129 143067
129 143069
129 143073
129 143079
129 143091
129 143098
129 143100
129 143101
129 143105
129 143106
129 143107
129 143108
129 143118
129 143124
129 143126
129 143132
129 143135
129 143136
129 143138
129 143149
129 143151
129 143152
129 143154
129 143155
129 143166
129 143168
129 143171
129 143172
129 143177
129 143182
129 143189
129 143204
129 143209
129 143223
129 143228
129 143233
129 143246
129 143250
129 143253
129 143265
129 143269
129 143273
129 143277
129 143288
129 143294
129 143297
129 143299
129 143301
129 143302
129 143305
129 143310
129 143312
129 143318
129 143333
129 143337
129 143340
129 143343
129 143345
129 143348
129 143359
129 143370
129 143378
129 143379
129 143382
129 143389
129 143390
129 143391
129 143395
129 143399
129 143403
129 143405
129 143413
129 143417
129 143420
129 143434
129 143441
129 143442
129 143446
129 143457
129 143465
129 143469
129 143472
129 143474
129 143475
129 143478
129 143481
129 143482
129 143483
129 143489
129 143491
129 143498
129 143500
129 143501
129 143506
129 143512
129 143516
129 143519
129 143540
129 143544
129 143551
129 143557
129 143559
129 143561
129 143562
129 143571
129 143585
129 143590
129 143593
129 143594
129 143596
129 143597
129 143606
129 143608
129 143609
129 143611
129 143617
129 143618
129 143629
129 143636
129 143637
129 143639
129 143642
129 143645
129 143646
129 143654
129 143662
129 143664
129 143677
129 143678
129 143679
129 143680
129 143692
129 143696
129 143700
129 143714
129 143715
129 143716
129 143722
129 143724
129 143729
129 143732
129 143740
129 143751
129 143754
129 143756
129 143758
129 143760
129 143761
129 143764
129 143765
129 143773
129 143774
129 143782
129 143787
129 143789
129 143795
129 143799
129 143813
129 143818
129 143829
129 143830
129 143832
129 143834
129 143841
129 143842
129 143845
129 143847
129 143848
129 143853
129 143854
129 143867
129 143874
129 143878
129 143881
129 143883
129 143888
129 143895
129 143896
129 143898
129 143905
129 143906
129 143907
129 143908
129 143909
129 143910
129 143914
129 143924
129 143925
129 143935
129 143939
129 143941
129 143942
129 143944
129 143946
129 143947
129 143949
129 143960
129 143961
129 143967
129 143971
129 143978
129 143980
129 143989
129 143991
129 143996
129 143997
129 143999
129 144002
129 144003
129 144007
129 144010
129 144026
129 144028
129 144032
129 144033
129 144036
129 144038
129 144039
129 144042
129 144045
129 144046
129 144048
129 144051
129 144055
129 144060
129 144061
129 144062
129 144063
129 144068
129 144071
129 144082
129 144088
129 144090
129 144098
129 144103
129 144118
129 144120
129 144121
129 144129
129 144137
129 144138
129 144140
129 144141
129 144143
129 144152
129 144156
129 144157
129 144162
129 144163
129 144169
129 144171
129 144175
129 144178
129 144189
129 144192
129 144201
129 144203
129 144206
129 144208
129 144212
129 144214
129 144218
129 144220
129 144224
129 144226
129 144227
129 144233
129 144236
129 144237
129 144238
129 144246
129 144255
129 144262
129 144271
129 144274
129 144276
129 144278
129 144279
129 144302
129 144303
129 144315
129 144320
129 144322
129 144325
129 144329
129 144335
129 144350
129 144374
129 144375
129 144384
129 144388
129 144395
129 144400
129 144413
129 144414
129 144417
129 144419
129 144421
129 144428
129 144429
129 144432
129 144433
129 144436
129 144443
129 144445
129 144447
129 144448
129 144452
129 144453
129 144454
129 144469
129 144479
129 144480
129 144487
129 144489
129 144498
129 144503
129 144507
129 144512
129 144523
129 144532
129 144533
129 144561
129 144562
129 144565
129 144566
129 144582
129 144584
129 144595
129 144597
129 144598
129 144599
129 144603
129 144607
129 144613
129 144619
129 144622
129 144635
129 144639
129 144641
129 144642
129 144646
129 144649
129 144650
129 144656
129 144657
129 144661
129 144663
129 144666
129 144670
129 144673
129 144677
129 144687
129 144689
129 144696
129 144698
129 144699
129 144703
129 144704
129 144708
129 144711
129 144712
129 144713
129 144717
129 144719
129 144720
129 144728
129 144735
129 144743
129 144746
129 144747
129 144750
129 144755
129 144756
129 144758
129 144767
129 144771
129 144778
129 144781
129 144782
129 144788
129 144793
129 144797
129 144801
129 144803
129 144804
129 144811
129 144812
129 144818
129 144825
129 144827
129 144830
129 144833
129 144837
129 144840
129 144841
129 144842
129 144846
129 144848
129 144852
129 144856
129 144861
129 144862
129 144864
129 144875
129 144876
129 144877
129 144890
129 144892
129 144897
129 144899
129 144901
129 144904
129 144906
129 144908
129 144910
129 144911
129 144916
129 144922
129 144925
129 144929
129 144941
129 144946
129 144948
129 144950
129 144954
129 144961
129 144965
129 144969
129 144970
129 144971
129 144976
129 144980
129 144982
129 144983
129 144987
129 144988
129 144990
129 144996
129 145013
129 145018
129 145019
129 145020
129 145026
129 145031
129 145033
129 145034
129 145035
129 145046
129 145051
129 145052
129 145063
129 145065
129 145071
129 145077
129 145078
129 145085
129 145089
129 145092
129 145093
129 145095
129 145100
129 145102
129 145104
129 145107
129 145109
129 145115
129 145116
129 145121
129 145122
129 145124
129 145130
129 145131
129 145142
129 145143
129 145145
129 145149
129 145150
129 145161
129 145166
129 145170
129 145175
129 145180
129 145184
129 145188
129 145193
129 145194
129 145213
129 145218
129 145231
129 145240
129 145250
129 145251
129 145252
129 145253
129 145254
129 145261
129 145271
129 145273
129 145283
129 145286
129 145287
129 145288
129 145291
129 145293
129 145294
129 145295
129 145297
129 145300
129 145301
129 145307
129 145314
129 145315
129 145336
129 145337
129 145342
129 145345
129 145347
129 145348
129 145349
129 145353
129 145354
129 145363
129 145372
129 145373
129 145377
129 145383
129 145394
129 145396
129 145401
129 145408
129 145409
129 145410
129 145413
129 145421
129 145422
129 145424
129 145434
129 145438
129 145439
129 145440
129 145441
129 145448
129 145480
129 145483
129 145487
129 145491
129 145500
129 145502
129 145513
129 145516
129 145523
129 145525
129 145535
129 145547
129 145548
129 145551
129 145552
129 145561
129 145563
129 145583
129 145584
129 145591
129 145596
129 145599
129 145604
129 145614
129 145615
129 145623
129 145626
129 145659
129 145660
129 145661
129 145662
129 145663
129 145666
129 145669
129 145671
129 145673
129 145676
129 145677
129 145690
129 145695
129 145696
129 145697
129 145699
129 145704
129 145711
129 145712
129 145715
129 145722
129 145741
129 145743
129 145749
129 145751
129 145759
129 145763
129 145764
129 145771
129 145773
129 145781
129 145783
129 145785
129 145787
129 145790
129 145803
129 145804
129 145805
129 145807
129 145816
129 145817
129 145822
129 145845
129 145852
129 145853
129 145857
129 145858
129 145860
129 145864
129 145865
129 145867
129 145870
129 145872
129 145884
129 145888
129 145890
129 145896
129 145900
129 145902
129 145907
129 145910
129 145911
129 145925
129 145928
129 145933
129 145940
129 145944
129 145945
129 145950
129 145951
129 145954
129 145956
129 145957
129 145962
129 145964
129 145971
129 145975
129 145976
129 145983
129 145992
129 145994
129 146001
129 146004
129 146006
129 146008
129 146011
129 146028
129 146029
129 146030
129 146035
129 146037
129 146039
129 146046
129 146056
129 146062
129 146063
129 146064
129 146073
129 146078
129 146079
129 146080
129 146083
129 146084
129 146087
129 146092
129 146096
129 146100
129 146105
129 146107
129 146110
129 146119
129 146122
129 146131
129 146143
129 146146
129 146154
129 146167
129 146172
129 146179
129 146181
129 146184
129 146188
129 146190
129 146191
129 146204
129 146205
129 146207
129 146209
129 146211
129 146212
129 146216
129 146217
129 146226
129 146230
129 146233
129 146238
129 146242
129 146245
129 146258
129 146261
129 146264
129 146274
129 146281
129 146282
129 146291
129 146292
129 146295
129 146306
129 146311
129 146313
129 146319
129 146334
129 146337
129 146342
129 146348
129 146353
129 146354
129 146355
129 146356
129 146357
129 146362
129 146371
129 146375
129 146382
129 146387
129 146389
129 146392
129 146400
129 146404
129 146408
129 146409
129 146411
129 146415
129 146417
129 146418
129 146427
129 146429
129 146430
129 146436
129 146442
129 146448
129 146450
129 146454
129 146457
129 146468
129 146469
129 146471
129 146472
129 146475
129 146477
129 146481
129 146484
129 146491
129 146493
129 146498
129 146500
129 146510
129 146512
129 146517
129 146521
129 146524
129 146530
129 146534
129 146539
129 146545
129 146547
129 146549
129 146557
129 146559
129 146561
129 146565
129 146574
129 146579
129 146581
129 146583
129 146587
129 146588
129 146591
129 146595
129 146597
129 146598
129 146612
129 146616
129 146617
129 146619
129 146629
129 146630
129 146632
129 146634
129 146635
129 146643
129 146647
129 146648
129 146661
129 146667
129 146668
129 146669
129 146670
129 146673
129 146674
129 146676
129 146680
129 146684
129 146685
129 146686
129 146687
129 146689
129 146693
129 146695
129 146703
129 146710
129 146712
129 146715
129 146716
129 146726
129 146727
129 146730
129 146731
129 146733
129 146744
129 146747
129 146748
129 146767
129 146770
129 146774
129 146778
129 146783
129 146788
129 146789
129 146790
129 146795
129 146797
129 146798
129 146800
129 146808
129 146809
129 146815
129 146817
129 146820
129 146825
129 146832
129 146838
129 146845
129 146853
129 146854
129 146856
129 146859
129 146861
129 146866
129 146867
129 146870
129 146880
129 146881
129 146883
129 146887
129 146892
129 146893
129 146911
129 146912
129 146913
129 146919
129 146929
129 146937
129 146956
129 146958
129 146961
129 146962
129 146965
129 146966
129 146968
129 146972
129 146979
129 146984
129 146985
129 146986
129 146988
129 146991
129 147002
129 147005
129 147006
129 147007
129 147010
129 147022
129 147030
129 147034
129 147035
129 147043
129 147051
129 147057
129 147058
129 147062
129 147074
129 147087
129 147090
129 147092
129 147096
129 147097
129 147111
129 147115
129 147117
129 147119
129 147123
129 147124
129 147130
129 147131
129 147137
129 147138
129 147139
129 147140
129 147143
129 147144
129 147154
129 147160
129 147162
129 147166
129 147177
129 147181
129 147182
129 147185
129 147186
129 147188
129 147190
129 147197
129 147198
129 147200
129 147208
129 147212
129 147216
129 147225
129 147227
129 147237
129 147248
129 147251
129 147252
129 147256
129 147259
129 147261
129 147263
129 147268
129 147274
129 147275
129 147276
129 147279
129 147284
129 147293
129 147297
129 147305
129 147307
129 147308
129 147315
129 147319
129 147322
129 147324
129 147326
129 147336
129 147344
129 147345
129 147349
129 147353
129 147356
129 147358
129 147361
129 147362
129 147366
129 147385
129 147387
129 147389
129 147390
129 147392
129 147396
129 147403
129 147411
129 147422
129 147431
129 147434
129 147435
129 147448
129 147451
129 147453
129 147454
129 147455
129 147457
129 147465
129 147468
129 147473
129 147476
129 147477
129 147478
129 147496
129 147499
129 147503
129 147508
129 147517
129 147520
129 147526
129 147532
129 147534
129 147538
129 147547
129 147549
129 147553
129 147557
129 147562
129 147567
129 147570
129 147571
129 147572
129 147581
129 147587
129 147588
129 147595
129 147597
129 147600
129 147602
129 147604
129 147606
129 147607
129 147609
129 147612
129 147616
129 147618
129 147622
129 147623
129 147624
129 147633
129 147636
129 147637
129 147640
129 147642
129 147646
129 147647
129 147648
129 147649
129 147650
129 147652
129 147655
129 147666
129 147672
129 147673
129 147675
129 147676
129 147684
129 147686
129 147688
129 147691
129 147692
129 147694
129 147703
129 147704
129 147707
129 147708
129 147713
129 147715
129 147721
129 147722
129 147724
129 147731
129 147736
129 147739
129 147748
129 147752
129 147754
129 147762
129 147765
129 147769
129 147772
129 147783
129 147784
129 147788
129 147789
129 147797
129 147802
129 147805
129 147806
129 147807
129 147812
129 147821
129 147822
129 147829
129 147831
129 147836
129 147838
129 147860
129 147862
129 147881
129 147884
129 147886
129 147887
129 147899
129 147901
129 147908
129 147914
129 147923
129 147925
129 147926
129 147929
129 147931
129 147933
129 147937
129 147939
129 147940
129 147942
129 147944
129 147948
129 147958
129 147960
129 147962
129 147965
129 147967
129 147969
129 147977
129 147983
129 147998
129 148001
129 148004
129 148006
129 148012
129 148021
129 148028
129 148042
129 148047
129 148053
129 148056
129 148057
129 148059
129 148072
129 148074
129 148082
129 148087
129 148091
129 148097
129 148099
129 148104
129 148110
129 148114
129 148117
129 148119
129 148121
129 148122
129 148127
129 148136
129 148146
129 148147
129 148153
129 148155
129 148156
129 148165
129 148175
129 148190
129 148192
129 148198
129 148201
129 148209
129 148213
129 148220
129 148222
129 148224
129 148225
129 148226
129 148230
129 148235
129 148237
129 148242
129 148246
129 148253
129 148255
129 148262
129 148266
129 148281
129 148282
129 148285
129 148286
129 148294
129 148299
129 148308
129 148310
129 148314
129 148316
129 148318
129 148327
129 148331
129 148333
129 148338
129 148339
129 148343
129 148351
129 148359
129 148362
129 148365
129 148369
129 148378
129 148399
129 148416
129 148417
129 148420
129 148425
129 148429
129 148431
129 148434
129 148438
129 148445
129 148447
129 148449
129 148451
129 148463
129 148464
129 148475
129 148480
129 148484
129 148488
129 148489
129 148492
129 148493
129 148495
129 148498
129 148502
129 148505
129 148507
129 148509
129 148516
129 148520
129 148522
129 148523
129 148527
129 148530
129 148531
129 148532
129 148535
129 148539
129 148540
129 148542
129 148549
129 148550
129 148556
129 148557
129 148559
129 148562
129 148566
129 148570
129 148571
129 148572
129 148575
129 148578
129 148581
129 148588
129 148595
129 148596
129 148602
129 148634
129 148635
129 148640
129 148647
129 148654
129 148662
129 148664
129 148668
129 148679
129 148684
129 148685
129 148688
129 148690
129 148691
129 148697
129 148699
129 148700
129 148702
129 148710
129 148718
129 148721
129 148727
129 148728
129 148729
129 148733
129 148747
129 148751
129 148757
129 148761
129 148764
129 148765
129 148769
129 148772
129 148774
129 148787
129 148788
129 148790
129 148793
129 148795
129 148802
129 148804
129 148805
129 148808
129 148811
129 148818
129 148823
129 148825
129 148829
129 148831
129 148838
129 148846
129 148847
129 148849
129 148858
129 148863
129 148883
129 148885
129 148888
129 148891
129 148892
129 148895
129 148898
129 148903
129 148907
129 148912
129 148915
129 148924
129 148929
129 148934
129 148947
129 148955
129 148963
129 148964
129 148966
129 148976
129 148991
129 148993
129 148996
129 149000
129 149006
129 149018
129 149019
129 149022
129 149024
129 149032
129 149033
129 149034
129 149045
129 149046
129 149050
129 149054
129 149063
129 149072
129 149075
129 149080
129 149082
129 149085
129 149088
129 149093
129 149097
129 149098
129 149099
129 149103
129 149107
129 149110
129 149116
129 149117
129 149123
129 149125
129 149127
129 149131
129 149133
129 149139
129 149141
129 149147
129 149159
129 149161
129 149164
129 149169
129 149173
129 149176
129 149183
129 149186
129 149187
129 149194
129 149195
129 149205
129 149206
129 149213
129 149214
129 149222
129 149232
129 149234
129 149242
129 149243
129 149244
129 149246
129 149250
129 149251
129 149253
129 149254
129 149255
129 149257
129 149259
129 149260
129 149261
129 149263
129 149266
129 149267
129 149269
129 149273
129 149276
129 149283
129 149285
129 149290
129 149291
129 149292
129 149295
129 149298
129 149300
129 149301
129 149306
129 149307
129 149310
129 149322
129 149323
129 149325
129 149326
129 149328
129 149330
129 149332
129 149336
129 149338
129 149343
129 149347
129 149353
129 149356
129 149360
129 149361
129 149362
129 149366
129 149370
129 149376
129 149379
129 149380
129 149382
129 149385
129 149386
129 149393
129 149394
129 149395
129 149396
129 149411
129 149414
129 149415
129 149426
129 149434
129 149437
129 149439
129 149460
129 149462
129 149466
129 149473
129 149480
129 149486
129 149487
129 149489
129 149492
129 149493
129 149497
129 149498
129 149503
129 149505
129 149512
129 149520
129 149521
129 149522
129 149527
129 149528
129 149532
129 149534
129 149535
129 149536
129 149539
129 149540
129 149541
129 149543
129 149549
129 149553
129 149554
129 149555
129 149558
129 149562
129 149566
129 149571
129 149576
129 149580
129 149582
129 149584
129 149605
129 149606
129 149609
129 149612
129 149618
129 149622
129 149628
129 149630
129 149635
129 149653
129 149654
129 149656
129 149662
129 149670
129 149671
129 149675
129 149680
129 149687
129 149689
129 149690
129 149697
129 149708
129 149711
129 149712
129 149713
129 149715
129 149721
129 149726
129 149729
129 149735
129 149747
129 149748
129 149756
129 149758
129 149759
129 149765
129 149770
129 149771
129 149782
129 149787
129 149791
129 149804
129 149805
129 149807
129 149812
129 149818
129 149820
129 149821
129 149822
129 149830
129 149832
129 149836
129 149840
129 149841
129 149846
129 149848
129 149857
129 149859
129 149862
129 149869
129 149878
129 149882
129 149889
129 149891
129 149893
129 149898
129 149905
129 149924
129 149928
129 149932
129 149933
129 149935
129 149936
129 149945
129 149947
129 149950
129 149954
129 149959
129 149965
129 149970
129 149975
129 149978
129 149985
129 149991
129 149993
129 149994
129 149997
129 149998
129 149999
129 150003
129 150005
129 150015
129 150016
129 150020
129 150023
129 150024
129 150028
129 150033
129 150038
129 150050
129 150052
129 150058
129 150059
129 150060
129 150063
129 150064
129 150068
129 150075
129 150080
129 150087
129 150090
129 150100
129 150102
129 150104
129 150108
129 150111
129 150115
129 150116
129 150117
129 150121
129 150122
129 150127
129 150130
129 150131
129 150143
129 150144
129 150148
129 150154
129 150160
129 150164
129 150170
129 150172
129 150183
129 150192
129 150199
129 150200
129 150203
129 150206
129 150209
129 150210
129 150218
129 150220
129 150221
129 150227
129 150231
129 150246
129 150251
129 150269
129 150273
129 150276
129 150286
129 150287
129 150289
129 150291
129 150292
129 150294
129 150304
129 150305
129 150312
129 150315
129 150316
129 150325
129 150335
129 150336
129 150347
129 150349
129 150352
129 150355
129 150363
129 150364
129 150368
129 150373
129 150376
129 150381
129 150390
129 150397
129 150405
129 150409
129 150410
129 150413
129 150420
129 150421
129 150422
129 150423
129 150424
129 150425
129 150431
129 150434
129 150435
129 150437
129 150445
129 150453
129 150455
129 150456
129 150462
129 150463
129 150467
129 150470
129 150475
129 150478
129 150480
129 150483
129 150492
129 150494
129 150500
129 150505
129 150511
129 150529
129 150533
129 150537
129 150538
129 150539
129 150541
129 150545
129 150551
129 150553
129 150557
129 150559
129 150561
129 150562
129 150569
129 150573
129 150574
129 150575
129 150577
129 150588
129 150594
129 150598
129 150607
129 150609
129 150610
129 150612
129 150620
129 150622
129 150624
129 150627
129 150629
129 150631
129 150633
129 150636
129 150637
129 150638
129 150640
129 150644
129 150646
129 150647
129 150657
129 150658
129 150663
129 150664
129 150671
129 150674
129 150675
129 150676
129 150680
129 150685
129 150689
129 150698
129 150702
129 150706
129 150717
129 150719
129 150721
129 150725
129 150729
129 150731
129 150732
129 150735
129 150736
129 150737
129 150741
129 150747
129 150749
129 150752
129 150756
129 150760
129 150761
129 150762
129 150763
129 150772
129 150775
129 150776
129 150780
129 150783
129 150784
129 150795
129 150798
129 150806
129 150808
129 150811
129 150825
129 150827
129 150834
129 150835
129 150844
129 150846
129 150851
129 150865
129 150874
129 150881
129 150884
129 150890
129 150892
129 150894
129 150910
129 150912
129 150916
129 150918
129 150923
129 150928
129 150932
129 150937
129 150950
129 150953
129 150961
129 150966
129 150967
129 150972
129 150973
129 150974
129 150978
129 150979
129 150980
129 150987
129 150989
129 151001
129 151005
129 151009
129 151017
129 151021
129 151022
129 151024
129 151027
129 151032
129 151037
129 151045
129 151055
129 151062
129 151064
129 151069
129 151071
129 151080
129 151088
129 151089
129 151090
129 151094
129 151106
129 151113
129 151115
129 151118
129 151127
129 151128
129 151131
129 151135
129 151136
129 151138
129 151140
129 151141
129 151143
129 151149
129 151153
129 151157
129 151158
129 151159
129 151171
129 151173
129 151180
129 151182
129 151186
129 151192
129 151199
129 151200
129 151203
129 151205
129 151209
129 151212
129 151215
129 151218
129 151222
129 151229
129 151230
129 151231
129 151236
129 151237
129 151248
129 151259
129 151261
129 151270
129 151271
129 151276
129 151280
129 151286
129 151292
129 151304
129 151308
129 151311
129 151325
129 151331
129 151346
129 151348
129 151350
129 151355
129 151358
129 151360
129 151361
129 151374
129 151378
129 151383
129 151391
129 151396
129 151397
129 151400
129 151412
129 151413
129 151415
129 151417
129 151421
129 151422
129 151435
129 151436
129 151448
129 151450
129 151456
129 151457
129 151462
129 151464
129 151466
129 151467
129 151469
129 151471
129 151476
129 151479
129 151486
129 151488
129 151490
129 151492
129 151496
129 151505
129 151506
129 151508
129 151511
129 151522
129 151528
129 151532
129 151534
129 151537
129 151541
129 151542
129 151543
129 151546
129 151549
129 151551
129 151554
129 151559
129 151561
129 151562
129 151587
129 151593
129 151594
129 151597
129 151602
129 151603
129 151604
129 151606
129 151612
129 151622
129 151624
129 151636
129 151651
129 151656
129 151664
129 151672
129 151675
129 151677
129 151688
129 151689
129 151691
129 151694
129 151700
129 151720
129 151721
129 151723
129 151729
129 151732
129 151735
129 151736
129 151741
129 151742
129 151743
129 151751
129 151760
129 151764
129 151772
129 151776
129 151779
129 151785
129 151787
129 151791
129 151795
129 151797
129 151805
129 151814
129 151819
129 151823
129 151835
129 151840
129 151842
129 151844
129 151846
129 151847
129 151851
129 151854
129 151855
129 151864
129 151871
129 151872
129 151879
129 151881
129 151883
129 151887
129 151894
129 151905
129 151908
129 151911
129 151926
129 151928
129 151932
129 151934
129 151936
129 151937
129 151951
129 151955
129 151956
129 151960
129 151961
129 151962
129 151963
129 151965
129 151968
129 151978
129 151982
129 151988
129 152008
129 152015
129 152019
129 152022
129 152025
129 152028
129 152030
129 152033
129 152036
129 152041
129 152047
129 152049
129 152055
129 152060
129 152066
129 152075
129 152083
129 152086
129 152087
129 152094
129 152099
129 152107
129 152117
129 152119
129 152124
129 152129
129 152133
129 152134
129 152137
129 152141
129 152142
129 152150
129 152157
129 152158
129 152163
129 152167
129 152171
129 152176
129 152179
129 152184
129 152188
129 152202
129 152203
129 152206
129 152208
129 152209
129 152218
129 152227
129 152238
129 152244
129 152246
129 152253
129 152262
129 152264
129 152265
129 152266
129 152272
129 152286
129 152288
129 152296
129 152304
129 152306
129 152308
129 152310
129 152314
129 152322
129 152323
129 152326
129 152327
129 152345
129 152346
129 152348
129 152350
129 152356
129 152361
129 152363
129 152365
129 152369
129 152370
129 152378
129 152382
129 152385
129 152386
129 152397
129 152398
129 152399
129 152401
129 152404
129 152412
129 152417
129 152425
129 152433
129 152435
129 152439
129 152441
129 152442
129 152449
129 152454
129 152457
129 152460
129 152466
129 152469
129 152470
129 152471
129 152481
129 152493
129 152495
129 152496
129 152502
129 152505
129 152506
129 152519
129 152524
129 152529
129 152534
129 152540
129 152544
129 152548
129 152551
129 152554
129 152560
129 152561
129 152567
129 152576
129 152577
129 152579
129 152584
129 152585
129 152591
129 152595
129 152599
129 152601
129 152607
129 152608
129 152611
129 152612
129 152613
129 152616
129 152625
129 152632
129 152633
129 152638
129 152639
129 152641
129 152660
129 152661
129 152665
129 152668
129 152679
129 152680
129 152693
129 152700
129 152704
129 152707
129 152708
129 152713
129 152715
129 152717
129 152718
129 152725
129 152730
129 152732
129 152733
129 152737
129 152746
129 152751
129 152756
129 152764
129 152765
129 152766
129 152769
129 152770
129 152773
129 152786
129 152795
129 152798
129 152803
129 152807
129 152814
129 152817
129 152819
129 152827
129 152837
129 152840
129 152844
129 152845
129 152852
129 152854
129 152865
129 152866
129 152871
129 152875
129 152878
129 152879
129 152885
129 152888
129 152889
129 152894
129 152897
129 152898
129 152901
129 152905
129 152909
129 152910
129 152911
129 152913
129 152916
129 152920
129 152925
129 152931
129 152937
129 152938
129 152941
129 152942
129 152949
129 152950
129 152954
129 152958
129 152962
129 152964
129 152972
129 152978
129 152983
129 152985
129 152988
129 152989
129 152997
129 153007
129 153010
129 153022
129 153023
129 153025
129 153030
129 153031
129 153036
129 153049
129 153051
129 153066
129 153067
129 153071
129 153075
129 153077
129 153078
129 153080
129 153089
129 153093
129 153100
129 153101
129 153105
129 153107
129 153110
129 153116
129 153120
129 153122
129 153123
129 153128
129 153148
129 153157
129 153169
129 153172
129 153179
129 153180
129 153182
129 153187
129 153191
129 153196
129 153198
129 153199
129 153201
129 153208
129 153209
129 153214
129 153222
129 153226
129 153228
129 153231
129 153239
129 153240
129 153246
129 153248
129 153251
129 153259
129 153265
129 153267
129 153269
129 153276
129 153277
129 153288
129 153292
129 153298
129 153302
129 153304
129 153306
129 153308
129 153309
129 153312
129 153314
129 153321
129 153324
129 153330
129 153342
129 153349
129 153354
129 153363
129 153367
129 153378
129 153382
129 153384
129 153392
129 153395
129 153401
129 153411
129 153417
129 153418
129 153422
129 153423
129 153425
129 153430
129 153432
129 153437
129 153438
129 153441
129 153452
129 153454
129 153463
129 153467
129 153478
129 153481
129 153483
129 153488
129 153490
129 153492
129 153494
129 153497
129 153502
129 153510
129 153511
129 153518
129 153522
129 153534
129 153548
129 153550
129 153567
129 153569
129 153571
129 153573
129 153576
129 153584
129 153585
129 153588
129 153593
129 153594
129 153595
129 153598
129 153599
129 153600
129 153604
129 153613
129 153614
129 153616
129 153617
129 153628
129 153643
129 153644
129 153645
129 153646
129 153649
129 153652
129 153659
129 153661
129 153662
129 153663
129 153671
129 153672
129 153673
129 153679
129 153680
129 153694
129 153699
129 153702
129 153708
129 153715
129 153716
129 153719
129 153722
129 153723
129 153724
129 153727
129 153728
129 153729
129 153732
129 153734
129 153735
129 153737
129 153738
129 153742
129 153747
129 153752
129 153756
129 153764
129 153768
129 153779
129 153784
129 153788
129 153789
129 153796
129 153804
129 153808
129 153812
129 153813
129 153814
129 153828
129 153830
129 153834
129 153838
129 153844
129 153850
129 153851
129 153853
129 153855
129 153859
129 153863
129 153865
129 153874
129 153878
129 153879
129 153880
129 153889
129 153890
129 153891
129 153900
129 153901
129 153913
129 153914
129 153915
129 153919
129 153924
129 153925
129 153927
129 153931
129 153934
129 153936
129 153937
129 153941
129 153943
129 153948
129 153952
129 153953
129 153963
129 153966
129 153974
129 153980
129 153989
129 153992
129 153996
129 153999
129 154001
129 154005
129 154008
129 154010
129 154014
129 154015
129 154029
129 154032
129 154035
129 154037
129 154038
129 154039
129 154040
129 154046
129 154053
129 154057
129 154067
129 154073
129 154077
129 154079
129 154082
129 154086
129 154094
129 154100
129 154114
129 154115
129 154131
129 154133
129 154136
129 154141
129 154142
129 154146
129 154150
129 154153
129 154154
129 154164
129 154165
129 154166
129 154167
129 154168
129 154173
129 154178
129 154185
129 154188
129 154195
129 154198
129 154200
129 154201
129 154202
129 154203
129 154204
129 154206
129 154207
129 154215
129 154217
129 154226
129 154243
129 154245
129 154248
129 154250
129 154257
129 154262
129 154275
129 154277
129 154280
129 154282
129 154287
129 154288
129 154292
129 154296
129 154298
129 154300
129 154303
129 154304
129 154310
129 154311
129 154319
129 154320
129 154321
129 154332
129 154337
129 154338
129 154344
129 154348
129 154352
129 154355
129 154366
129 154371
129 154375
129 154376
129 154384
129 154398
129 154401
129 154410
129 154414
129 154415
129 154417
129 154423
129 154433
129 154435
129 154439
129 154440
129 154463
129 154476
129 154481
129 154489
129 154491
129 154503
129 154508
129 154518
129 154523
129 154526
129 154529
129 154531
129 154533
129 154534
129 154536
129 154537
129 154538
129 154539
129 154543
129 154546
129 154549
129 154550
129 154563
129 154567
129 154571
129 154581
129 154582
129 154584
129 154589
129 154600
129 154601
129 154611
129 154613
129 154617
129 154623
129 154624
129 154631
129 154632
129 154641
129 154645
129 154646
129 154647
129 154648
129 154649
129 154651
129 154657
129 154659
129 154660
129 154665
129 154667
129 154669
129 154674
129 154676
129 154683
129 154684
129 154687
129 154699
129 154703
129 154710
129 154711
129 154712
129 154713
129 154719
129 154737
129 154743
129 154755
129 154762
129 154768
129 154769
129 154774
129 154777
129 154780
129 154784
129 154787
129 154788
129 154792
129 154794
129 154800
129 154812
129 154815
129 154818
129 154819
129 154820
129 154821
129 154823
129 154829
129 154830
129 154831
129 154836
129 154839
129 154855
129 154874
129 154884
129 154885
129 154895
129 154902
129 154906
129 154909
129 154915
129 154919
129 154922
129 154926
129 154932
129 154934
129 154937
129 154940
129 154946
129 154960
129 154961
129 154966
129 154968
129 154970
129 154975
129 154980
129 154982
129 154983
129 154984
129 154985
129 154989
129 154994
129 154995
129 154998
129 155003
129 155008
129 155016
129 155018
129 155020
129 155025
129 155026
129 155027
129 155032
129 155040
129 155041
129 155048
129 155051
129 155056
129 155061
129 155063
129 155064
129 155066
129 155069
129 155071
129 155072
129 155073
129 155077
129 155079
129 155080
129 155081
129 155082
129 155083
129 155093
129 155100
129 155107
129 155109
129 155115
129 155120
129 155121
129 155124
129 155131
129 155133
129 155138
129 155141
129 155154
129 155156
129 155169
129 155170
129 155176
129 155188
129 155193
129 155197
129 155198
129 155199
129 155200
129 155202
129 155203
129 155205
129 155211
129 155213
129 155218
129 155220
129 155229
129 155232
129 155233
129 155236
129 155239
129 155246
129 155253
129 155255
129 155258
129 155259
129 155261
129 155271
129 155274
129 155281
129 155285
129 155286
129 155288
129 155290
129 155294
129 155301
129 155302
129 155308
129 155309
129 155313
129 155314
129 155315
129 155319
129 155321
129 155325
129 155333
129 155334
129 155338
129 155344
129 155345
129 155347
129 155357
129 155362
129 155363
129 155367
129 155375
129 155381
129 155387
129 155393
129 155396
129 155414
129 155418
129 155426
129 155434
129 155436
129 155444
129 155448
129 155450
129 155452
129 155453
129 155457
129 155461
129 155470
129 155481
129 155482
129 155485
129 155488
129 155491
129 155494
129 155504
129 155518
129 155520
129 155526
129 155530
129 155531
129 155543
129 155545
129 155550
129 155552
129 155560
129 155561
129 155563
129 155568
129 155581
129 155584
129 155589
129 155596
129 155605
129 155616
129 155618
129 155619
129 155621
129 155622
129 155623
129 155625
129 155630
129 155645
129 155647
129 155657
129 155660
129 155661
129 155663
129 155670
129 155675
129 155681
129 155682
129 155685
129 155693
129 155700
129 155701
129 155703
129 155707
129 155711
129 155715
129 155717
129 155718
129 155719
129 155723
129 155727
129 155728
129 155733
129 155734
129 155741
129 155745
129 155746
129 155748
129 155751
129 155752
129 155755
129 155759
129 155771
129 155780
129 155782
129 155784
129 155794
129 155802
129 155805
129 155813
129 155814
129 155818
129 155825
129 155827
129 155839
129 155846
129 155847
129 155849
129 155850
129 155851
129 155855
129 155871
129 155886
129 155890
129 155903
129 155910
129 155913
129 155919
129 155920
129 155923
129 155930
129 155931
129 155940
129 155946
129 155949
129 155950
129 155951
129 155953
129 155956
129 155957
129 155958
129 155959
129 155970
129 155975
129 155979
129 155981
129 155982
129 155985
129 155986
129 155995
129 155996
129 155998
129 156000
129 156005
129 156006
129 156011
129 156025
129 156030
129 156031
129 156033
129 156036
129 156039
129 156048
129 156051
129 156052
129 156065
129 156068
129 156069
129 156070
129 156071
129 156073
129 156075
129 156083
129 156088
129 156090
129 156101
129 156105
129 156106
129 156113
129 156123
129 156127
129 156131
129 156138
129 156143
129 156144
129 156146
129 156147
129 156151
129 156154
129 156159
129 156161
129 156164
129 156165
129 156180
129 156181
129 156183
129 156189
129 156196
129 156199
129 156207
129 156212
129 156213
129 156215
129 156228
129 156233
129 156236
129 156239
129 156240
129 156250
129 156253
129 156255
129 156274
129 156276
129 156278
129 156290
129 156295
129 156297
129 156298
129 156300
129 156302
129 156311
129 156319
129 156330
129 156331
129 156337
129 156338
129 156341
129 156343
129 156353
129 156355
129 156356
129 156358
129 156363
129 156369
129 156370
129 156373
129 156377
129 156380
129 156381
129 156384
129 156391
129 156393
129 156415
129 156423
129 156425
129 156427
129 156429
129 156430
129 156441
129 156443
129 156445
129 156449
129 156452
129 156453
129 156456
129 156457
129 156461
129 156465
129 156466
129 156469
129 156478
129 156483
129 156486
129 156495
129 156496
129 156497
129 156499
129 156500
129 156502
129 156506
129 156513
129 156516
129 156539
129 156540
129 156549
129 156560
129 156562
129 156569
129 156585
129 156591
129 156593
129 156595
129 156596
129 156598
129 156605
129 156616
129 156622
129 156623
129 156626
129 156630
129 156633
129 156634
129 156635
129 156640
129 156641
129 156646
129 156652
129 156653
129 156658
129 156660
129 156662
129 156663
129 156666
129 156669
129 156671
129 156674
129 156684
129 156687
129 156691
129 156694
129 156696
129 156697
129 156698
129 156711
129 156713
129 156717
129 156718
129 156721
129 156731
129 156734
129 156740
129 156748
129 156751
129 156757
129 156758
129 156760
129 156761
129 156763
129 156768
129 156769
129 156772
129 156774
129 156777
129 156780
129 156791
129 156792
129 156793
129 156804
129 156806
129 156807
129 156816
129 156818
129 156825
129 156836
129 156843
129 156847
129 156856
129 156871
129 156874
129 156875
129 156884
129 156888
129 156893
129 156901
129 156906
129 156912
129 156915
129 156917
129 156918
129 156919
129 156926
129 156938
129 156944
129 156945
129 156946
129 156949
129 156953
129 156966
129 156971
129 156974
129 156977
129 156981
129 156983
129 156986
129 156987
129 156990
129 156997
129 157002
129 157010
129 157022
129 157030
129 157031
129 157042
129 157051
129 157052
129 157053
129 157054
129 157059
129 157062
129 157065
129 157067
129 157068
129 157070
129 157072
129 157078
129 157082
129 157087
129 157089
129 157090
129 157099
129 157107
129 157112
129 157113
129 157115
129 157118
129 157119
129 157128
129 157129
129 157140
129 157153
129 157158
129 157164
129 157167
129 157172
129 157175
129 157178
129 157180
129 157184
129 157187
129 157192
129 157194
129 157210
129 157215
129 157217
129 157231
129 157235
129 157236
129 157239
129 157242
129 157246
129 157248
129 157250
129 157251
129 157260
129 157267
129 157272
129 157282
129 157286
129 157288
129 157292
129 157294
129 157297
129 157300
129 157308
129 157310
129 157311
129 157312
129 157323
129 157325
129 157329
129 157332
129 157337
129 157343
129 157345
129 157348
129 157349
129 157358
129 157359
129 157361
129 157362
129 157365
129 157368
129 157370
129 157372
129 157374
129 157378
129 157379
129 157383
129 157388
129 157391
129 157400
129 157401
129 157404
129 157407
129 157408
129 157425
129 157426
129 157432
129 157435
129 157439
129 157442
129 157452
129 157455
129 157457
129 157458
129 157474
129 157476
129 157478
129 157483
129 157485
129 157491
129 157497
129 157501
129 157508
129 157510
129 157514
129 157520
129 157525
129 157532
129 157535
129 157538
129 157552
129 157569
129 157576
129 157585
129 157587
129 157588
129 157596
129 157597
129 157600
129 157602
129 157604
129 157620
129 157622
129 157623
129 157625
129 157630
129 157636
129 157643
129 157644
129 157660
129 157661
129 157663
129 157670
129 157674
129 157685
129 157686
129 157703
129 157709
129 157710
129 157713
129 157714
129 157722
129 157724
129 157737
129 157742
129 157745
129 157746
129 157754
129 157756
129 157757
129 157758
129 157759
129 157766
129 157767
129 157768
129 157774
129 157777
129 157779
129 157780
129 157788
129 157789
129 157795
129 157798
129 157801
129 157804
129 157808
129 157809
129 157811
129 157820
129 157822
129 157825
129 157828
129 157842
129 157846
129 157852
129 157857
129 157860
129 157861
129 157864
129 157868
129 157873
129 157878
129 157886
129 157887
129 157892
129 157893
129 157896
129 157905
129 157910
129 157912
129 157915
129 157918
129 157919
129 157930
129 157935
129 157940
129 157944
129 157946
129 157949
129 157952
129 157954
129 157956
129 157959
129 157961
129 157963
129 157964
129 157976
129 157982
129 157985
129 157988
129 157994
129 157997
129 157998
129 157999
129 158001
129 158004
129 158008
129 158010
129 158020
129 158021
129 158026
129 158028
129 158032
129 158033
129 158051
129 158052
129 158064
129 158067
129 158068
129 158076
129 158078
129 158091
129 158092
129 158094
129 158095
129 158100
129 158106
129 158113
129 158115
129 158118
129 158120
129 158121
129 158124
129 158129
129 158130
129 158132
129 158136
129 158139
129 158150
129 158155
129 158165
129 158166
129 158169
129 158175
129 158177
129 158178
129 158192
129 158193
129 158197
129 158198
129 158200
129 158202
129 158213
129 158216
129 158218
129 158221
129 158228
129 158231
129 158233
129 158234
129 158242
129 158246
129 158247
129 158249
129 158251
129 158254
129 158256
129 158266
129 158276
129 158279
129 158284
129 158301
129 158303
129 158308
129 158312
129 158315
129 158317
129 158332
129 158335
129 158341
129 158347
129 158362
129 158368
129 158376
129 158378
129 158389
129 158394
129 158404
129 158407
129 158409
129 158420
129 158421
129 158429
129 158433
129 158440
129 158442
129 158453
129 158463
129 158464
129 158467
129 158468
129 158473
129 158474
129 158476
129 158482
129 158488
129 158492
129 158497
129 158505
129 158508
129 158515
129 158526
129 158527
129 158529
129 158538
129 158549
129 158552
129 158556
129 158557
129 158559
129 158561
129 158566
129 158573
129 158579
129 158581
129 158582
129 158585
129 158586
129 158612
129 158615
129 158616
129 158619
129 158625
129 158630
129 158634
129 158636
129 158637
129 158638
129 158641
129 158642
129 158647
129 158650
129 158654
129 158661
129 158673
129 158693
129 158696
129 158701
129 158703
129 158704
129 158706
129 158707
129 158710
129 158712
129 158728
129 158741
129 158744
129 158756
129 158765
129 158776
129 158783
129 158784
129 158793
129 158799
129 158804
129 158806
129 158823
129 158825
129 158827
129 158828
129 158831
129 158834
129 158836
129 158837
129 158840
129 158841
129 158843
129 158846
129 158849
129 158855
129 158856
129 158861
129 158863
129 158867
129 158868
129 158874
129 158880
129 158881
129 158888
129 158890
129 158893
129 158894
129 158895
129 158901
129 158903
129 158913
129 158920
129 158921
129 158922
129 158927
129 158936
129 158939
129 158943
129 158944
129 158945
129 158947
129 158960
129 158961
129 158968
129 158971
129 158972
129 158977
129 158990
129 158991
129 158997
129 159002
129 159004
129 159005
129 159010
129 159015
129 159016
129 159019
129 159020
129 159023
129 159026
129 159032
129 159034
129 159037
129 159038
129 159041
129 159046
129 159048
129 159049
129 159058
129 159062
129 159067
129 159070
129 159081
129 159087
129 159088
129 159091
129 159094
129 159095
129 159101
129 159102
129 159104
129 159109
129 159114
129 159118
129 159123
129 159135
129 159137
129 159138
129 159146
129 159148
129 159157
129 159170
129 159171
129 159176
129 159183
129 159184
129 159188
129 159196
129 159197
129 159198
129 159199
129 159201
129 159207
129 159208
129 159209
129 159220
129 159224
129 159230
129 159236
129 159237
129 159241
129 159244
129 159250
129 159263
129 159272
129 159275
129 159278
129 159279
129 159297
129 159307
129 159310
129 159311
129 159315
129 159316
129 159319
129 159320
129 159327
129 159328
129 159334
129 159337
129 159350
129 159354
129 159356
129 159365
129 159372
129 159381
129 159398
129 159405
129 159406
129 159407
129 159414
129 159417
129 159419
129 159427
129 159432
129 159435
129 159438
129 159440
129 159452
129 159460
129 159463
129 159464
129 159465
129 159475
129 159492
129 159498
129 159502
129 159507
129 159508
129 159513
129 159514
129 159516
129 159525
129 159528
129 159532
129 159533
129 159538
129 159542
129 159547
129 159548
129 159549
129 159558
129 159576
129 159588
129 159590
129 159594
129 159597
129 159602
129 159603
129 159606
129 159612
129 159614
129 159615
129 159620
129 159625
129 159627
129 159634
129 159637
129 159641
129 159643
129 159650
129 159654
129 159657
129 159664
129 159667
129 159671
129 159675
129 159684
129 159685
129 159693
129 159699
129 159708
129 159711
129 159715
129 159716
129 159726
129 159731
129 159732
129 159733
129 159738
129 159746
129 159747
129 159752
129 159756
129 159758
129 159765
129 159783
129 159795
129 159799
129 159801
129 159803
129 159815
129 159817
129 159826
129 159829
129 159834
129 159838
129 159846
129 159849
129 159857
129 159862
129 159864
129 159871
129 159873
129 159875
129 159876
129 159884
129 159886
129 159890
129 159893
129 159901
129 159905
129 159915
129 159918
129 159922
129 159935
129 159944
129 159948
129 159951
129 159954
129 159962
129 159964
129 159967
129 159969
129 159974
129 159975
129 159984
129 159985
129 159988
129 159995
129 159997
129 159999
129 160016
129 160022
129 160034
129 160040
129 160043
129 160046
129 160048
129 160057
129 160061
129 160062
129 160066
129 160071
129 160072
129 160074
129 160075
129 160081
129 160094
129 160096
129 160100
129 160108
129 160111
129 160117
129 160122
129 160133
129 160136
129 160141
129 160146
129 160154
129 160155
129 160156
129 160163
129 160164
129 160166
129 160169
129 160175
129 160176
129 160177
129 160178
129 160182
129 160183
129 160185
129 160188
129 160191
129 160194
129 160195
129 160203
129 160206
129 160207
129 160209
129 160213
129 160215
129 160217
129 160218
129 160224
129 160225
129 160227
129 160228
129 160229
129 160232
129 160240
129 160241
129 160243
129 160244
129 160253
129 160257
129 160259
129 160263
129 160264
129 160270
129 160272
129 160276
129 160287
129 160297
129 160307
129 160309
129 160310
129 160324
129 160329
129 160333
129 160335
129 160339
129 160340
129 160341
129 160345
129 160364
129 160366
129 160368
129 160371
129 160379
129 160380
129 160385
129 160387
129 160391
129 160400
129 160403
129 160415
129 160416
129 160430
129 160436
129 160445
129 160447
129 160457
129 160462
129 160463
129 160466
129 160472
129 160475
129 160479
129 160486
129 160488
129 160490
129 160495
129 160500
129 160501
129 160504
129 160516
129 160519
129 160525
129 160530
129 160531
129 160536
129 160539
129 160546
129 160547
129 160549
129 160554
129 160555
129 160563
129 160566
129 160570
129 160571
129 160578
129 160580
129 160582
129 160584
129 160599
129 160609
129 160611
129 160612
129 160616
129 160623
129 160627
129 160628
129 160629
129 160630
129 160634
129 160636
129 160637
129 160646
129 160656
129 160661
129 160663
129 160667
129 160670
129 160676
129 160681
129 160684
129 160685
129 160690
129 160692
129 160693
129 160697
129 160700
129 160703
129 160706
129 160708
129 160713
129 160717
129 160719
129 160729
129 160730
129 160731
129 160736
129 160741
129 160742
129 160743
129 160745
129 160748
129 160749
129 160750
129 160751
129 160753
129 160755
129 160760
129 160773
129 160774
129 160778
129 160783
129 160788
129 160792
129 160797
129 160799
129 160803
129 160804
129 160808
129 160810
129 160811
129 160813
129 160818
129 160819
129 160820
129 160821
129 160825
129 160830
129 160844
129 160845
129 160847
129 160848
129 160849
129 160851
129 160859
129 160863
129 160874
129 160877
129 160879
129 160880
129 160887
129 160890
129 160903
129 160904
129 160907
129 160913
129 160915
129 160917
129 160918
129 160921
129 160924
129 160930
129 160932
129 160937
129 160941
129 160942
129 160954
129 160964
129 160965
129 160974
129 160980
129 160987
129 160992
129 160998
129 161000
129 161003
129 161006
129 161009
129 161011
129 161018
129 161020
129 161024
129 161027
129 161029
129 161030
129 161031
129 161032
129 161034
129 161037
129 161039
129 161042
129 161047
129 161049
129 161052
129 161055
129 161067
129 161084
129 161087
129 161091
129 161094
129 161096
129 161098
129 161100
129 161103
129 161111
129 161116
129 161120
129 161135
129 161136
129 161137
129 161142
129 161151
129 161158
129 161161
129 161162
129 161173
129 161178
129 161181
129 161185
129 161186
129 161187
129 161192
129 161201
129 161208
129 161210
129 161216
129 161231
129 161232
129 161237
129 161243
129 161246
129 161249
129 161262
129 161263
129 161264
129 161268
129 161273
129 161294
129 161299
129 161301
129 161304
129 161306
129 161318
129 161334
129 161339
129 161344
129 161351
129 161369
129 161370
129 161376
129 161387
129 161396
129 161397
129 161403
129 161405
129 161407
129 161408
129 161412
129 161414
129 161415
129 161420
129 161423
129 161424
129 161425
129 161426
129 161430
129 161434
129 161439
129 161444
129 161445
129 161449
129 161453
129 161456
129 161457
129 161460
129 161465
129 161469
129 161474
129 161481
129 161494
129 161500
129 161502
129 161504
129 161507
129 161511
129 161513
129 161517
129 161518
129 161520
129 161523
129 161525
129 161539
129 161543
129 161547
129 161551
129 161552
129 161557
129 161559
129 161563
129 161566
129 161570
129 161571
129 161573
129 161576
129 161578
129 161583
129 161595
129 161597
129 161613
129 161615
129 161622
129 161628
129 161629
129 161630
129 161637
129 161641
129 161646
129 161654
129 161665
129 161670
129 161672
129 161675
129 161678
129 161679
129 161687
129 161690
129 161692
129 161694
129 161696
129 161700
129 161701
129 161703
129 161713
129 161717
129 161725
129 161726
129 161732
129 161737
129 161740
129 161744
129 161745
129 161747
129 161751
129 161756
129 161757
129 161761
129 161762
129 161775
129 161779
129 161787
129 161790
129 161791
129 161799
129 161806
129 161811
129 161814
129 161831
129 161834
129 161842
129 161851
129 161853
129 161854
129 161867
129 161868
129 161871
129 161878
129 161881
129 161884
129 161889
129 161895
129 161905
129 161908
129 161911
129 161917
129 161919
129 161929
129 161931
129 161938
129 161944
129 161946
129 161947
129 161950
129 161953
129 161954
129 161956
129 161958
129 161963
129 161965
129 161967
129 161969
129 161979
129 161987
129 161988
129 161997
129 162000
129 162001
129 162003
129 162004
129 162005
129 162009
129 162012
129 162017
129 162025
129 162035
129 162036
129 162043
129 162047
129 162051
129 162053
129 162055
129 162058
129 162065
129 162067
129 162087
129 162092
129 162094
129 162102
129 162114
129 162116
129 162118
129 162119
129 162120
129 162122
129 162123
129 162134
129 162135
129 162136
129 162143
129 162144
129 162148
129 162150
129 162173
129 162185
129 162189
129 162193
129 162195
129 162198
129 162199
129 162200
129 162201
129 162205
129 162206
129 162208
129 162210
129 162213
129 162223
129 162234
129 162243
129 162245
129 162248
129 162249
129 162256
129 162257
129 162258
129 162259
129 162262
129 162269
129 162270
129 162275
129 162276
129 162284
129 162285
129 162292
129 162296
129 162297
129 162299
129 162301
129 162307
129 162308
129 162309
129 162320
129 162328
129 162333
129 162339
129 162353
129 162354
129 162372
129 162376
129 162392
129 162399
129 162408
129 162413
129 162418
129 162429
129 162432
129 162434
129 162439
129 162440
129 162442
129 162443
129 162444
129 162446
129 162456
129 162462
129 162464
129 162465
129 162470
129 162474
129 162475
129 162476
129 162485
129 162489
129 162492
129 162494
129 162496
129 162502
129 162503
129 162504
129 162506
129 162509
129 162511
129 162519
129 162520
129 162525
129 162526
129 162530
129 162535
129 162536
129 162539
129 162542
129 162543
129 162550
129 162558
129 162562
129 162566
129 162575
129 162579
129 162584
129 162598
129 162600
129 162602
129 162605
129 162613
129 162623
129 162625
129 162630
129 162631
129 162642
129 162644
129 162650
129 162659
129 162667
129 162669
129 162676
129 162682
129 162685
129 162688
129 162691
129 162696
129 162701
129 162702
129 162706
129 162726
129 162728
129 162729
129 162731
129 162738
129 162741
129 162742
129 162747
129 162753
129 162755
129 162757
129 162761
129 162763
129 162773
129 162784
129 162786
129 162794
129 162816
129 162820
129 162830
129 162834
129 162835
129 162838
129 162839
129 162841
129 162844
129 162855
129 162857
129 162858
129 162863
129 162866
129 162874
129 162878
129 162883
129 162890
129 162895
129 162897
129 162902
129 162916
129 162918
129 162921
129 162926
129 162928
129 162933
129 162935
129 162939
129 162944
129 162950
129 162954
129 162955
129 162958
129 162959
129 162961
129 162967
129 162968
129 162972
129 162982
129 162987
129 162990
129 162991
129 162995
129 162997
129 162999
129 163000
129 163005
129 163010
129 163012
129 163014
129 163015
129 163017
129 163024
129 163025
129 163028
129 163046
129 163052
129 163053
129 163059
129 163065
129 163070
129 163072
129 163073
129 163077
129 163078
129 163098
129 163100
129 163106
129 163109
129 163111
129 163116
129 163122
129 163123
129 163127
129 163129
129 163132
129 163136
129 163140
129 163143
129 163148
129 163149
129 163151
129 163155
129 163157
129 163161
129 163162
129 163167
129 163171
129 163180
129 163181
129 163184
129 163185
129 163186
129 163187
129 163191
129 163198
129 163203
129 163204
129 163208
129 163217
129 163219
129 163226
129 163235
129 163236
129 163239
129 163240
129 163250
129 163252
129 163257
129 163261
129 163264
129 163267
129 163269
129 163270
129 163280
129 163282
129 163285
129 163286
129 163294
129 163302
129 163306
129 163309
129 163316
129 163329
129 163330
129 163334
129 163336
129 163339
129 163345
129 163346
129 163347
129 163350
129 163358
129 163370
129 163375
129 163376
129 163378
129 163392
129 163394
129 163395
129 163396
129 163397
129 163403
129 163414
129 163420
129 163426
129 163431
129 163433
129 163436
129 163438
129 163439
129 163445
129 163449
129 163470
129 163478
129 163486
129 163492
129 163495
129 163497
129 163506
129 163507
129 163508
129 163524
129 163530
129 163531
129 163536
129 163537
129 163541
129 163545
129 163548
129 163550
129 163555
129 163557
129 163564
129 163566
129 163571
129 163572
129 163591
129 163594
129 163596
129 163597
129 163601
129 163604
129 163607
129 163609
129 163616
129 163618
129 163619
129 163622
129 163629
129 163630
129 163640
129 163642
129 163644
129 163646
129 163651
129 163653
129 163657
129 163661
129 163666
129 163667
129 163673
129 163675
129 163676
129 163678
129 163679
129 163681
129 163684
129 163687
129 163692
129 163694
129 163701
129 163709
129 163716
129 163727
129 163730
129 163731
129 163732
129 163739
129 163748
129 163759
129 163764
129 163769
129 163773
129 163774
129 163779
129 163781
129 163789
129 163797
129 163802
129 163805
129 163813
129 163814
129 163815
129 163824
129 163827
129 163832
129 163834
129 163835
129 163836
129 163844
129 163848
129 163858
129 163861
129 163869
129 163870
129 163875
129 163887
129 163889
129 163902
129 163912
129 163914
129 163915
129 163916
129 163917
129 163918
129 163925
129 163926
129 163929
129 163939
129 163946
129 163949
129 163958
129 163974
129 163978
129 163981
129 163987
129 163999
129 164004
129 164005
129 164006
129 164015
129 164024
129 164025
129 164036
129 164060
129 164067
129 164072
129 164074
129 164080
129 164081
129 164082
129 164087
129 164095
129 164104
129 164105
129 164106
129 164109
129 164116
129 164118
129 164128
129 164134
129 164137
129 164138
129 164139
129 164141
129 164143
129 164144
129 164153
129 164164
129 164165
129 164166
129 164167
129 164175
129 164178
129 164185
129 164201
129 164202
129 164217
129 164223
129 164242
129 164244
129 164247
129 164249
129 164258
129 164275
129 164278
129 164279
129 164281
129 164284
129 164289
129 164298
129 164301
129 164307
129 164308
129 164313
129 164315
129 164319
129 164329
129 164331
129 164333
129 164341
129 164343
129 164345
129 164346
129 164348
129 164353
129 164356
129 164357
129 164363
129 164376
129 164381
129 164382
129 164388
129 164394
129 164396
129 164399
129 164402
129 164403
129 164408
129 164412
129 164413
129 164415
129 164419
129 164426
129 164429
129 164434
129 164438
129 164443
129 164455
129 164469
129 164475
129 164478
129 164479
129 164483
129 164488
129 164489
129 164498
129 164500
129 164503
129 164509
129 164510
129 164511
129 164515
129 164518
129 164523
129 164524
129 164525
129 164530
129 164531
129 164545
129 164566
129 164567
129 164576
129 164577
129 164592
129 164599
129 164600
129 164601
129 164606
129 164613
129 164615
129 164616
129 164617
129 164622
129 164625
129 164631
129 164632
129 164635
129 164638
129 164639
129 164640
129 164645
129 164662
129 164679
129 164680
129 164683
129 164687
129 164692
129 164696
129 164703
129 164705
129 164707
129 164710
129 164712
129 164716
129 164717
129 164721
129 164724
129 164725
129 164739
129 164740
129 164753
129 164755
129 164761
129 164765
129 164771
129 164772
129 164776
129 164778
129 164782
129 164784
129 164788
129 164789
129 164791
129 164793
129 164799
129 164800
129 164806
129 164809
129 164813
129 164815
129 164824
129 164828
129 164833
129 164834
129 164835
129 164838
129 164846
129 164848
129 164850
129 164859
129 164865
129 164868
129 164871
129 164872
129 164875
129 164879
129 164881
129 164882
129 164885
129 164892
129 164899
129 164910
129 164913
129 164915
129 164917
129 164924
129 164926
129 164927
129 164930
129 164934
129 164936
129 164945
129 164956
129 164965
129 164968
129 164970
129 164973
129 164980
129 164981
129 164987
129 164990
129 164997
129 165013
129 165017
129 165022
129 165026
129 165027
129 165033
129 165036
129 165039
129 165055
129 165058
129 165059
129 165060
129 165064
129 165067
129 165073
129 165075
129 165081
129 165085
129 165090
129 165092
129 165098
129 165103
129 165108
129 165113
129 165121
129 165124
129 165128
129 165132
129 165137
129 165143
129 165148
129 165150
129 165155
129 165157
129 165161
129 165162
129 165164
129 165168
129 165171
129 165175
129 165180
129 165181
129 165182
129 165184
129 165198
129 165206
129 165211
129 165214
129 165216
129 165219
129 165221
129 165223
129 165224
129 165226
129 165229
129 165237
129 165241
129 165242
129 165243
129 165251
129 165253
129 165260
129 165263
129 165264
129 165269
129 165270
129 165271
129 165274
129 165276
129 165280
129 165281
129 165307
129 165309
129 165315
129 165320
129 165323
129 165327
129 165330
129 165333
129 165334
129 165339
129 165340
129 165345
129 165348
129 165352
129 165353
129 165354
129 165356
129 165358
129 165360
129 165363
129 165366
129 165368
129 165379
129 165387
129 165391
129 165399
129 165400
129 165405
129 165407
129 165408
129 165410
129 165411
129 165414
129 165431
129 165432
129 165438
129 165441
129 165442
129 165445
129 165457
129 165462
129 165471
129 165472
129 165478
129 165479
129 165486
129 165491
129 165494
129 165509
129 165520
129 165522
129 165527
129 165529
129 165530
129 165531
129 165533
129 165535
129 165538
129 165540
129 165547
129 165550
129 165551
129 165555
129 165561
129 165562
129 165570
129 165571
129 165575
129 165584
129 165600
129 165606
129 165607
129 165608
129 165614
129 165615
129 165623
129 165625
129 165651
129 165656
129 165657
129 165659
129 165665
129 165669
129 165671
129 165677
129 165678
129 165681
129 165687
129 165692
129 165694
129 165695
129 165698
129 165704
129 165714
129 165716
129 165717
129 165726
129 165727
129 165732
129 165734
129 165737
129 165739
129 165744
129 165745
129 165747
129 165753
129 165762
129 165764
129 165767
129 165769
129 165774
129 165778
129 165782
129 165783
129 165784
129 165785
129 165795
129 165800
129 165802
129 165807
129 165810
129 165812
129 165814
129 165819
129 165821
129 165827
129 165829
129 165831
129 165841
129 165842
129 165844
129 165848
129 165849
129 165852
129 165855
129 165870
129 165876
129 165881
129 165885
129 165886
129 165887
129 165889
129 165891
129 165894
129 165900
129 165902
129 165926
129 165931
129 165933
129 165935
129 165937
129 165943
129 165944
129 165957
129 165961
129 165965
129 165966
129 165968
129 165972
129 165979
129 165988
129 165994
129 166001
129 166004
129 166009
129 166017
129 166025
129 166026
129 166038
129 166044
129 166045
129 166047
129 166050
129 166053
129 166056
129 166060
129 166066
129 166067
129 166070
129 166072
129 166078
129 166087
129 166091
129 166097
129 166100
129 166101
129 166102
129 166105
129 166106
129 166107
129 166108
129 166112
129 166121
129 166123
129 166125
129 166132
129 166136
129 166140
129 166141
129 166144
129 166154
129 166157
129 166165
129 166171
129 166181
129 166189
129 166192
129 166193
129 166196
129 166198
129 166202
129 166211
129 166221
129 166225
129 166226
129 166229
129 166233
129 166235
129 166245
129 166246
129 166249
129 166253
129 166255
129 166256
129 166261
129 166273
129 166274
129 166275
129 166276
129 166280
129 166283
129 166286
129 166288
129 166292
129 166295
129 166297
129 166303
129 166305
129 166310
129 166313
129 166332
129 166334
129 166340
129 166341
129 166344
129 166349
129 166361
129 166364
129 166369
129 166371
129 166374
129 166376
129 166394
129 166395
129 166397
129 166398
129 166402
129 166405
129 166406
129 166409
129 166417
129 166421
129 166423
129 166424
129 166426
129 166427
129 166433
129 166439
129 166440
129 166441
129 166442
129 166452
129 166453
129 166457
129 166463
129 166470
129 166476
129 166477
129 166490
129 166494
129 166497
129 166502
129 166507
129 166510
129 166518
129 166523
129 166527
129 166531
129 166542
129 166559
129 166564
129 166573
129 166579
129 166583
129 166585
129 166588
129 166592
129 166594
129 166602
129 166605
129 166616
129 166619
129 166625
129 166627
129 166628
129 166629
129 166641
129 166645
129 166651
129 166654
129 166661
129 166662
129 166663
129 166670
129 166677
129 166681
129 166682
129 166683
129 166686
129 166689
129 166690
129 166695
129 166696
129 166697
129 166701
129 166705
129 166708
129 166709
129 166711
129 166713
129 166715
129 166719
129 166726
129 166734
129 166736
129 166737
129 166756
129 166757
129 166764
129 166778
129 166781
129 166787
129 166789
129 166793
129 166802
129 166805
129 166807
129 166808
129 166816
129 166817
129 166819
129 166822
129 166824
129 166834
129 166835
129 166841
129 166846
129 166847
129 166848
129 166849
129 166856
129 166863
129 166867
129 166868
129 166870
129 166874
129 166876
129 166877
129 166880
129 166881
129 166887
129 166888
129 166889
129 166892
129 166897
129 166907
129 166914
129 166923
129 166925
129 166928
129 166932
129 166940
129 166941
129 166942
129 166943
129 166944
129 166946
129 166953
129 166957
129 166959
129 166962
129 166965
129 166969
129 166970
129 166973
129 166977
129 166978
129 166982
129 166985
129 166987
129 166988
129 166991
129 166996
129 166997
129 167007
129 167010
129 167011
129 167012
129 167013
129 167015
129 167024
129 167025
129 167034
129 167047
129 167058
129 167060
129 167062
129 167067
129 167078
129 167082
129 167085
129 167087
129 167088
129 167089
129 167093
129 167098
129 167106
129 167111
129 167112
129 167114
129 167115
129 167119
129 167121
129 167128
129 167130
129 167131
129 167132
129 167136
129 167139
129 167143
129 167156
129 167158
129 167162
129 167165
129 167174
129 167179
129 167182
129 167183
129 167184
129 167188
129 167192
129 167194
129 167201
129 167212
129 167216
129 167218
129 167233
129 167236
129 167258
129 167259
129 167260
129 167265
129 167266
129 167270
129 167279
129 167280
129 167286
129 167292
129 167294
129 167305
129 167308
129 167309
129 167310
129 167313
129 167315
129 167318
129 167326
129 167332
129 167337
129 167351
129 167354
129 167356
129 167360
129 167363
129 167368
129 167371
129 167379
129 167384
129 167397
129 167415
129 167418
129 167419
129 167421
129 167426
129 167429
129 167451
129 167452
129 167453
129 167463
129 167468
129 167469
129 167470
129 167473
129 167474
129 167484
129 167487
129 167493
129 167494
129 167498
129 167503
129 167504
129 167511
129 167513
129 167516
129 167521
129 167524
129 167536
129 167546
129 167555
129 167558
129 167559
129 167565
129 167566
129 167569
129 167570
129 167572
129 167581
129 167594
129 167595
129 167597
129 167599
129 167609
129 167616
129 167622
129 167624
129 167631
129 167633
129 167638
129 167639
129 167641
129 167653
129 167661
129 167662
129 167665
129 167667
129 167669
129 167684
129 167695
129 167697
129 167699
129 167702
129 167704
129 167706
129 167709
129 167710
129 167714
129 167725
129 167734
129 167738
129 167743
129 167744
129 167748
129 167753
129 167754
129 167755
129 167756
129 167758
129 167767
129 167768
129 167770
129 167771
129 167772
129 167777
129 167789
129 167807
129 167811
129 167817
129 167818
129 167824
129 167827
129 167851
129 167854
129 167859
129 167862
129 167864
129 167872
129 167873
129 167876
129 167877
129 167879
129 167880
129 167882
129 167886
129 167887
129 167890
129 167895
129 167897
129 167906
129 167909
129 167913
129 167918
129 167922
129 167924
129 167944
129 167951
129 167955
129 167960
129 167964
129 167970
129 167972
129 167982
129 167983
129 167986
129 167988
129 167992
129 167993
129 167995
129 167999
129 168009
129 168018
129 168020
129 168023
129 168024
129 168025
129 168026
129 168027
129 168028
129 168032
129 168042
129 168043
129 168048
129 168060
129 168064
129 168065
129 168066
129 168068
129 168075
129 168080
129 168084
129 168086
129 168094
129 168096
129 168099
129 168111
129 168116
129 168122
129 168123
129 168124
129 168125
129 168126
129 168129
129 168133
129 168141
129 168142
129 168144
129 168145
129 168161
129 168162
129 168163
129 168171
129 168176
129 168182
129 168183
129 168189
129 168196
129 168201
129 168204
129 168205
129 168206
129 168208
129 168209
129 168213
129 168222
129 168230
129 168238
129 168239
129 168246
129 168250
129 168255
129 168259
129 168262
129 168265
129 168266
129 168286
129 168289
129 168291
129 168295
129 168297
129 168301
129 168303
129 168316
129 168318
129 168328
129 168334
129 168341
129 168346
129 168351
129 168359
129 168360
129 168367
129 168373
129 168374
129 168377
129 168382
129 168384
129 168387
129 168391
129 168393
129 168404
129 168405
129 168408
129 168411
129 168412
129 168417
129 168418
129 168420
129 168428
129 168429
129 168431
129 168440
129 168446
129 168447
129 168453
129 168454
129 168456
129 168461
129 168468
129 168477
129 168478
129 168484
129 168487
129 168488
129 168491
129 168497
129 168498
129 168505
129 168507
129 168512
129 168513
129 168516
129 168518
129 168520
129 168528
129 168530
129 168534
129 168539
129 168545
129 168550
129 168553
129 168554
129 168559
129 168566
129 168572
129 168578
129 168585
129 168597
129 168598
129 168599
129 168603
129 168610
129 168612
129 168613
129 168617
129 168619
129 168622
129 168623
129 168628
129 168631
129 168636
129 168641
129 168644
129 168646
129 168649
129 168653
129 168654
129 168657
129 168664
129 168670
129 168679
129 168682
129 168683
129 168696
129 168700
129 168701
129 168711
129 168712
129 168719
129 168739
129 168745
129 168762
129 168763
129 168768
129 168772
129 168788
129 168790
129 168791
129 168797
129 168798
129 168799
129 168802
129 168808
129 168810
129 168815
129 168822
129 168824
129 168826
129 168829
129 168830
129 168834
129 168836
129 168852
129 168856
129 168879
129 168881
129 168889
129 168899
129 168901
129 168903
129 168908
129 168915
129 168919
129 168922
129 168923
129 168925
129 168930
129 168933
129 168934
129 168936
129 168938
129 168939
129 168940
129 168946
129 168947
129 168952
129 168953
129 168957
129 168961
129 168970
129 168972
129 168979
129 168988
129 168993
129 168999
129 169004
129 169006
129 169019
129 169020
129 169042
129 169045
129 169047
129 169052
129 169053
129 169059
129 169060
129 169062
129 169063
129 169068
129 169072
129 169077
129 169078
129 169080
129 169088
129 169102
129 169110
129 169111
129 169118
129 169122
129 169123
129 169130
129 169131
129 169132
129 169134
129 169142
129 169157
129 169159
129 169162
129 169168
129 169170
129 169179
129 169182
129 169184
129 169189
129 169196
129 169198
129 169199
129 169203
129 169204
129 169207
129 169215
129 169216
129 169219
129 169225
129 169230
129 169231
129 169239
129 169241
129 169247
129 169248
129 169253
129 169255
129 169283
129 169288
129 169294
129 169300
129 169302
129 169306
129 169317
129 169325
129 169333
129 169343
129 169348
129 169354
129 169359
129 169361
129 169364
129 169376
129 169377
129 169380
129 169386
129 169402
129 169413
129 169419
129 169421
129 169427
129 169429
129 169435
129 169440
129 169441
129 169442
129 169455
129 169458
129 169460
129 169464
129 169466
129 169470
129 169481
129 169482
129 169485
129 169486
129 169502
129 169505
129 169510
129 169514
129 169520
129 169527
129 169536
129 169546
129 169547
129 169548
129 169552
129 169557
129 169561
129 169564
129 169566
129 169567
129 169568
129 169572
129 169573
129 169576
129 169585
129 169588
129 169594
129 169599
129 169602
129 169608
129 169612
129 169613
129 169621
129 169624
129 169633
129 169635
129 169636
129 169641
129 169645
129 169653
129 169654
129 169655
129 169657
129 169668
129 169669
129 169684
129 169689
129 169694
129 169702
129 169708
129 169713
129 169718
129 169719
129 169722
129 169725
129 169727
129 169730
129 169733
129 169741
129 169742
129 169747
129 169754
129 169757
129 169770
129 169775
129 169776
129 169787
129 169790
129 169802
129 169814
129 169815
129 169817
129 169835
129 169838
129 169842
129 169845
129 169847
129 169853
129 169854
129 169880
129 169883
129 169885
129 169889
129 169892
129 169900
129 169901
129 169902
129 169903
129 169909
129 169913
129 169915
129 169921
129 169925
129 169927
129 169934
129 169935
129 169937
129 169945
129 169950
129 169952
129 169965
129 169967
129 169971
129 169978
129 169984
129 169985
129 169990
129 169994
129 169995
129 170000
129 170012
129 170015
129 170020
129 170021
129 170026
129 170034
129 170037
129 170043
129 170044
129 170046
129 170047
129 170048
129 170054
129 170060
129 170065
129 170066
129 170067
129 170069
129 170077
129 170079
129 170083
129 170085
129 170089
129 170100
129 170110
129 170115
129 170117
129 170125
129 170128
129 170131
129 170134
129 170137
129 170142
129 170146
129 170149
129 170152
129 170155
129 170160
129 170165
129 170167
129 170173
129 170175
129 170178
129 170184
129 170189
129 170196
129 170198
129 170214
129 170218
129 170223
129 170232
129 170237
129 170249
129 170255
129 170259
129 170260
129 170264
129 170268
129 170276
129 170280
129 170281
129 170282
129 170284
129 170288
129 170289
129 170298
129 170299
129 170300
129 170305
129 170310
129 170313
129 170320
129 170322
129 170325
129 170338
129 170339
129 170340
129 170351
129 170355
129 170363
129 170364
129 170366
129 170369
129 170372
129 170375
129 170381
129 170387
129 170390
129 170391
129 170393
129 170394
129 170395
129 170396
129 170398
129 170411
129 170415
129 170416
129 170422
129 170428
129 170440
129 170442
129 170443
129 170447
129 170449
129 170459
129 170461
129 170463
129 170473
129 170494
129 170495
129 170499
129 170503
129 170507
129 170508
129 170509
129 170513
129 170521
129 170532
129 170535
129 170537
129 170547
129 170551
129 170552
129 170557
129 170562
129 170568
129 170577
129 170581
129 170586
129 170589
129 170591
129 170594
129 170600
129 170615
129 170624
129 170625
129 170628
129 170629
129 170631
129 170635
129 170636
129 170637
129 170639
129 170646
129 170649
129 170654
129 170656
129 170657
129 170659
129 170665
129 170673
129 170677
129 170688
129 170691
129 170693
129 170699
129 170703
129 170711
129 170713
129 170718
129 170721
129 170730
129 170731
129 170739
129 170743
129 170744
129 170759
129 170761
129 170762
129 170763
129 170764
129 170766
129 170767
129 170771
129 170773
129 170776
129 170785
129 170789
129 170792
129 170794
129 170796
129 170798
129 170805
129 170809
129 170811
129 170813
129 170819
129 170829
129 170832
129 170836
129 170843
129 170848
129 170855
129 170865
129 170866
129 170868
129 170873
129 170876
129 170880
129 170882
129 170894
129 170900
129 170910
129 170911
129 170920
129 170932
129 170938
129 170939
129 170941
129 170947
129 170948
129 170953
129 170954
129 170962
129 170966
129 170972
129 170976
129 170996
129 171003
129 171014
129 171015
129 171017
129 171018
129 171019
129 171021
129 171022
129 171023
129 171028
129 171036
129 171041
129 171043
129 171044
129 171048
129 171049
129 171052
129 171054
129 171068
129 171077
129 171078
129 171083
129 171088
129 171091
129 171107
129 171111
129 171112
129 171117
129 171129
129 171131
129 171137
129 171139
129 171140
129 171144
129 171152
129 171162
129 171163
129 171164
129 171173
129 171178
129 171181
129 171182
129 171190
129 171195
129 171198
129 171201
129 171208
129 171210
129 171215
129 171216
129 171220
129 171221
129 171223
129 171227
129 171228
129 171229
129 171233
129 171236
129 171237
129 171238
129 171240
129 171245
129 171262
129 171267
129 171269
129 171285
129 171286
129 171289
129 171292
129 171294
129 171299
129 171301
129 171303
129 171304
129 171309
129 171313
129 171316
129 171319
129 171329
129 171337
129 171340
129 171341
129 171347
129 171352
129 171361
129 171362
129 171366
129 171374
129 171375
129 171382
129 171383
129 171391
129 171395
129 171398
129 171408
129 171413
129 171417
129 171418
129 171422
129 171426
129 171427
129 171437
129 171445
129 171449
129 171450
129 171453
129 171465
129 171466
129 171483
129 171499
129 171510
129 171512
129 171517
129 171523
129 171529
129 171535
129 171536
129 171538
129 171540
129 171548
129 171562
129 171576
129 171582
129 171583
129 171595
129 171598
129 171609
129 171614
129 171615
129 171619
129 171620
129 171621
129 171631
129 171640
129 171641
129 171642
129 171651
129 171654
129 171657
129 171660
129 171669
129 171676
129 171683
129 171688
129 171690
129 171691
129 171695
129 171699
129 171707
129 171712
129 171713
129 171714
129 171718
129 171721
129 171722
129 171727
129 171732
129 171741
129 171750
129 171751
129 171753
129 171781
129 171794
129 171798
129 171810
129 171813
129 171816
129 171818
129 171824
129 171833
129 171837
129 171840
129 171842
129 171844
129 171845
129 171846
129 171849
129 171850
129 171851
129 171855
129 171874
129 171877
129 171879
129 171880
129 171881
129 171882
129 171885
129 171889
129 171897
129 171898
129 171901
129 171902
129 171903
129 171906
129 171909
129 171916
129 171918
129 171921
129 171927
129 171928
129 171929
129 171937
129 171944
129 171947
129 171958
129 171972
129 171973
129 171976
129 171984
129 171985
129 171991
129 171997
129 172004
129 172006
129 172007
129 172010
129 172020
129 172025
129 172026
129 172037
129 172038
129 172039
129 172047
129 172050
129 172057
129 172073
129 172077
129 172079
129 172084
129 172091
129 172094
129 172104
129 172109
129 172113
129 172118
129 172124
129 172127
129 172129
129 172130
129 172131
129 172137
129 172142
129 172147
129 172165
129 172176
129 172181
129 172192
129 172194
129 172199
129 172201
129 172210
129 172215
129 172216
129 172221
129 172222
129 172223
129 172235
129 172237
129 172239
129 172240
129 172248
129 172253
129 172256
129 172267
129 172274
129 172276
129 172281
129 172289
129 172293
129 172295
129 172299
129 172304
129 172309
129 172316
129 172324
129 172328
129 172329
129 172331
129 172338
129 172339
129 172346
129 172352
129 172356
129 172357
129 172359
129 172361
129 172368
129 172371
129 172372
129 172374
129 172390
129 172391
129 172392
129 172395
129 172400
129 172414
129 172415
129 172417
129 172418
129 172429
129 172432
129 172444
129 172450
129 172453
129 172455
129 172458
129 172470
129 172475
129 172476
129 172477
129 172482
129 172485
129 172486
129 172503
129 172518
129 172525
129 172526
129 172530
129 172531
129 172532
129 172535
129 172537
129 172539
129 172543
129 172545
129 172558
129 172562
129 172566
129 172567
129 172570
129 172573
129 172575
129 172579
129 172583
129 172593
129 172596
129 172604
129 172607
129 172608
129 172609
129 172619
129 172620
129 172621
129 172623
129 172624
129 172625
129 172629
129 172630
129 172632
129 172633
129 172638
129 172639
129 172641
129 172643
129 172647
129 172663
129 172669
129 172674
129 172677
129 172680
129 172681
129 172685
129 172686
129 172689
129 172694
129 172695
129 172699
129 172700
129 172707
129 172714
129 172715
129 172722
129 172724
129 172725
129 172729
129 172733
129 172737
129 172745
129 172747
129 172759
129 172763
129 172768
129 172769
129 172770
129 172771
129 172773
129 172776
129 172777
129 172793
129 172796
129 172800
129 172801
129 172806
129 172813
129 172815
129 172821
129 172824
129 172827
129 172829
129 172832
129 172833
129 172839
129 172847
129 172852
129 172856
129 172859
129 172862
129 172873
129 172876
129 172883
129 172887
129 172890
129 172892
129 172895
129 172897
129 172898
129 172914
129 172915
129 172925
129 172932
129 172938
129 172941
129 172942
129 172944
129 172945
129 172947
129 172952
129 172954
129 172961
129 172968
129 172973
129 172978
129 172986
129 172988
129 172998
129 173001
129 173003
129 173010
129 173018
129 173020
129 173023
129 173025
129 173033
129 173042
129 173043
129 173044
129 173048
129 173051
129 173054
129 173059
129 173062
129 173063
129 173066
129 173082
129 173086
129 173087
129 173091
129 173097
129 173099
129 173102
129 173105
129 173106
129 173125
129 173140
129 173143
129 173146
129 173147
129 173149
129 173150
129 173163
129 173167
129 173171
129 173175
129 173177
129 173188
129 173191
129 173212
129 173213
129 173215
129 173216
129 173223
129 173227
129 173228
129 173240
129 173247
129 173249
129 173250
129 173252
129 173256
129 173272
129 173277
129 173289
129 173290
129 173293
129 173304
129 173306
129 173314
129 173322
129 173328
129 173331
129 173335
129 173336
129 173344
129 173346
129 173352
129 173354
129 173357
129 173366
129 173367
129 173368
129 173370
129 173378
129 173381
129 173382
129 173394
129 173397
129 173400
129 173401
129 173424
129 173429
129 173430
129 173434
129 173440
129 173443
129 173445
129 173448
129 173450
129 173453
129 173456
129 173463
129 173474
129 173478
129 173483
129 173484
129 173487
129 173488
129 173498
129 173503
129 173504
129 173511
129 173515
129 173516
129 173518
129 173523
129 173535
129 173541
129 173543
129 173556
129 173559
129 173563
129 173568
129 173569
129 173579
129 173585
129 173591
129 173596
129 173597
129 173598
129 173600
129 173606
129 173617
129 173618
129 173620
129 173636
129 173651
129 173658
129 173674
129 173675
129 173676
129 173679
129 173687
129 173688
129 173689
129 173697
129 173704
129 173711
129 173712
129 173715
129 173719
129 173725
129 173729
129 173732
129 173739
129 173747
129 173752
129 173753
129 173755
129 173758
129 173760
129 173768
129 173774
129 173779
129 173782
129 173785
129 173789
129 173800
129 173804
129 173813
129 173814
129 173815
129 173818
129 173833
129 173834
129 173840
129 173847
129 173851
129 173852
129 173856
129 173860
129 173865
129 173871
129 173880
129 173883
129 173887
129 173892
129 173893
129 173900
129 173905
129 173912
129 173919
129 173932
129 173937
129 173938
129 173942
129 173944
129 173948
129 173952
129 173953
129 173954
129 173958
129 173959
129 173960
129 173964
129 173965
129 173967
129 173970
129 173973
129 173981
129 173984
129 173998
129 174006
129 174008
129 174009
129 174018
129 174019
129 174022
129 174041
129 174044
129 174050
129 174052
129 174056
129 174059
129 174063
129 174064
129 174065
129 174066
129 174072
129 174074
129 174078
129 174079
129 174085
129 174086
129 174088
129 174091
129 174092
129 174097
129 174101
129 174108
129 174111
129 174115
129 174119
129 174127
129 174128
129 174138
129 174140
129 174141
129 174142
129 174149
129 174150
129 174157
129 174162
129 174165
129 174175
129 174181
129 174188
129 174189
129 174193
129 174200
129 174202
129 174206
129 174207
129 174210
129 174217
129 174220
129 174221
129 174225
129 174226
129 174236
129 174240
129 174242
129 174249
129 174250
129 174255
129 174257
129 174260
129 174273
129 174278
129 174279
129 174292
129 174295
129 174302
129 174303
129 174310
129 174313
129 174314
129 174315
129 174317
129 174330
129 174339
129 174342
129 174343
129 174348
129 174350
129 174352
129 174354
129 174361
129 174363
129 174369
129 174373
129 174374
129 174375
129 174382
129 174388
129 174393
129 174396
129 174400
129 174402
129 174403
129 174406
129 174422
129 174425
129 174428
129 174434
129 174439
129 174444
129 174445
129 174447
129 174454
129 174455
129 174456
129 174464
129 174465
129 174470
129 174471
129 174474
129 174477
129 174478
129 174479
129 174482
129 174483
129 174486
129 174502
129 174505
129 174510
129 174513
129 174516
129 174526
129 174527
129 174538
129 174541
129 174542
129 174544
129 174551
129 174561
129 174563
129 174567
129 174569
129 174570
129 174575
129 174581
129 174584
129 174592
129 174596
129 174600
129 174601
129 174603
129 174606
129 174608
129 174613
129 174618
129 174622
129 174627
129 174628
129 174635
129 174637
129 174639
129 174645
129 174650
129 174652
129 174653
129 174657
129 174663
129 174664
129 174667
129 174673
129 174675
129 174676
129 174684
129 174688
129 174700
129 174704
129 174705
129 174708
129 174709
129 174710
129 174715
129 174719
129 174722
129 174728
129 174739
129 174741
129 174744
129 174749
129 174756
129 174766
129 174769
129 174771
129 174772
129 174774
129 174776
129 174781
129 174791
129 174793
129 174795
129 174824
129 174825
129 174829
129 174831
129 174841
129 174843
129 174845
129 174848
129 174851
129 174857
129 174859
129 174865
129 174870
129 174879
129 174888
129 174889
129 174901
129 174905
129 174907
129 174916
129 174922
129 174923
129 174925
129 174931
129 174935
129 174938
129 174944
129 174950
129 174955
129 174959
129 174960
129 174965
129 174971
129 174974
129 174975
129 174978
129 174990
129 174996
129 175001
129 175002
129 175003
129 175013
129 175015
129 175016
129 175023
129 175031
129 175035
129 175037
129 175042
129 175045
129 175047
129 175048
129 175049
129 175058
129 175060
129 175069
129 175071
129 175081
129 175083
129 175087
129 175093
129 175095
129 175099
129 175103
129 175116
129 175124
129 175129
129 175130
129 175131
129 175140
129 175141
129 175143
129 175144
129 175149
129 175158
129 175159
129 175171
129 175174
129 175176
129 175182
129 175186
129 175198
129 175202
129 175206
129 175207
129 175209
129 175212
129 175215
129 175216
129 175222
129 175227
129 175231
129 175233
129 175238
129 175245
129 175260
129 175263
129 175265
129 175269
129 175271
129 175273
129 175280
129 175285
129 175286
129 175289
129 175297
129 175304
129 175305
129 175307
129 175309
129 175310
129 175316
129 175321
129 175323
129 175325
129 175329
129 175333
129 175336
129 175337
129 175338
129 175340
129 175341
129 175342
129 175345
129 175347
129 175348
129 175349
129 175357
129 175359
129 175360
129 175365
129 175374
129 175377
129 175381
129 175391
129 175393
129 175396
129 175402
129 175404
129 175408
129 175410
129 175414
129 175422
129 175424
129 175425
129 175434
129 175435
129 175437
129 175438
129 175441
129 175444
129 175445
129 175449
129 175451
129 175453
129 175455
129 175456
129 175466
129 175468
129 175469
129 175475
129 175477
129 175479
129 175485
129 175488
129 175489
129 175494
129 175510
129 175513
129 175518
129 175521
129 175525
129 175530
129 175537
129 175539
129 175540
129 175542
129 175551
129 175555
129 175556
129 175565
129 175582
129 175586
129 175589
129 175604
129 175608
129 175609
129 175621
129 175628
129 175630
129 175636
129 175637
129 175638
129 175648
129 175653
129 175664
129 175665
129 175666
129 175675
129 175676
129 175677
129 175678
129 175682
129 175683
129 175685
129 175687
129 175694
129 175696
129 175700
129 175705
129 175711
129 175714
129 175719
129 175723
129 175725
129 175734
129 175738
129 175741
129 175750
129 175753
129 175756
129 175758
129 175759
129 175761
129 175769
129 175771
129 175774
129 175779
129 175782
129 175786
129 175794
129 175800
129 175801
129 175803
129 175806
129 175808
129 175809
129 175810
129 175811
129 175813
129 175814
129 175816
129 175820
129 175824
129 175826
129 175828
129 175831
129 175832
129 175833
129 175834
129 175836
129 175837
129 175861
129 175864
129 175881
129 175884
129 175887
129 175888
129 175897
129 175898
129 175905
129 175915
129 175920
129 175925
129 175931
129 175935
129 175936
129 175937
129 175938
129 175939
129 175940
129 175942
129 175956
129 175958
129 175963
129 175966
129 175970
129 175975
129 175976
129 175980
129 175981
129 175983
129 175985
129 175989
129 175991
129 175992
129 175996
129 175997
129 176000
129 176001
129 176006
129 176007
129 176011
129 176018
129 176020
129 176021
129 176024
129 176031
129 176033
129 176039
129 176043
129 176050
129 176052
129 176055
129 176056
129 176058
129 176062
129 176074
129 176085
129 176088
129 176089
129 176095
129 176099
129 176105
129 176108
129 176117
129 176119
129 176124
129 176134
129 176143
129 176145
129 176153
129 176158
129 176160
129 176165
129 176173
129 176177
129 176180
129 176181
129 176185
129 176186
129 176193
129 176196
129 176197
129 176204
129 176205
129 176207
129 176211
129 176213
129 176214
129 176220
129 176222
129 176225
129 176227
129 176235
129 176243
129 176246
129 176251
129 176254
129 176256
129 176258
129 176260
129 176269
129 176277
129 176281
129 176288
129 176302
129 176308
129 176310
129 176315
129 176322
129 176326
129 176348
129 176355
129 176359
129 176365
129 176366
129 176367
129 176369
129 176371
129 176372
129 176373
129 176375
129 176379
129 176384
129 176389
129 176391
129 176393
129 176399
129 176405
129 176408
129 176410
129 176416
129 176417
129 176426
129 176428
129 176430
129 176431
129 176435
129 176436
129 176437
129 176438
129 176439
129 176457
129 176462
129 176474
129 176478
129 176483
129 176487
129 176498
129 176515
129 176526
129 176540
129 176542
129 176543
129 176553
129 176556
129 176569
129 176578
129 176579
129 176582
129 176585
129 176587
129 176591
129 176602
129 176608
129 176612
129 176613
129 176614
129 176632
129 176636
129 176642
129 176649
129 176656
129 176665
129 176671
129 176675
129 176682
129 176686
129 176697
129 176701
129 176703
129 176704
129 176707
129 176709
129 176710
129 176712
129 176715
129 176716
129 176720
129 176723
129 176724
129 176725
129 176728
129 176730
129 176732
129 176733
129 176744
129 176745
129 176749
129 176751
129 176757
129 176765
129 176770
129 176772
129 176773
129 176775
129 176782
129 176789
129 176790
129 176798
129 176801
129 176802
129 176814
129 176817
129 176826
129 176837
129 176838
129 176839
129 176848
129 176849
129 176851
129 176855
129 176856
129 176859
129 176861
129 176862
129 176864
129 176869
129 176871
129 176874
129 176875
129 176878
129 176881
129 176887
129 176894
129 176896
129 176897
129 176898
129 176903
129 176904
129 176914
129 176917
129 176923
129 176924
129 176928
129 176936
129 176940
129 176942
129 176952
129 176957
129 176958
129 176959
129 176961
129 176967
129 176983
129 176985
129 176987
129 176989
129 176992
129 176995
129 177006
129 177010
129 177015
129 177019
129 177020
129 177024
129 177025
129 177036
129 177038
129 177045
129 177050
129 177051
129 177052
129 177054
129 177061
129 177063
129 177072
129 177079
129 177086
129 177098
129 177101
129 177107
129 177109
129 177116
129 177119
129 177123
129 177129
129 177130
129 177135
129 177136
129 177140
129 177148
129 177155
129 177162
129 177166
129 177169
129 177171
129 177181
129 177186
129 177190
129 177195
129 177196
129 177199
129 177200
129 177202
129 177206
129 177207
129 177208
129 177209
129 177216
129 177218
129 177223
129 177226
129 177243
129 177252
129 177254
129 177255
129 177259
129 177267
129 177272
129 177285
129 177289
129 177292
129 177297
129 177312
129 177318
129 177325
129 177330
129 177334
129 177338
129 177345
129 177346
129 177351
129 177357
129 177359
129 177361
129 177362
129 177364
129 177365
129 177367
129 177370
129 177373
129 177375
129 177380
129 177382
129 177383
129 177390
129 177394
129 177408
129 177422
129 177424
129 177429
129 177432
129 177450
129 177453
129 177460
129 177466
129 177473
129 177481
129 177484
129 177486
129 177489
129 177495
129 177498
129 177501
129 177503
129 177505
129 177510
129 177515
129 177516
129 177522
129 177525
129 177533
129 177539
129 177545
129 177549
129 177553
129 177555
129 177556
129 177557
129 177559
129 177564
129 177565
129 177572
129 177574
129 177582
129 177586
129 177587
129 177591
129 177592
129 177596
129 177603
129 177613
129 177617
129 177621
129 177629
129 177635
129 177639
129 177641
129 177643
129 177646
129 177649
129 177650
129 177660
129 177669
129 177671
129 177684
129 177685
129 177686
129 177687
129 177697
129 177704
129 177714
129 177717
129 177719
129 177720
129 177721
129 177725
129 177727
129 177739
129 177741
129 177742
129 177745
129 177746
129 177747
129 177757
129 177763
129 177766
129 177782
129 177787
129 177791
129 177807
129 177811
129 177812
129 177814
129 177815
129 177827
129 177828
129 177841
129 177842
129 177843
129 177846
129 177847
129 177854
129 177857
129 177869
129 177873
129 177874
129 177883
129 177887
129 177891
129 177893
129 177897
129 177899
129 177911
129 177924
129 177931
129 177933
129 177934
129 177935
129 177936
129 177937
129 177940
129 177946
129 177948
129 177949
129 177950
129 177951
129 177957
129 177962
129 177967
129 177968
129 177972
129 177984
129 177986
129 177991
129 178000
129 178001
129 178011
129 178015
129 178016
129 178024
129 178043
129 178050
129 178058
129 178065
129 178068
129 178071
129 178073
129 178074
129 178081
129 178093
129 178094
129 178096
129 178097
129 178102
129 178103
129 178112
129 178115
129 178116
129 178121
129 178125
129 178126
129 178127
129 178131
129 178133
129 178143
129 178148
129 178149
129 178158
129 178164
129 178173
129 178175
129 178178
129 178179
129 178184
129 178186
129 178188
129 178190
129 178196
129 178199
129 178203
129 178207
129 178212
129 178213
129 178216
129 178220
129 178224
129 178225
129 178228
129 178233
129 178241
129 178244
129 178246
129 178251
129 178252
129 178253
129 178254
129 178266
129 178269
129 178279
129 178283
129 178284
129 178291
129 178292
129 178296
129 178299
129 178300
129 178304
129 178308
129 178314
129 178316
129 178319
129 178328
129 178331
129 178341
129 178343
129 178344
129 178346
129 178347
129 178350
129 178356
129 178361
129 178367
129 178368
129 178378
129 178379
129 178388
129 178392
129 178404
129 178411
129 178412
129 178421
129 178422
129 178437
129 178438
129 178441
129 178445
129 178449
129 178455
129 178457
129 178458
129 178459
129 178473
129 178483
129 178484
129 178486
129 178487
129 178489
129 178490
129 178496
129 178497
129 178499
129 178503
129 178515
129 178531
129 178532
129 178540
129 178547
129 178548
129 178550
129 178551
129 178552
129 178558
129 178559
129 178561
129 178562
129 178567
129 178568
129 178586
129 178587
129 178594
129 178595
129 178600
129 178601
129 178611
129 178612
129 178616
129 178619
129 178621
129 178622
129 178624
129 178626
129 178632
129 178635
129 178637
129 178639
129 178640
129 178642
129 178647
129 178651
129 178662
129 178680
129 178689
129 178702
129 178717
129 178731
129 178734
129 178735
129 178742
129 178750
129 178752
129 178753
129 178756
129 178757
129 178764
129 178768
129 178770
129 178778
129 178779
129 178785
129 178789
129 178792
129 178802
129 178809
129 178813
129 178826
129 178827
129 178835
129 178837
129 178841
129 178844
129 178848
129 178855
129 178857
129 178860
129 178874
129 178875
129 178880
129 178882
129 178885
129 178889
129 178898
129 178917
129 178922
129 178923
129 178927
129 178928
129 178931
129 178952
129 178960
129 178964
129 178965
129 178968
129 178969
129 178976
129 178980
129 178992
129 178993
129 179000
129 179003
129 179006
129 179007
129 179018
129 179019
129 179029
129 179031
129 179032
129 179035
129 179043
129 179047
129 179053
129 179054
129 179057
129 179060
129 179063
129 179071
129 179072
129 179074
129 179077
129 179078
129 179079
129 179082
129 179086
129 179088
129 179092
129 179099
129 179101
129 179105
129 179120
129 179122
129 179131
129 179144
129 179153
129 179154
129 179156
129 179163
129 179167
129 179174
129 179177
129 179183
129 179186
129 179190
129 179191
129 179197
129 179205
129 179209
129 179210
129 179214
129 179233
129 179236
129 179237
129 179238
129 179239
129 179240
129 179241
129 179244
129 179245
129 179247
129 179249
129 179259
129 179268
129 179273
129 179274
129 179291
129 179295
129 179300
129 179301
129 179303
129 179308
129 179312
129 179315
129 179317
129 179319
129 179321
129 179323
129 179325
129 179326
129 179331
129 179333
129 179344
129 179345
129 179364
129 179365
129 179368
129 179369
129 179384
129 179386
129 179388
129 179391
129 179393
129 179394
129 179396
129 179406
129 179409
129 179410
129 179416
129 179419
129 179420
129 179423
129 179425
129 179430
129 179433
129 179436
129 179437
129 179439
129 179444
129 179446
129 179447
129 179449
129 179451
129 179452
129 179455
129 179460
129 179462
129 179463
129 179464
129 179469
129 179471
129 179480
129 179483
129 179488
129 179489
129 179499
129 179502
129 179505
129 179507
129 179511
129 179512
129 179518
129 179523
129 179530
129 179534
129 179535
129 179536
129 179547
129 179548
129 179549
129 179554
129 179556
129 179562
129 179566
129 179569
129 179574
129 179578
129 179580
129 179583
129 179587
129 179597
129 179598
129 179602
129 179604
129 179611
129 179612
129 179620
129 179624
129 179629
129 179630
129 179636
129 179638
129 179641
129 179644
129 179648
129 179651
129 179671
129 179673
129 179677
129 179679
129 179688
129 179690
129 179701
129 179703
129 179705
129 179725
129 179726
129 179727
129 179732
129 179735
129 179743
129 179744
129 179748
129 179753
129 179754
129 179755
129 179759
129 179760
129 179767
129 179769
129 179772
129 179773
129 179774
129 179776
129 179779
129 179780
129 179785
129 179787
129 179789
129 179794
129 179806
129 179816
129 179819
129 179822
129 179831
129 179832
129 179836
129 179837
129 179840
129 179841
129 179843
129 179844
129 179850
129 179852
129 179855
129 179857
129 179864
129 179865
129 179869
129 179871
129 179878
129 179889
129 179891
129 179897
129 179900
129 179904
129 179912
129 179917
129 179921
129 179929
129 179931
129 179939
129 179940
129 179946
129 179947
129 179958
129 179960
129 179962
129 179971
129 179975
129 179979
129 179980
129 179982
129 179983
129 179984
129 179987
129 179988
129 179990
129 179999
129 180006
129 180007
129 180009
129 180013
129 180028
129 180041
129 180042
129 180052
129 180056
129 180058
129 180060
129 180063
129 180064
129 180068
129 180071
129 180081
129 180082
129 180086
129 180090
129 180091
129 180097
129 180099
129 180105
129 180108
129 180110
129 180113
129 180128
129 180130
129 180138
129 180151
129 180167
129 180170
129 180174
129 180179
129 180180
129 180184
129 180188
129 180189
129 180202
129 180203
129 180210
129 180211
129 180220
129 180226
129 180231
129 180233
129 180237
129 180254
129 180256
129 180266
129 180268
129 180271
129 180273
129 180274
129 180283
129 180285
129 180286
129 180289
129 180292
129 180297
129 180302
129 180321
129 180322
129 180325
129 180328
129 180334
129 180337
129 180342
129 180344
129 180345
129 180351
129 180363
129 180370
129 180373
129 180375
129 180380
129 180386
129 180393
129 180395
129 180397
129 180408
129 180413
129 180442
129 180443
129 180448
129 180453
129 180455
129 180465
129 180467
129 180468
129 180469
129 180470
129 180475
129 180481
129 180484
129 180490
129 180494
129 180496
129 180505
129 180511
129 180516
129 180519
129 180520
129 180522
129 180523
129 180524
129 180533
129 180537
129 180541
129 180542
129 180546
129 180548
129 180552
129 180562
129 180568
129 180577
129 180582
129 180583
129 180591
129 180594
129 180596
129 180602
129 180606
129 180610
129 180619
129 180621
129 180625
129 180627
129 180630
129 180636
129 180638
129 180639
129 180641
129 180643
129 180652
129 180655
129 180656
129 180657
129 180661
129 180683
129 180684
129 180691
129 180696
129 180710
129 180714
129 180718
129 180731
129 180735
129 180745
129 180751
129 180752
129 180756
129 180762
129 180766
129 180771
129 180773
129 180774
129 180775
129 180776
129 180778
129 180784
129 180785
129 180786
129 180787
129 180793
129 180795
129 180798
129 180804
129 180821
129 180823
129 180825
129 180834
129 180843
129 180850
129 180855
129 180859
129 180862
129 180863
129 180870
129 180875
129 180880
129 180881
129 180882
129 180886
129 180889
129 180890
129 180895
129 180898
129 180900
129 180912
129 180914
129 180922
129 180927
129 180931
129 180932
129 180934
129 180935
129 180937
129 180938
129 180941
129 180963
129 180965
129 180974
129 180975
129 180977
129 180979
129 180980
129 180986
129 180992
129 180995
129 180996
129 181001
129 181007
129 181012
129 181015
129 181016
129 181019
129 181020
129 181036
129 181037
129 181044
129 181049
129 181050
129 181053
129 181058
129 181059
129 181069
129 181075
129 181076
129 181081
129 181088
129 181103
129 181104
129 181105
129 181111
129 181121
129 181130
129 181131
129 181132
129 181138
129 181139
129 181142
129 181144
129 181145
129 181155
129 181158
129 181176
129 181184
129 181192
129 181197
129 181198
129 181201
129 181202
129 181205
129 181214
129 181220
129 181222
129 181231
129 181234
129 181236
129 181238
129 181243
129 181250
129 181259
129 181261
129 181263
129 181268
129 181277
129 181279
129 181285
129 181294
129 181295
129 181298
129 181299
129 181315
129 181316
129 181317
129 181318
129 181319
129 181320
129 181326
129 181329
129 181331
129 181337
129 181340
129 181341
129 181358
129 181362
129 181364
129 181366
129 181369
129 181380
129 181386
129 181404
129 181411
129 181432
129 181436
129 181438
129 181449
129 181459
129 181462
129 181465
129 181489
129 181491
129 181494
129 181497
129 181498
129 181499
129 181506
129 181508
129 181509
129 181512
129 181519
129 181520
129 181524
129 181527
129 181530
129 181533
129 181534
129 181538
129 181540
129 181545
129 181549
129 181550
129 181557
129 181558
129 181559
129 181565
129 181574
129 181584
129 181585
129 181588
129 181590
129 181591
129 181593
129 181595
129 181600
129 181602
129 181608
129 181618
129 181619
129 181628
129 181631
129 181644
129 181646
129 181649
129 181650
129 181653
129 181661
129 181664
129 181687
129 181690
129 181695
129 181707
129 181712
129 181714
129 181715
129 181718
129 181724
129 181726
129 181727
129 181728
129 181733
129 181734
129 181735
129 181751
129 181758
129 181774
129 181780
129 181783
129 181785
129 181786
129 181788
129 181793
129 181794
129 181807
129 181811
129 181816
129 181821
129 181822
129 181825
129 181828
129 181835
129 181841
129 181849
129 181853
129 181854
129 181863
129 181866
129 181871
129 181879
129 181883
129 181884
129 181894
129 181895
129 181897
129 181899
129 181909
129 181910
129 181926
129 181927
129 181928
129 181938
129 181941
129 181946
129 181947
129 181951
129 181952
129 181959
129 181960
129 181961
129 181969
129 181974
129 181984
129 181986
129 181988
129 181993
129 181996
129 181997
129 182004
129 182005
129 182010
129 182021
129 182023
129 182036
129 182042
129 182044
129 182048
129 182053
129 182065
129 182069
129 182073
129 182081
129 182083
129 182088
129 182092
129 182098
129 182106
129 182107
129 182112
129 182113
129 182115
129 182118
129 182119
129 182123
129 182125
129 182130
129 182133
129 182136
129 182140
129 182145
129 182155
129 182157
129 182165
129 182177
129 182192
129 182195
129 182208
129 182216
129 182221
129 182223
129 182226
129 182228
129 182230
129 182233
129 182235
129 182241
129 182242
129 182246
129 182248
129 182251
129 182253
129 182255
129 182261
129 182266
129 182267
129 182272
129 182278
129 182279
129 182282
129 182287
129 182290
129 182294
129 182296
129 182300
129 182301
129 182302
129 182315
129 182328
129 182329
129 182330
129 182340
129 182341
129 182343
129 182348
129 182351
129 182352
129 182371
129 182373
129 182376
129 182381
129 182382
129 182404
129 182406
129 182407
129 182426
129 182427
129 182431
129 182441
129 182446
129 182448
129 182453
129 182456
129 182457
129 182459
129 182461
129 182464
129 182468
129 182473
129 182482
129 182493
129 182499
129 182502
129 182508
129 182512
129 182521
129 182524
129 182533
129 182535
129 182545
129 182550
129 182557
129 182563
129 182567
129 182568
129 182576
129 182582
129 182583
129 182584
129 182586
129 182591
129 182592
129 182595
129 182599
129 182606
129 182608
129 182615
129 182618
129 182626
129 182639
129 182642
129 182653
129 182657
129 182658
129 182659
129 182670
129 182679
129 182681
129 182684
129 182687
129 182689
129 182697
129 182698
129 182701
129 182705
129 182709
129 182715
129 182717
129 182722
129 182723
129 182730
129 182733
129 182739
129 182747
129 182749
129 182750
129 182752
129 182760
129 182763
129 182767
129 182770
129 182775
129 182785
129 182788
129 182792
129 182798
129 182802
129 182803
129 182806
129 182810
129 182813
129 182830
129 182831
129 182834
129 182842
129 182844
129 182845
129 182850
129 182852
129 182854
129 182856
129 182864
129 182865
129 182866
129 182879
129 182886
129 182888
129 182889
129 182891
129 182892
129 182901
129 182905
129 182912
129 182915
129 182918
129 182919
129 182920
129 182921
129 182924
129 182930
129 182935
129 182939
129 182940
129 182945
129 182952
129 182956
129 182958
129 182966
129 182968
129 182971
129 182972
129 182977
129 182986
129 182988
129 182996
129 182998
129 183003
129 183004
129 183009
129 183012
129 183015
129 183022
129 183023
129 183031
129 183033
129 183034
129 183035
129 183037
129 183043
129 183048
129 183053
129 183054
129 183056
129 183059
129 183076
129 183084
129 183089
129 183092
129 183093
129 183097
129 183104
129 183107
129 183112
129 183113
129 183122
129 183125
129 183132
129 183140
129 183143
129 183145
129 183149
129 183163
129 183169
129 183170
129 183175
129 183176
129 183179
129 183189
129 183194
129 183195
129 183196
129 183198
129 183199
129 183204
129 183206
129 183233
129 183235
129 183246
129 183257
129 183260
129 183264
129 183265
129 183275
129 183281
129 183287
129 183291
129 183294
129 183297
129 183299
129 183316
129 183319
129 183322
129 183323
129 183329
129 183334
129 183337
129 183340
129 183344
129 183357
129 183370
129 183373
129 183374
129 183375
129 183387
129 183390
129 183393
129 183394
129 183398
129 183402
129 183404
129 183406
129 183410
129 183412
129 183414
129 183418
129 183419
129 183428
129 183432
129 183444
129 183453
129 183454
129 183461
129 183466
129 183470
129 183478
129 183480
129 183484
129 183490
129 183493
129 183496
129 183507
129 183508
129 183509
129 183510
129 183517
129 183518
129 183522
129 183523
129 183528
129 183539
129 183553
129 183555
129 183557
129 183558
129 183562
129 183565
129 183571
129 183574
129 183576
129 183577
129 183586
129 183600
129 183605
129 183609
129 183622
129 183628
129 183630
129 183631
129 183634
129 183642
129 183643
129 183644
129 183646
129 183649
129 183658
129 183671
129 183673
129 183677
129 183679
129 183680
129 183696
129 183698
129 183701
129 183705
129 183706
129 183712
129 183714
129 183717
129 183723
129 183729
129 183731
129 183734
129 183735
129 183737
129 183739
129 183742
129 183746
129 183747
129 183749
129 183751
129 183757
129 183759
129 183765
129 183766
129 183771
129 183774
129 183777
129 183779
129 183783
129 183786
129 183787
129 183792
129 183803
129 183810
129 183815
129 183818
129 183822
129 183826
129 183828
129 183830
129 183832
129 183836
129 183837
129 183838
129 183848
129 183853
129 183854
129 183871
129 183872
129 183875
129 183876
129 183881
129 183889
129 183893
129 183896
129 183899
129 183900
129 183901
129 183904
129 183909
129 183911
129 183914
129 183915
129 183916
129 183917
129 183919
129 183920
129 183922
129 183928
129 183937
129 183940
129 183941
129 183942
129 183945
129 183946
129 183951
129 183952
129 183958
129 183965
129 183967
129 183979
129 183983
129 183984
129 183987
129 183988
129 183989
129 183990
129 183997
129 184003
129 184016
129 184018
129 184020
129 184028
129 184030
129 184033
129 184035
129 184039
129 184047
129 184050
129 184066
129 184067
129 184068
129 184071
129 184072
129 184073
129 184081
129 184084
129 184087
129 184088
129 184090
129 184092
129 184094
129 184098
129 184099
129 184102
129 184109
129 184113
129 184116
129 184125
129 184129
129 184130
129 184131
129 184138
129 184139
129 184144
129 184145
129 184147
129 184148
129 184153
129 184156
129 184157
129 184161
129 184164
129 184165
129 184168
129 184171
129 184173
129 184179
129 184181
129 184182
129 184186
129 184190
129 184192
129 184200
129 184204
129 184209
129 184211
129 184213
129 184215
129 184217
129 184237
129 184238
129 184244
129 184245
129 184249
129 184251
129 184265
129 184276
129 184278
129 184282
129 184296
129 184298
129 184299
129 184303
129 184306
129 184308
129 184309
129 184312
129 184317
129 184320
129 184324
129 184326
129 184328
129 184331
129 184333
129 184341
129 184343
129 184347
129 184349
129 184355
129 184362
129 184367
129 184374
129 184387
129 184390
129 184400
129 184401
129 184415
129 184417
129 184418
129 184425
129 184430
129 184433
129 184446
129 184451
129 184455
129 184457
129 184463
129 184464
129 184465
129 184469
129 184476
129 184477
129 184484
129 184485
129 184486
129 184489
129 184491
129 184492
129 184502
129 184505
129 184507
129 184508
129 184509
129 184514
129 184515
129 184522
129 184525
129 184526
129 184528
129 184541
129 184544
129 184545
129 184556
129 184557
129 184563
129 184566
129 184574
129 184584
129 184591
129 184605
129 184610
129 184618
129 184619
129 184626
129 184628
129 184632
129 184633
129 184637
129 184642
129 184646
129 184656
129 184659
129 184663
129 184666
129 184668
129 184670
129 184674
129 184676
129 184678
129 184679
129 184682
129 184687
129 184688
129 184691
129 184694
129 184699
129 184701
129 184703
129 184712
129 184718
129 184728
129 184731
129 184740
129 184741
129 184742
129 184743
129 184744
129 184746
129 184749
129 184755
129 184756
129 184758
129 184759
129 184764
129 184767
129 184774
129 184776
129 184781
129 184782
129 184784
129 184785
129 184788
129 184789
129 184793
129 184802
129 184806
129 184807
129 184808
129 184810
129 184812
129 184817
129 184819
129 184821
129 184824
129 184826
129 184827
129 184831
129 184849
129 184853
129 184854
129 184858
129 184866
129 184868
129 184870
129 184873
129 184884
129 184888
129 184891
129 184906
129 184909
129 184914
129 184921
129 184922
129 184925
129 184927
129 184928
129 184935
129 184938
129 184948
129 184950
129 184951
129 184955
129 184957
129 184965
129 184967
129 184978
129 184982
129 184983
129 184985
129 184988
129 184993
129 184994
129 184995
129 184996
129 185007
129 185012
129 185017
129 185020
129 185022
129 185024
129 185026
129 185031
129 185038
129 185039
129 185043
129 185048
129 185050
129 185052
129 185053
129 185055
129 185070
129 185075
129 185078
129 185083
129 185084
129 185090
129 185093
129 185096
129 185097
129 185104
129 185107
129 185108
129 185109
129 185112
129 185113
129 185114
129 185117
129 185123
129 185127
129 185129
129 185132
129 185135
129 185138
129 185143
129 185150
129 185155
129 185160
129 185161
129 185166
129 185171
129 185172
129 185180
129 185181
129 185182
129 185183
129 185186
129 185188
129 185190
129 185193
129 185195
129 185196
129 185198
129 185199
129 185216
129 185217
129 185221
129 185225
129 185231
129 185240
129 185247
129 185249
129 185252
129 185259
129 185267
129 185270
129 185275
129 185276
129 185287
129 185300
129 185304
129 185308
129 185317
129 185322
129 185329
129 185337
129 185338
129 185347
129 185349
129 185350
129 185351
129 185352
129 185355
129 185357
129 185360
129 185361
129 185368
129 185373
129 185388
129 185395
129 185398
129 185401
129 185403
129 185410
129 185411
129 185416
129 185422
129 185424
129 185434
129 185442
129 185449
129 185456
129 185463
129 185468
129 185474
129 185479
129 185487
129 185499
129 185501
129 185502
129 185506
129 185508
129 185509
129 185510
129 185516
129 185518
129 185531
129 185534
129 185535
129 185540
129 185544
129 185547
129 185550
129 185553
129 185559
129 185561
129 185567
129 185568
129 185574
129 185575
129 185577
129 185580
129 185587
129 185593
129 185604
129 185605
129 185608
129 185617
129 185618
129 185621
129 185626
129 185636
129 185645
129 185646
129 185654
129 185664
129 185665
129 185666
129 185669
129 185672
129 185678
129 185689
129 185690
129 185697
129 185704
129 185714
129 185715
129 185717
129 185732
129 185739
129 185741
129 185745
129 185759
129 185772
129 185782
129 185791
129 185797
129 185798
129 185802
129 185804
129 185811
129 185812
129 185816
129 185818
129 185821
129 185824
129 185828
129 185831
129 185832
129 185842
129 185846
129 185850
129 185859
129 185867
129 185868
129 185874
129 185875
129 185876
129 185877
129 185879
129 185885
129 185901
129 185906
129 185907
129 185914
129 185920
129 185922
129 185941
129 185948
129 185953
129 185965
129 185966
129 185969
129 185971
129 185979
129 185981
129 185984
129 185994
129 185996
129 185998
129 186003
129 186008
129 186015
129 186021
129 186026
129 186031
129 186032
129 186033
129 186036
129 186050
129 186054
129 186056
129 186057
129 186060
129 186069
129 186071
129 186072
129 186078
129 186089
129 186094
129 186095
129 186096
129 186098
129 186105
129 186111
129 186118
129 186126
129 186133
129 186134
129 186139
129 186142
129 186145
129 186146
129 186148
129 186154
129 186165
129 186168
129 186176
129 186178
129 186179
129 186183
129 186191
129 186192
129 186194
129 186204
129 186205
129 186207
129 186211
129 186215
129 186218
129 186219
129 186220
129 186224
129 186225
129 186234
129 186238
129 186242
129 186245
129 186258
129 186269
129 186280
129 186281
129 186284
129 186294
129 186297
129 186300
129 186304
129 186324
129 186331
129 186332
129 186340
129 186342
129 186343
129 186352
129 186354
129 186372
129 186376
129 186381
129 186382
129 186383
129 186387
129 186388
129 186389
129 186391
129 186392
129 186394
129 186396
129 186405
129 186411
129 186414
129 186422
129 186423
129 186424
129 186426
129 186443
129 186446
129 186447
129 186449
129 186466
129 186470
129 186475
129 186476
129 186477
129 186494
129 186495
129 186499
129 186506
129 186507
129 186510
129 186514
129 186518
129 186522
129 186524
129 186528
129 186546
129 186547
129 186548
129 186553
129 186554
129 186556
129 186565
129 186567
129 186569
129 186570
129 186572
129 186573
129 186578
129 186579
129 186590
129 186592
129 186593
129 186596
129 186597
129 186599
129 186600
129 186602
129 186604
129 186605
129 186606
129 186607
129 186610
129 186614
129 186620
129 186623
129 186636
129 186638
129 186641
129 186646
129 186662
129 186667
129 186668
129 186669
129 186672
129 186676
129 186677
129 186689
129 186693
129 186696
129 186698
129 186729
129 186733
129 186736
129 186740
129 186741
129 186742
129 186744
129 186745
129 186755
129 186756
129 186759
129 186760
129 186768
129 186777
129 186782
129 186795
129 186799
129 186803
129 186807
129 186813
129 186815
129 186823
129 186826
129 186827
129 186836
129 186839
129 186842
129 186851
129 186856
129 186864
129 186870
129 186871
129 186875
129 186877
129 186879
129 186880
129 186883
129 186889
129 186891
129 186893
129 186894
129 186897
129 186898
129 186902
129 186909
129 186913
129 186914
129 186915
129 186916
129 186933
129 186947
129 186948
129 186951
129 186954
129 186956
129 186961
129 186962
129 186968
129 186973
129 186974
129 186978
129 186979
129 186981
129 186985
129 186989
129 186992
129 186996
129 186997
129 186998
129 187001
129 187002
129 187003
129 187012
129 187020
129 187040
129 187042
129 187045
129 187049
129 187057
129 187061
129 187068
129 187079
129 187087
129 187093
129 187094
129 187096
129 187097
129 187101
129 187102
129 187104
129 187111
129 187114
129 187121
129 187124
129 187131
129 187142
129 187143
129 187144
129 187149
129 187153
129 187163
129 187164
129 187165
129 187167
129 187171
129 187172
129 187192
129 187195
129 187203
129 187211
129 187217
129 187218
129 187228
129 187230
129 187233
129 187234
129 187237
129 187244
129 187247
129 187248
129 187256
129 187271
129 187273
129 187280
129 187285
129 187286
129 187292
129 187297
129 187306
129 187313
129 187317
129 187319
129 187324
129 187325
129 187328
129 187338
129 187340
129 187348
129 187355
129 187356
129 187358
129 187368
129 187369
129 187371
129 187374
129 187383
129 187384
129 187393
129 187396
129 187399
129 187405
129 187416
129 187420
129 187424
129 187425
129 187426
129 187427
129 187433
129 187438
129 187440
129 187442
129 187451
129 187458
129 187459
129 187465
129 187467
129 187468
129 187470
129 187474
129 187475
129 187482
129 187493
129 187495
129 187498
129 187504
129 187505
129 187507
129 187511
129 187519
129 187521
129 187537
129 187542
129 187543
129 187545
129 187547
129 187568
129 187569
129 187574
129 187581
129 187585
129 187586
129 187590
129 187594
129 187595
129 187605
129 187606
129 187607
129 187611
129 187615
129 187616
129 187618
129 187627
129 187631
129 187633
129 187635
129 187643
129 187646
129 187655
129 187662
129 187665
129 187678
129 187680
129 187690
129 187695
129 187708
129 187715
129 187720
129 187723
129 187731
129 187732
129 187739
129 187741
129 187742
129 187746
129 187749
129 187751
129 187760
129 187763
129 187765
129 187768
129 187775
129 187776
129 187781
129 187782
129 187783
129 187793
129 187799
129 187804
129 187807
129 187811
129 187812
129 187819
129 187821
129 187828
129 187829
129 187832
129 187838
129 187842
129 187844
129 187846
129 187848
129 187853
129 187856
129 187858
129 187860
129 187862
129 187866
129 187869
129 187870
129 187877
129 187879
129 187880
129 187886
129 187900
129 187901
129 187903
129 187904
129 187908
129 187910
129 187913
129 187916
129 187917
129 187919
129 187922
129 187923
129 187926
129 187935
129 187947
129 187951
129 187953
129 187955
129 187969
129 187970
129 187975
129 187976
129 187980
129 187982
129 187993
129 187995
129 188004
129 188007
129 188019
129 188022
129 188032
129 188034
129 188039
129 188048
129 188055
129 188056
129 188057
129 188066
129 188068
129 188079
129 188094
129 188095
129 188099
129 188100
129 188102
129 188113
129 188120
129 188126
129 188133
129 188139
129 188144
129 188151
129 188152
129 188153
129 188156
129 188158
129 188169
129 188172
129 188177
129 188181
129 188194
129 188200
129 188201
129 188203
129 188209
129 188211
129 188212
129 188217
129 188221
129 188223
129 188228
129 188232
129 188241
129 188244
129 188247
129 188252
129 188258
129 188259
129 188264
129 188267
129 188277
129 188286
129 188292
129 188300
129 188303
129 188309
129 188320
129 188321
129 188325
129 188330
129 188340
129 188342
129 188343
129 188345
129 188348
129 188358
129 188362
129 188363
129 188364
129 188365
129 188367
129 188371
129 188372
129 188374
129 188380
129 188381
129 188382
129 188389
129 188390
129 188392
129 188393
129 188394
129 188407
129 188413
129 188427
129 188432
129 188437
129 188438
129 188439
129 188443
129 188449
129 188454
129 188457
129 188459
129 188462
129 188486
129 188492
129 188494
129 188499
129 188513
129 188516
129 188520
129 188521
129 188522
129 188524
129 188525
129 188528
129 188532
129 188535
129 188536
129 188543
129 188545
129 188548
129 188556
129 188557
129 188561
129 188565
129 188566
129 188567
129 188571
129 188572
129 188574
129 188575
129 188576
129 188577
129 188578
129 188582
129 188584
129 188588
129 188590
129 188601
129 188602
129 188608
129 188619
129 188620
129 188622
129 188639
129 188646
129 188655
129 188657
129 188658
129 188659
129 188661
129 188669
129 188672
129 188680
129 188681
129 188682
129 188683
129 188684
129 188688
129 188695
129 188707
129 188715
129 188726
129 188733
129 188737
129 188738
129 188742
129 188751
129 188757
129 188762
129 188766
129 188768
129 188773
129 188774
129 188775
129 188778
129 188782
129 188783
129 188784
129 188786
129 188790
129 188797
129 188804
129 188812
129 188813
129 188815
129 188816
129 188817
129 188818
129 188829
129 188837
129 188844
129 188871
129 188876
129 188883
129 188888
129 188895
129 188896
129 188907
129 188908
129 188920
129 188922
129 188923
129 188931
129 188932
129 188936
129 188945
129 188946
129 188949
129 188952
129 188954
129 188956
129 188958
129 188984
129 188988
129 188989
129 188992
129 188994
129 188997
129 188998
129 188999
129 189000
129 189006
129 189016
129 189018
129 189021
129 189028
129 189030
129 189040
129 189044
129 189048
129 189054
129 189058
129 189059
129 189063
129 189064
129 189072
129 189073
129 189074
129 189078
129 189081
129 189088
129 189099
129 189101
129 189103
129 189104
129 189111
129 189116
129 189118
129 189119
129 189121
129 189122
129 189133
129 189140
129 189143
129 189147
129 189148
129 189167
129 189173
129 189185
129 189187
129 189190
129 189193
129 189197
129 189202
129 189205
129 189209
129 189212
129 189216
129 189220
129 189221
129 189226
129 189231
129 189240
129 189242
129 189243
129 189246
129 189250
129 189254
129 189259
129 189260
129 189265
129 189266
129 189271
129 189275
129 189276
129 189289
129 189290
129 189293
129 189294
129 189299
129 189316
129 189325
129 189331
129 189340
129 189346
129 189351
129 189361
129 189373
129 189374
129 189375
129 189379
129 189380
129 189382
129 189383
129 189384
129 189385
129 189386
129 189388
129 189390
129 189393
129 189395
129 189399
129 189401
129 189404
129 189412
129 189413
129 189414
129 189417
129 189421
129 189424
129 189432
129 189435
129 189441
129 189443
129 189445
129 189451
129 189452
129 189453
129 189455
129 189457
129 189464
129 189470
129 189473
129 189475
129 189478
129 189479
129 189482
129 189484
129 189494
129 189501
129 189502
129 189506
129 189509
129 189511
129 189514
129 189520
129 189523
129 189537
129 189541
129 189558
129 189561
129 189562
129 189565
129 189567
129 189568
129 189573
129 189574
129 189575
129 189578
129 189580
129 189582
129 189586
129 189590
129 189591
129 189595
129 189600
129 189603
129 189610
129 189622
129 189624
129 189631
129 189647
129 189662
129 189664
129 189665
129 189668
129 189669
129 189674
129 189679
129 189681
129 189683
129 189686
129 189689
129 189691
129 189694
129 189697
129 189698
129 189702
129 189717
129 189720
129 189723
129 189724
129 189726
129 189737
129 189738
129 189739
129 189754
129 189758
129 189762
129 189765
129 189775
129 189783
129 189786
129 189787
129 189789
129 189791
129 189794
129 189797
129 189798
129 189801
129 189806
129 189811
129 189818
129 189825
129 189826
129 189829
129 189830
129 189831
129 189836
129 189841
129 189843
129 189844
129 189852
129 189855
129 189857
129 189859
129 189860
129 189864
129 189866
129 189867
129 189868
129 189874
129 189884
129 189892
129 189893
129 189902
129 189904
129 189907
129 189908
129 189909
129 189919
129 189922
129 189943
129 189947
129 189951
129 189958
129 189961
129 189962
129 189965
129 189969
129 189977
129 189979
129 189981
129 189984
129 189985
129 189986
129 189991
129 189994
129 189998
129 190000
129 190003
129 190009
129 190016
129 190019
129 190023
129 190025
129 190031
129 190033
129 190039
129 190043
129 190058
129 190070
129 190076
129 190078
129 190088
129 190093
129 190096
129 190100
129 190101
129 190104
129 190107
129 190112
129 190113
129 190120
129 190122
129 190124
129 190126
129 190131
129 190133
129 190137
129 190138
129 190142
129 190150
129 190152
129 190154
129 190156
129 190160
129 190165
129 190166
129 190175
129 190177
129 190182
129 190184
129 190185
129 190190
129 190195
129 190198
129 190199
129 190203
129 190212
129 190218
129 190220
129 190221
129 190225
129 190232
129 190233
129 190234
129 190236
129 190240
129 190245
129 190261
129 190274
129 190275
129 190276
129 190288
129 190302
129 190318
129 190328
129 190331
129 190335
129 190338
129 190339
129 190340
129 190341
129 190348
129 190349
129 190352
129 190357
129 190358
129 190361
129 190364
129 190365
129 190371
129 190378
129 190384
129 190386
129 190389
129 190391
129 190395
129 190412
129 190417
129 190419
129 190422
129 190423
129 190425
129 190428
129 190437
129 190438
129 190440
129 190445
129 190447
129 190448
129 190454
129 190455
129 190457
129 190458
129 190459
129 190463
129 190468
129 190471
129 190472
129 190475
129 190477
129 190479
129 190482
129 190484
129 190486
129 190492
129 190494
129 190496
129 190499
129 190502
129 190504
129 190507
129 190508
129 190514
129 190515
129 190518
129 190535
129 190537
129 190543
129 190553
129 190554
129 190555
129 190559
129 190565
129 190582
129 190585
129 190586
129 190591
129 190594
129 190606
129 190608
129 190624
129 190627
129 190631
129 190643
129 190649
129 190662
129 190684
129 190688
129 190692
129 190694
129 190698
129 190706
129 190709
129 190713
129 190715
129 190738
129 190739
129 190740
129 190757
129 190758
129 190764
129 190766
129 190768
129 190769
129 190770
129 190771
129 190777
129 190780
129 190781
129 190786
129 190799
129 190804
129 190807
129 190808
129 190813
129 190816
129 190826
129 190827
129 190831
129 190838
129 190843
129 190845
129 190847
129 190851
129 190854
129 190859
129 190860
129 190862
129 190863
129 190866
129 190873
129 190874
129 190875
129 190879
129 190880
129 190883
129 190888
129 190890
129 190893
129 190909
129 190916
129 190917
129 190918
129 190920
129 190921
129 190925
129 190929
129 190937
129 190949
129 190951
129 190952
129 190959
129 190960
129 190964
129 190967
129 190970
129 190978
129 190979
129 190982
129 190985
129 190987
129 190989
129 190997
129 191001
129 191003
129 191007
129 191009
129 191015
129 191020
129 191023
129 191024
129 191028
129 191033
129 191036
129 191039
129 191041
129 191049
129 191054
129 191055
129 191056
129 191061
129 191063
129 191078
129 191081
129 191086
129 191087
129 191089
129 191090
129 191103
129 191106
129 191110
129 191112
129 191117
129 191119
129 191133
129 191135
129 191140
129 191145
129 191147
129 191150
129 191151
129 191155
129 191159
129 191165
129 191166
129 191169
129 191183
129 191185
129 191187
129 191203
129 191205
129 191213
129 191215
129 191229
129 191237
129 191238
129 191239
129 191246
129 191248
129 191250
129 191252
129 191259
129 191260
129 191262
129 191265
129 191272
129 191274
129 191281
129 191283
129 191302
129 191303
129 191306
129 191310
129 191312
129 191313
129 191324
129 191326
129 191331
129 191332
129 191335
129 191338
129 191343
129 191348
129 191355
129 191368
129 191369
129 191371
129 191375
129 191382
129 191384
129 191386
129 191397
129 191399
129 191400
129 191402
129 191405
129 191410
129 191413
129 191420
129 191421
129 191427
129 191431
129 191436
129 191443
129 191446
129 191456
129 191457
129 191461
129 191466
129 191467
129 191484
129 191490
129 191492
129 191495
129 191498
129 191499
129 191500
129 191503
129 191509
129 191511
129 191518
129 191522
129 191530
129 191531
129 191533
129 191534
129 191537
129 191539
129 191541
129 191542
129 191546
129 191547
129 191549
129 191558
129 191562
129 191563
129 191569
129 191570
129 191575
129 191576
129 191580
129 191581
129 191587
129 191595
129 191598
129 191599
129 191602
129 191621
129 191629
129 191636
129 191640
129 191649
129 191650
129 191651
129 191659
129 191662
129 191665
129 191671
129 191675
129 191677
129 191681
129 191685
129 191701
129 191705
129 191712
129 191715
129 191717
129 191725
129 191727
129 191730
129 191732
129 191742
129 191743
129 191745
129 191747
129 191760
129 191766
129 191767
129 191769
129 191779
129 191780
129 191782
129 191789
129 191791
129 191793
129 191794
129 191799
129 191800
129 191801
129 191809
129 191813
129 191839
129 191842
129 191843
129 191845
129 191848
129 191850
129 191852
129 191857
129 191863
129 191868
129 191873
129 191874
129 191877
129 191879
129 191881
129 191890
129 191902
129 191905
129 191912
129 191917
129 191921
129 191926
129 191928
129 191930
129 191931
129 191936
129 191942
129 191944
129 191951
129 191960
129 191962
129 191965
129 191966
129 191974
129 191976
129 191977
129 191981
129 191990
129 191997
129 192000
129 192015
129 192018
129 192022
129 192027
129 192030
129 192033
129 192047
129 192054
129 192058
129 192061
129 192065
129 192075
129 192076
129 192083
129 192087
129 192096
129 192101
129 192102
129 192103
129 192105
129 192110
129 192112
129 192115
129 192117
129 192119
129 192121
129 192122
129 192123
129 192125
129 192126
129 192127
129 192130
129 192131
129 192134
129 192137
129 192138
129 192145
129 192149
129 192169
129 192173
129 192178
129 192185
129 192186
129 192192
129 192196
129 192199
129 192203
129 192205
129 192208
129 192211
129 192214
129 192216
129 192217
129 192219
129 192222
129 192223
129 192233
129 192234
129 192239
129 192251
129 192253
129 192254
129 192255
129 192257
129 192261
129 192264
129 192267
129 192270
129 192273
129 192277
129 192278
129 192291
129 192293
129 192294
129 192297
129 192304
129 192306
129 192310
129 192320
129 192322
129 192325
129 192329
129 192330
129 192333
129 192335
129 192338
129 192342
129 192346
129 192368
129 192373
129 192374
129 192378
129 192384
129 192387
129 192389
129 192392
129 192394
129 192400
129 192406
129 192409
129 192410
129 192412
129 192426
129 192433
129 192434
129 192438
129 192445
129 192446
129 192450
129 192456
129 192461
129 192464
129 192465
129 192466
129 192483
129 192485
129 192486
129 192488
129 192501
129 192503
129 192506
129 192510
129 192511
129 192512
129 192516
129 192523
129 192530
129 192540
129 192542
129 192543
129 192550
129 192556
129 192560
129 192562
129 192570
129 192577
129 192579
129 192581
129 192584
129 192586
129 192589
129 192591
129 192593
129 192594
129 192600
129 192612
129 192614
129 192618
129 192626
129 192627
129 192630
129 192631
129 192634
129 192638
129 192640
129 192645
129 192651
129 192656
129 192667
129 192670
129 192674
129 192678
129 192679
129 192681
129 192688
129 192693
129 192695
129 192698
129 192706
129 192707
129 192708
129 192713
129 192715
129 192719
129 192723
129 192725
129 192731
129 192744
129 192750
129 192751
129 192761
129 192765
129 192766
129 192768
129 192770
129 192771
129 192774
129 192778
129 192783
129 192787
129 192791
129 192793
129 192795
129 192799
129 192802
129 192804
129 192806
129 192807
129 192809
129 192813
129 192838
129 192847
129 192848
129 192880
129 192882
129 192884
129 192885
129 192887
129 192894
129 192895
129 192896
129 192904
129 192905
129 192906
129 192907
129 192909
129 192911
129 192914
129 192915
129 192916
129 192917
129 192919
129 192923
129 192929
129 192930
129 192931
129 192933
129 192936
129 192943
129 192945
129 192946
129 192952
129 192955
129 192956
129 192962
129 192965
129 192966
129 192969
129 192973
129 192988
129 192989
129 192992
129 192994
129 193000
129 193006
129 193018
129 193019
129 193021
129 193023
129 193026
129 193033
129 193037
129 193038
129 193055
129 193059
129 193064
129 193067
129 193071
129 193074
129 193077
129 193080
129 193083
129 193088
129 193089
129 193097
129 193098
129 193104
129 193107
129 193115
129 193117
129 193133
129 193138
129 193140
129 193153
129 193158
129 193163
129 193164
129 193169
129 193171
129 193182
129 193184
129 193186
129 193191
129 193198
129 193206
129 193210
129 193213
129 193218
129 193222
129 193224
129 193225
129 193226
129 193232
129 193236
129 193239
129 193240
129 193244
129 193247
129 193248
129 193249
129 193252
129 193271
129 193279
129 193289
129 193294
129 193297
129 193299
129 193314
129 193315
129 193319
129 193324
129 193329
129 193330
129 193331
129 193336
129 193343
129 193346
129 193350
129 193351
129 193355
129 193364
129 193365
129 193372
129 193374
129 193392
129 193398
129 193410
129 193418
129 193420
129 193422
129 193424
129 193437
129 193443
129 193448
129 193453
129 193456
129 193459
129 193462
129 193465
129 193468
129 193472
129 193480
129 193485
129 193488
129 193489
129 193499
129 193502
129 193507
129 193509
129 193516
129 193517
129 193519
129 193525
129 193535
129 193536
129 193537
129 193538
129 193544
129 193545
129 193547
129 193554
129 193561
129 193564
129 193566
129 193573
129 193578
129 193579
129 193582
129 193584
129 193590
129 193601
129 193603
129 193605
129 193608
129 193613
129 193614
129 193617
129 193624
129 193625
129 193626
129 193629
129 193643
129 193648
129 193654
129 193656
129 193672
129 193673
129 193679
129 193680
129 193681
129 193684
129 193696
129 193697
129 193698
129 193701
129 193702
129 193713
129 193715
129 193717
129 193721
129 193731
129 193740
129 193741
129 193742
129 193745
129 193749
129 193760
129 193762
129 193766
129 193772
129 193775
129 193806
129 193809
129 193810
129 193811
129 193822
129 193824
129 193827
129 193831
129 193832
129 193833
129 193836
129 193843
129 193845
129 193847
129 193856
129 193866
129 193869
129 193879
129 193881
129 193884
129 193885
129 193886
129 193890
129 193891
129 193893
129 193898
129 193899
129 193906
129 193913
129 193914
129 193919
129 193921
129 193932
129 193933
129 193937
129 193946
129 193957
129 193961
129 193973
129 193982
129 193985
129 193986
129 194000
129 194002
129 194003
129 194007
129 194026
129 194037
129 194038
129 194039
129 194044
129 194045
129 194049
129 194050
129 194051
129 194052
129 194055
129 194056
129 194060
129 194064
129 194069
129 194078
129 194083
129 194086
129 194087
129 194090
129 194091
129 194096
129 194102
129 194105
129 194106
129 194107
129 194108
129 194110
129 194115
129 194122
129 194123
129 194133
129 194134
129 194135
129 194147
129 194155
129 194159
129 194164
129 194168
129 194170
129 194174
129 194178
129 194180
129 194184
129 194190
129 194195
129 194196
129 194204
129 194210
129 194225
129 194236
129 194251
129 194254
129 194257
129 194262
129 194265
129 194269
129 194272
129 194274
129 194275
129 194277
129 194280
129 194291
129 194302
129 194304
129 194309
129 194339
129 194351
129 194354
129 194364
129 194367
129 194374
129 194381
129 194390
129 194392
129 194397
129 194398
129 194402
129 194403
129 194418
129 194424
129 194428
129 194429
129 194431
129 194435
129 194437
129 194441
129 194445
129 194447
129 194453
129 194458
129 194460
129 194467
129 194468
129 194469
129 194471
129 194475
129 194477
129 194478
129 194484
129 194485
129 194486
129 194490
129 194493
129 194498
129 194499
129 194513
129 194522
129 194526
129 194537
129 194538
129 194549
129 194551
129 194553
129 194554
129 194557
129 194559
129 194560
129 194564
129 194565
129 194567
129 194568
129 194570
129 194573
129 194575
129 194577
129 194580
129 194581
129 194591
129 194606
129 194616
129 194617
129 194622
129 194625
129 194627
129 194632
129 194633
129 194634
129 194635
129 194638
129 194639
129 194641
129 194645
129 194652
129 194655
129 194656
129 194663
129 194664
129 194665
129 194670
129 194675
129 194680
129 194684
129 194685
129 194690
129 194695
129 194697
129 194706
129 194711
129 194712
129 194721
129 194722
129 194731
129 194735
129 194737
129 194738
129 194739
129 194741
129 194747
129 194753
129 194754
129 194755
129 194760
129 194771
129 194774
129 194782
129 194794
129 194806
129 194807
129 194810
129 194813
129 194814
129 194823
129 194824
129 194825
129 194833
129 194836
129 194837
129 194840
129 194843
129 194856
129 194860
129 194862
129 194865
129 194869
129 194871
129 194875
129 194884
129 194894
129 194908
129 194910
129 194911
129 194914
129 194915
129 194921
129 194922
129 194926
129 194935
129 194937
129 194938
129 194946
129 194947
129 194956
129 194958
129 194960
129 194961
129 194964
129 194972
129 194984
129 194986
129 194992
129 194995
129 194998
129 195004
129 195005
129 195013
129 195025
129 195032
129 195033
129 195034
129 195045
129 195047
129 195048
129 195060
129 195061
129 195066
129 195068
129 195070
129 195071
129 195074
129 195076
129 195080
129 195081
129 195083
129 195084
129 195095
129 195108
129 195112
129 195120
129 195122
129 195125
129 195126
129 195128
129 195131
129 195136
129 195139
129 195144
129 195150
129 195154
129 195157
129 195158
129 195166
129 195167
129 195176
129 195179
129 195180
129 195182
129 195183
129 195191
129 195193
129 195197
129 195203
129 195206
129 195217
129 195226
129 195238
129 195239
129 195240
129 195241
129 195244
129 195245
129 195246
129 195247
129 195249
129 195253
129 195257
129 195259
129 195276
129 195278
129 195282
129 195286
129 195288
129 195295
129 195297
129 195298
129 195300
129 195303
129 195308
129 195325
129 195331
129 195341
129 195343
129 195347
129 195357
129 195358
129 195361
129 195363
129 195368
129 195369
129 195371
129 195372
129 195375
129 195376
129 195381
129 195391
129 195393
129 195398
129 195400
129 195402
129 195403
129 195404
129 195408
129 195409
129 195416
129 195418
129 195420
129 195428
129 195429
129 195433
129 195435
129 195438
129 195441
129 195442
129 195446
129 195449
129 195452
129 195453
129 195455
129 195459
129 195465
129 195466
129 195469
129 195471
129 195485
129 195491
129 195500
129 195504
129 195505
129 195515
129 195518
129 195520
129 195531
129 195532
129 195534
129 195538
129 195548
129 195560
129 195568
129 195577
129 195585
129 195587
129 195589
129 195590
129 195591
129 195592
129 195596
129 195597
129 195603
129 195607
129 195609
129 195614
129 195616
129 195619
129 195624
129 195628
129 195631
129 195635
129 195637
129 195638
129 195644
129 195646
129 195647
129 195648
129 195649
129 195652
129 195653
129 195656
129 195659
129 195665
129 195667
129 195670
129 195681
129 195683
129 195688
129 195690
129 195696
129 195699
129 195707
129 195713
129 195716
129 195717
129 195721
129 195722
129 195723
129 195727
129 195729
129 195732
129 195733
129 195739
129 195741
129 195747
129 195748
129 195758
129 195760
129 195761
129 195762
129 195764
129 195770
129 195773
129 195778
129 195781
129 195782
129 195783
129 195785
129 195788
129 195791
129 195793
129 195798
129 195799
129 195803
129 195804
129 195807
129 195808
129 195811
129 195814
129 195815
129 195817
129 195828
129 195833
129 195836
129 195840
129 195843
129 195844
129 195850
129 195851
129 195852
129 195862
129 195868
129 195870
129 195873
129 195877
129 195889
129 195891
129 195894
129 195897
129 195900
129 195901
129 195912
129 195917
129 195920
129 195922
129 195924
129 195930
129 195934
129 195935
129 195938
129 195939
129 195940
129 195944
129 195948
129 195949
129 195952
129 195957
129 195959
129 195962
129 195966
129 195971
129 195972
129 195974
129 195980
129 195983
129 195990
129 195991
129 195994
129 196003
129 196004
129 196007
129 196008
129 196012
129 196027
129 196033
129 196041
129 196046
129 196048
129 196062
129 196072
129 196074
129 196076
129 196079
129 196081
129 196088
129 196095
129 196101
129 196102
129 196103
129 196106
129 196110
129 196111
129 196114
129 196118
129 196119
129 196128
129 196139
129 196140
129 196142
129 196145
129 196153
129 196161
129 196168
129 196174
129 196176
129 196177
129 196187
129 196189
129 196190
129 196196
129 196199
129 196201
129 196209
129 196217
129 196222
129 196231
129 196237
129 196239
129 196243
129 196246
129 196249
129 196250
129 196252
129 196254
129 196256
129 196258
129 196262
129 196263
129 196268
129 196269
129 196284
129 196289
129 196294
129 196311
129 196312
129 196323
129 196325
129 196326
129 196331
129 196332
129 196333
129 196335
129 196343
129 196346
129 196347
129 196360
129 196361
129 196364
129 196365
129 196367
129 196375
129 196376
129 196377
129 196379
129 196389
129 196395
129 196401
129 196414
129 196415
129 196419
129 196424
129 196427
129 196428
129 196436
129 196440
129 196441
129 196447
129 196449
129 196459
129 196463
129 196465
129 196466
129 196467
129 196487
129 196488
129 196489
129 196494
129 196496
129 196498
129 196500
129 196503
129 196509
129 196525
129 196528
129 196534
129 196540
129 196543
129 196547
129 196560
129 196565
129 196572
129 196578
129 196580
129 196581
129 196582
129 196587
129 196588
129 196589
129 196595
129 196601
129 196602
129 196603
129 196605
129 196615
129 196616
129 196620
129 196621
129 196624
129 196628
129 196629
129 196630
129 196637
129 196641
129 196671
129 196673
129 196680
129 196682
129 196683
129 196684
129 196685
129 196686
129 196688
129 196690
129 196695
129 196698
129 196699
129 196703
129 196711
129 196724
129 196731
129 196737
129 196740
129 196745
129 196748
129 196749
129 196757
129 196763
129 196766
129 196768
129 196769
129 196770
129 196771
129 196777
129 196779
129 196785
129 196787
129 196790
129 196793
129 196794
129 196805
129 196816
129 196819
129 196821
129 196822
129 196829
129 196830
129 196835
129 196840
129 196842
129 196843
129 196852
129 196854
129 196858
129 196863
129 196865
129 196868
129 196871
129 196873
129 196877
129 196884
129 196890
129 196892
129 196897
129 196907
129 196914
129 196927
129 196928
129 196930
129 196942
129 196945
129 196949
129 196955
129 196960
129 196968
129 196976
129 196978
129 196979
129 196983
129 196985
129 196989
129 196991
129 196993
129 197004
129 197009
129 197016
129 197019
129 197021
129 197025
129 197026
129 197034
129 197037
129 197041
129 197046
129 197047
129 197048
129 197052
129 197055
129 197056
129 197068
129 197076
129 197082
129 197086
129 197094
129 197096
129 197099
129 197104
129 197109
129 197112
129 197113
129 197118
129 197123
129 197133
129 197139
129 197141
129 197145
129 197147
129 197160
129 197165
129 197167
129 197169
129 197170
129 197171
129 197177
129 197178
129 197183
129 197186
129 197198
129 197210
129 197211
129 197213
129 197232
129 197243
129 197253
129 197256
129 197258
129 197261
129 197263
129 197264
129 197272
129 197273
129 197283
129 197295
129 197298
129 197301
129 197304
129 197309
129 197311
129 197323
129 197327
129 197331
129 197332
129 197333
129 197338
129 197340
129 197344
129 197346
129 197348
129 197351
129 197354
129 197358
129 197366
129 197383
129 197390
129 197398
129 197399
129 197405
129 197406
129 197416
129 197417
129 197425
129 197428
129 197432
129 197433
129 197440
129 197448
129 197456
129 197457
129 197462
129 197463
129 197467
129 197468
129 197469
129 197478
129 197479
129 197483
129 197486
129 197496
129 197504
129 197511
129 197512
129 197518
129 197520
129 197521
129 197528
129 197530
129 197537
129 197548
129 197552
129 197566
129 197567
129 197569
129 197576
129 197578
129 197582
129 197595
129 197597
129 197615
129 197617
129 197621
129 197623
129 197624
129 197628
129 197631
129 197634
129 197635
129 197644
129 197647
129 197648
129 197658
129 197662
129 197664
129 197670
129 197678
129 197682
129 197687
129 197688
129 197691
129 197694
129 197706
129 197716
129 197719
129 197722
129 197729
129 197731
129 197732
129 197734
129 197748
129 197749
129 197753
129 197763
129 197767
129 197772
129 197778
129 197783
129 197790
129 197792
129 197822
129 197830
129 197832
129 197838
129 197842
129 197846
129 197851
129 197856
129 197872
129 197873
129 197879
129 197882
129 197883
129 197884
129 197887
129 197901
129 197906
129 197910
129 197913
129 197924
129 197926
129 197931
129 197941
129 197942
129 197945
129 197950
129 197963
129 197965
129 197977
129 197992
129 197999
129 198004
129 198006
129 198010
129 198012
129 198013
129 198016
129 198019
129 198023
129 198024
129 198026
129 198044
129 198057
129 198063
129 198069
129 198072
129 198080
129 198081
129 198084
129 198087
129 198088
129 198096
129 198097
129 198098
129 198102
129 198109
129 198112
129 198113
129 198117
129 198128
129 198132
129 198133
129 198136
129 198140
129 198159
129 198166
129 198167
129 198174
129 198176
129 198184
129 198185
129 198187
129 198194
129 198195
129 198200
129 198202
129 198203
129 198204
129 198205
129 198206
129 198207
129 198209
129 198219
129 198220
129 198221
129 198225
129 198232
129 198233
129 198236
129 198238
129 198239
129 198240
129 198243
129 198248
129 198253
129 198257
129 198258
129 198265
129 198266
129 198273
129 198278
129 198284
129 198303
129 198304
129 198305
129 198308
129 198310
129 198312
129 198325
129 198328
129 198336
129 198340
129 198349
129 198351
129 198356
129 198359
129 198361
129 198365
129 198366
129 198367
129 198373
129 198379
129 198381
129 198384
129 198390
129 198391
129 198412
129 198417
129 198418
129 198422
129 198423
129 198425
129 198426
129 198427
129 198429
129 198433
129 198437
129 198448
129 198450
129 198452
129 198455
129 198457
129 198461
129 198462
129 198464
129 198466
129 198471
129 198474
129 198475
129 198476
129 198482
129 198484
129 198485
129 198486
129 198487
129 198488
129 198489
129 198495
129 198500
129 198512
129 198525
129 198534
129 198538
129 198541
129 198545
129 198559
129 198564
129 198570
129 198577
129 198582
129 198585
129 198588
129 198601
129 198606
129 198611
129 198615
129 198625
129 198628
129 198635
129 198638
129 198641
129 198645
129 198651
129 198652
129 198659
129 198661
129 198663
129 198670
129 198674
129 198675
129 198676
129 198684
129 198687
129 198691
129 198702
129 198705
129 198708
129 198720
129 198722
129 198726
129 198728
129 198731
129 198733
129 198735
129 198742
129 198743
129 198747
129 198749
129 198750
129 198759
129 198762
129 198768
129 198770
129 198771
129 198778
129 198781
129 198791
129 198793
129 198794
129 198796
129 198798
129 198800
129 198804
129 198809
129 198816
129 198819
129 198822
129 198823
129 198826
129 198833
129 198838
129 198839
129 198846
129 198848
129 198852
129 198857
129 198864
129 198865
129 198866
129 198867
129 198872
129 198878
129 198881
129 198882
129 198886
129 198889
129 198899
129 198908
129 198915
129 198921
129 198922
129 198928
129 198931
129 198933
129 198940
129 198946
129 198949
129 198950
129 198954
129 198957
129 198959
129 198965
129 198974
129 198979
129 198980
129 198982
129 198984
129 198986
129 198990
129 198999
129 199002
129 199008
129 199009
129 199015
129 199017
129 199022
129 199033
129 199044
129 199045
129 199048
129 199049
129 199053
129 199059
129 199063
129 199070
129 199076
129 199084
129 199086
129 199089
129 199094
129 199095
129 199100
129 199103
129 199106
129 199112
129 199114
129 199120
129 199122
129 199123
129 199128
129 199153
129 199154
129 199159
129 199164
129 199168
129 199175
129 199177
129 199183
129 199185
129 199187
129 199193
129 199198
129 199201
129 199208
129 199212
129 199216
129 199232
129 199235
129 199243
129 199249
129 199257
129 199261
129 199262
129 199266
129 199267
129 199269
129 199288
129 199292
129 199297
129 199299
129 199302
129 199303
129 199316
129 199334
129 199337
129 199352
129 199353
129 199355
129 199368
129 199372
129 199377
129 199389
129 199393
129 199395
129 199396
129 199399
129 199400
129 199402
129 199403
129 199408
129 199412
129 199417
129 199423
129 199424
129 199430
129 199436
129 199456
129 199464
129 199475
129 199478
129 199481
129 199482
129 199484
129 199486
129 199487
129 199490
129 199494
129 199497
129 199498
129 199500
129 199502
129 199511
129 199517
129 199520
129 199527
129 199528
129 199531
129 199536
129 199538
129 199540
129 199544
129 199550
129 199556
129 199559
129 199560
129 199562
129 199576
129 199578
129 199589
129 199593
129 199596
129 199598
129 199599
129 199600
129 199604
129 199616
129 199624
129 199633
129 199643
129 199645
129 199650
129 199651
129 199654
129 199658
129 199661
129 199678
129 199683
129 199689
129 199692
129 199694
129 199698
129 199706
129 199710
129 199714
129 199715
129 199718
129 199727
129 199738
129 199750
129 199756
129 199761
129 199763
129 199765
129 199767
129 199768
129 199770
129 199789
129 199790
129 199793
129 199794
129 199800
129 199806
129 199807
129 199817
129 199821
129 199825
129 199839
129 199850
129 199853
129 199864
129 199868
129 199869
129 199870
129 199876
129 199880
129 199882
129 199887
129 199895
129 199896
129 199897
129 199900
129 199913
129 199915
129 199917
129 199924
129 199929
129 199937
129 199941
129 199945
129 199951
129 199952
129 199953
129 199955
129 199959
129 199962
129 199978
129 199982
129 199985
129 199995
129 200001
129 200015
129 200020
129 200024
129 200027
129 200029
